timestamp,temperature_C
2026-09-01 12:00:00,67.52
2026-09-01 12:00:01,67.43
2026-09-01 12:00:02,68.06
2026-09-01 12:00:03,68.11
2026-09-01 12:00:04,68.7
2026-09-01 12:00:05,67.97
2026-09-01 12:00:06,68.09
2026-09-01 12:00:07,67.67
2026-09-01 12:00:08,67.91
2026-09-01 12:00:09,67.87
2026-09-01 12:00:10,67.96
2026-09-01 12:00:11,67.86
2026-09-01 12:00:12,67.74
2026-09-01 12:00:13,68.56
2026-09-01 12:00:14,67.71
2026-09-01 12:00:15,67.47
2026-09-01 12:00:16,68.02
2026-09-01 12:00:17,68.71
2026-09-01 12:00:18,68.06
2026-09-01 12:00:19,68.51
2026-09-01 12:00:20,67.74
2026-09-01 12:00:21,68.23
2026-09-01 12:00:22,68.43
2026-09-01 12:00:23,67.56
2026-09-01 12:00:24,67.68
2026-09-01 12:00:25,67.49
2026-09-01 12:00:26,67.59
2026-09-01 12:00:27,68.2
2026-09-01 12:00:28,67.86
2026-09-01 12:00:29,67.84
2026-09-01 12:00:30,68.29
2026-09-01 12:00:31,67.73
2026-09-01 12:00:32,68.66
2026-09-01 12:00:33,67.47
2026-09-01 12:00:34,67.53
2026-09-01 12:00:35,68.33
2026-09-01 12:00:36,68.38
2026-09-01 12:00:37,67.83
2026-09-01 12:00:38,68.52
2026-09-01 12:00:39,68.32
2026-09-01 12:00:40,68.48
2026-09-01 12:00:41,68.45
2026-09-01 12:00:42,67.88
2026-09-01 12:00:43,68.06
2026-09-01 12:00:44,68.03
2026-09-01 12:00:45,68.57
2026-09-01 12:00:46,68.29
2026-09-01 12:00:47,68.17
2026-09-01 12:00:48,67.93
2026-09-01 12:00:49,67.84
2026-09-01 12:00:50,67.84
2026-09-01 12:00:51,68.34
2026-09-01 12:00:52,67.84
2026-09-01 12:00:53,67.57
2026-09-01 12:00:54,68.61
2026-09-01 12:00:55,67.91
2026-09-01 12:00:56,68.28
2026-09-01 12:00:57,67.96
2026-09-01 12:00:58,67.97
2026-09-01 12:00:59,68.07
2026-09-01 12:01:00,68.3
2026-09-01 12:01:01,68.26
2026-09-01 12:01:02,68.15
2026-09-01 12:01:03,67.83
2026-09-01 12:01:04,67.87
2026-09-01 12:01:05,67.64
2026-09-01 12:01:06,68.11
2026-09-01 12:01:07,68.12
2026-09-01 12:01:08,67.83
2026-09-01 12:01:09,68.07
2026-09-01 12:01:10,68.33
2026-09-01 12:01:11,67.9
2026-09-01 12:01:12,67.91
2026-09-01 12:01:13,67.99
2026-09-01 12:01:14,67.98
2026-09-01 12:01:15,68.09
2026-09-01 12:01:16,67.99
2026-09-01 12:01:17,68.11
2026-09-01 12:01:18,67.84
2026-09-01 12:01:19,67.64
2026-09-01 12:01:20,67.89
2026-09-01 12:01:21,67.83
2026-09-01 12:01:22,68.16
2026-09-01 12:01:23,68.22
2026-09-01 12:01:24,68.05
2026-09-01 12:01:25,68.07
2026-09-01 12:01:26,67.9
2026-09-01 12:01:27,68.32
2026-09-01 12:01:28,68.53
2026-09-01 12:01:29,67.82
2026-09-01 12:01:30,67.97
2026-09-01 12:01:31,67.75
2026-09-01 12:01:32,67.57
2026-09-01 12:01:33,67.49
2026-09-01 12:01:34,68.28
2026-09-01 12:01:35,67.61
2026-09-01 12:01:36,67.84
2026-09-01 12:01:37,67.55
2026-09-01 12:01:38,68.34
2026-09-01 12:01:39,68.18
2026-09-01 12:01:40,68.26
2026-09-01 12:01:41,67.74
2026-09-01 12:01:42,67.63
2026-09-01 12:01:43,67.56
2026-09-01 12:01:44,67.99
2026-09-01 12:01:45,67.82
2026-09-01 12:01:46,68.13
2026-09-01 12:01:47,67.66
2026-09-01 12:01:48,68.19
2026-09-01 12:01:49,67.89
2026-09-01 12:01:50,67.92
2026-09-01 12:01:51,68.3
2026-09-01 12:01:52,68.04
2026-09-01 12:01:53,67.83
2026-09-01 12:01:54,67.92
2026-09-01 12:01:55,67.65
2026-09-01 12:01:56,67.86
2026-09-01 12:01:57,68.43
2026-09-01 12:01:58,67.96
2026-09-01 12:01:59,68.21
2026-09-01 12:02:00,68.37
2026-09-01 12:02:01,67.89
2026-09-01 12:02:02,67.86
2026-09-01 12:02:03,67.5
2026-09-01 12:02:04,68.22
2026-09-01 12:02:05,68.12
2026-09-01 12:02:06,67.35
2026-09-01 12:02:07,67.72
2026-09-01 12:02:08,68.28
2026-09-01 12:02:09,68.39
2026-09-01 12:02:10,67.31
2026-09-01 12:02:11,68.24
2026-09-01 12:02:12,67.65
2026-09-01 12:02:13,68.02
2026-09-01 12:02:14,68.72
2026-09-01 12:02:15,68.21
2026-09-01 12:02:16,67.51
2026-09-01 12:02:17,67.26
2026-09-01 12:02:18,68.21
2026-09-01 12:02:19,68.67
2026-09-01 12:02:20,68.25
2026-09-01 12:02:21,67.64
2026-09-01 12:02:22,67.78
2026-09-01 12:02:23,67.84
2026-09-01 12:02:24,67.72
2026-09-01 12:02:25,68.37
2026-09-01 12:02:26,67.48
2026-09-01 12:02:27,67.96
2026-09-01 12:02:28,67.6
2026-09-01 12:02:29,68.12
2026-09-01 12:02:30,68.29
2026-09-01 12:02:31,67.34
2026-09-01 12:02:32,68.38
2026-09-01 12:02:33,67.83
2026-09-01 12:02:34,67.53
2026-09-01 12:02:35,67.75
2026-09-01 12:02:36,67.8
2026-09-01 12:02:37,68.11
2026-09-01 12:02:38,67.93
2026-09-01 12:02:39,68.56
2026-09-01 12:02:40,68.3
2026-09-01 12:02:41,68.2
2026-09-01 12:02:42,67.52
2026-09-01 12:02:43,68.14
2026-09-01 12:02:44,68.02
2026-09-01 12:02:45,68.29
2026-09-01 12:02:46,68.0
2026-09-01 12:02:47,67.95
2026-09-01 12:02:48,67.69
2026-09-01 12:02:49,68.23
2026-09-01 12:02:50,67.99
2026-09-01 12:02:51,68.46
2026-09-01 12:02:52,67.76
2026-09-01 12:02:53,67.6
2026-09-01 12:02:54,67.5
2026-09-01 12:02:55,67.77
2026-09-01 12:02:56,67.99
2026-09-01 12:02:57,68.04
2026-09-01 12:02:58,67.8
2026-09-01 12:02:59,67.97
2026-09-01 12:03:00,67.96
2026-09-01 12:03:01,67.88
2026-09-01 12:03:02,67.55
2026-09-01 12:03:03,67.92
2026-09-01 12:03:04,68.06
2026-09-01 12:03:05,67.82
2026-09-01 12:03:06,68.1
2026-09-01 12:03:07,67.26
2026-09-01 12:03:08,67.96
2026-09-01 12:03:09,68.1
2026-09-01 12:03:10,68.21
2026-09-01 12:03:11,67.65
2026-09-01 12:03:12,67.92
2026-09-01 12:03:13,68.08
2026-09-01 12:03:14,68.16
2026-09-01 12:03:15,67.53
2026-09-01 12:03:16,68.02
2026-09-01 12:03:17,67.79
2026-09-01 12:03:18,67.86
2026-09-01 12:03:19,68.23
2026-09-01 12:03:20,68.05
2026-09-01 12:03:21,68.3
2026-09-01 12:03:22,68.15
2026-09-01 12:03:23,68.48
2026-09-01 12:03:24,67.91
2026-09-01 12:03:25,67.91
2026-09-01 12:03:26,67.64
2026-09-01 12:03:27,67.93
2026-09-01 12:03:28,68.01
2026-09-01 12:03:29,67.79
2026-09-01 12:03:30,67.8
2026-09-01 12:03:31,66.96
2026-09-01 12:03:32,67.97
2026-09-01 12:03:33,68.04
2026-09-01 12:03:34,68.36
2026-09-01 12:03:35,68.01
2026-09-01 12:03:36,68.09
2026-09-01 12:03:37,67.47
2026-09-01 12:03:38,67.9
2026-09-01 12:03:39,68.55
2026-09-01 12:03:40,68.07
2026-09-01 12:03:41,68.15
2026-09-01 12:03:42,68.12
2026-09-01 12:03:43,68.21
2026-09-01 12:03:44,68.08
2026-09-01 12:03:45,68.68
2026-09-01 12:03:46,67.84
2026-09-01 12:03:47,68.59
2026-09-01 12:03:48,67.6
2026-09-01 12:03:49,68.33
2026-09-01 12:03:50,67.15
2026-09-01 12:03:51,67.72
2026-09-01 12:03:52,67.79
2026-09-01 12:03:53,68.26
2026-09-01 12:03:54,68.02
2026-09-01 12:03:55,67.76
2026-09-01 12:03:56,68.62
2026-09-01 12:03:57,67.75
2026-09-01 12:03:58,67.55
2026-09-01 12:03:59,67.69
2026-09-01 12:04:00,68.03
2026-09-01 12:04:01,67.48
2026-09-01 12:04:02,68.2
2026-09-01 12:04:03,68.58
2026-09-01 12:04:04,67.65
2026-09-01 12:04:05,68.31
2026-09-01 12:04:06,67.92
2026-09-01 12:04:07,67.42
2026-09-01 12:04:08,68.09
2026-09-01 12:04:09,67.66
2026-09-01 12:04:10,68.16
2026-09-01 12:04:11,68.25
2026-09-01 12:04:12,67.68
2026-09-01 12:04:13,68.49
2026-09-01 12:04:14,67.81
2026-09-01 12:04:15,67.85
2026-09-01 12:04:16,68.45
2026-09-01 12:04:17,67.9
2026-09-01 12:04:18,68.69
2026-09-01 12:04:19,67.2
2026-09-01 12:04:20,68.06
2026-09-01 12:04:21,67.93
2026-09-01 12:04:22,68.37
2026-09-01 12:04:23,68.2
2026-09-01 12:04:24,67.2
2026-09-01 12:04:25,68.12
2026-09-01 12:04:26,68.0
2026-09-01 12:04:27,68.13
2026-09-01 12:04:28,67.72
2026-09-01 12:04:29,68.04
2026-09-01 12:04:30,67.65
2026-09-01 12:04:31,67.91
2026-09-01 12:04:32,68.46
2026-09-01 12:04:33,67.87
2026-09-01 12:04:34,67.99
2026-09-01 12:04:35,68.14
2026-09-01 12:04:36,68.12
2026-09-01 12:04:37,67.84
2026-09-01 12:04:38,67.94
2026-09-01 12:04:39,67.54
2026-09-01 12:04:40,67.95
2026-09-01 12:04:41,68.19
2026-09-01 12:04:42,67.91
2026-09-01 12:04:43,68.01
2026-09-01 12:04:44,67.89
2026-09-01 12:04:45,68.46
2026-09-01 12:04:46,67.48
2026-09-01 12:04:47,67.94
2026-09-01 12:04:48,68.29
2026-09-01 12:04:49,67.73
2026-09-01 12:04:50,68.02
2026-09-01 12:04:51,68.38
2026-09-01 12:04:52,68.75
2026-09-01 12:04:53,67.94
2026-09-01 12:04:54,67.66
2026-09-01 12:04:55,68.33
2026-09-01 12:04:56,68.0
2026-09-01 12:04:57,67.64
2026-09-01 12:04:58,68.13
2026-09-01 12:04:59,67.66
2026-09-01 12:05:00,67.81
2026-09-01 12:05:01,68.42
2026-09-01 12:05:02,67.77
2026-09-01 12:05:03,67.6
2026-09-01 12:05:04,68.23
2026-09-01 12:05:05,67.92
2026-09-01 12:05:06,68.2
2026-09-01 12:05:07,68.04
2026-09-01 12:05:08,68.15
2026-09-01 12:05:09,67.8
2026-09-01 12:05:10,67.36
2026-09-01 12:05:11,67.88
2026-09-01 12:05:12,67.69
2026-09-01 12:05:13,68.31
2026-09-01 12:05:14,68.26
2026-09-01 12:05:15,68.05
2026-09-01 12:05:16,67.73
2026-09-01 12:05:17,68.07
2026-09-01 12:05:18,67.63
2026-09-01 12:05:19,67.98
2026-09-01 12:05:20,68.03
2026-09-01 12:05:21,67.88
2026-09-01 12:05:22,68.34
2026-09-01 12:05:23,67.97
2026-09-01 12:05:24,68.28
2026-09-01 12:05:25,67.57
2026-09-01 12:05:26,68.01
2026-09-01 12:05:27,67.59
2026-09-01 12:05:28,68.18
2026-09-01 12:05:29,68.54
2026-09-01 12:05:30,67.82
2026-09-01 12:05:31,67.85
2026-09-01 12:05:32,68.08
2026-09-01 12:05:33,68.31
2026-09-01 12:05:34,67.68
2026-09-01 12:05:35,68.05
2026-09-01 12:05:36,68.47
2026-09-01 12:05:37,68.07
2026-09-01 12:05:38,68.03
2026-09-01 12:05:39,67.47
2026-09-01 12:05:40,67.84
2026-09-01 12:05:41,68.45
2026-09-01 12:05:42,68.45
2026-09-01 12:05:43,67.77
2026-09-01 12:05:44,68.36
2026-09-01 12:05:45,67.63
2026-09-01 12:05:46,67.87
2026-09-01 12:05:47,68.03
2026-09-01 12:05:48,67.68
2026-09-01 12:05:49,68.1
2026-09-01 12:05:50,67.93
2026-09-01 12:05:51,68.14
2026-09-01 12:05:52,67.95
2026-09-01 12:05:53,68.2
2026-09-01 12:05:54,67.91
2026-09-01 12:05:55,67.84
2026-09-01 12:05:56,67.65
2026-09-01 12:05:57,67.78
2026-09-01 12:05:58,67.74
2026-09-01 12:05:59,68.78
2026-09-01 12:06:00,68.2
2026-09-01 12:06:01,68.57
2026-09-01 12:06:02,67.96
2026-09-01 12:06:03,67.2
2026-09-01 12:06:04,67.56
2026-09-01 12:06:05,68.03
2026-09-01 12:06:06,67.54
2026-09-01 12:06:07,68.19
2026-09-01 12:06:08,68.26
2026-09-01 12:06:09,68.09
2026-09-01 12:06:10,68.26
2026-09-01 12:06:11,67.8
2026-09-01 12:06:12,67.8
2026-09-01 12:06:13,67.77
2026-09-01 12:06:14,67.8
2026-09-01 12:06:15,68.06
2026-09-01 12:06:16,67.86
2026-09-01 12:06:17,68.04
2026-09-01 12:06:18,67.82
2026-09-01 12:06:19,67.59
2026-09-01 12:06:20,68.51
2026-09-01 12:06:21,68.01
2026-09-01 12:06:22,67.85
2026-09-01 12:06:23,67.92
2026-09-01 12:06:24,67.65
2026-09-01 12:06:25,67.87
2026-09-01 12:06:26,67.85
2026-09-01 12:06:27,68.36
2026-09-01 12:06:28,68.4
2026-09-01 12:06:29,68.47
2026-09-01 12:06:30,68.11
2026-09-01 12:06:31,67.62
2026-09-01 12:06:32,67.78
2026-09-01 12:06:33,68.01
2026-09-01 12:06:34,67.76
2026-09-01 12:06:35,68.4
2026-09-01 12:06:36,68.02
2026-09-01 12:06:37,68.01
2026-09-01 12:06:38,67.41
2026-09-01 12:06:39,68.02
2026-09-01 12:06:40,67.79
2026-09-01 12:06:41,67.76
2026-09-01 12:06:42,68.15
2026-09-01 12:06:43,67.83
2026-09-01 12:06:44,68.59
2026-09-01 12:06:45,68.34
2026-09-01 12:06:46,67.66
2026-09-01 12:06:47,67.74
2026-09-01 12:06:48,68.19
2026-09-01 12:06:49,67.27
2026-09-01 12:06:50,67.82
2026-09-01 12:06:51,67.7
2026-09-01 12:06:52,68.08
2026-09-01 12:06:53,68.31
2026-09-01 12:06:54,67.91
2026-09-01 12:06:55,68.14
2026-09-01 12:06:56,68.1
2026-09-01 12:06:57,67.8
2026-09-01 12:06:58,68.43
2026-09-01 12:06:59,68.04
2026-09-01 12:07:00,67.75
2026-09-01 12:07:01,67.82
2026-09-01 12:07:02,68.76
2026-09-01 12:07:03,68.1
2026-09-01 12:07:04,68.33
2026-09-01 12:07:05,68.12
2026-09-01 12:07:06,67.67
2026-09-01 12:07:07,67.92
2026-09-01 12:07:08,67.5
2026-09-01 12:07:09,68.04
2026-09-01 12:07:10,68.01
2026-09-01 12:07:11,67.65
2026-09-01 12:07:12,67.65
2026-09-01 12:07:13,68.12
2026-09-01 12:07:14,68.04
2026-09-01 12:07:15,67.8
2026-09-01 12:07:16,67.63
2026-09-01 12:07:17,67.7
2026-09-01 12:07:18,68.26
2026-09-01 12:07:19,67.77
2026-09-01 12:07:20,67.71
2026-09-01 12:07:21,68.08
2026-09-01 12:07:22,68.24
2026-09-01 12:07:23,68.08
2026-09-01 12:07:24,68.29
2026-09-01 12:07:25,67.63
2026-09-01 12:07:26,68.18
2026-09-01 12:07:27,68.13
2026-09-01 12:07:28,68.32
2026-09-01 12:07:29,67.84
2026-09-01 12:07:30,67.87
2026-09-01 12:07:31,68.06
2026-09-01 12:07:32,67.57
2026-09-01 12:07:33,67.73
2026-09-01 12:07:34,67.86
2026-09-01 12:07:35,67.76
2026-09-01 12:07:36,68.28
2026-09-01 12:07:37,68.77
2026-09-01 12:07:38,67.99
2026-09-01 12:07:39,68.1
2026-09-01 12:07:40,68.28
2026-09-01 12:07:41,68.26
2026-09-01 12:07:42,67.53
2026-09-01 12:07:43,67.97
2026-09-01 12:07:44,67.94
2026-09-01 12:07:45,68.63
2026-09-01 12:07:46,67.97
2026-09-01 12:07:47,68.26
2026-09-01 12:07:48,68.21
2026-09-01 12:07:49,67.94
2026-09-01 12:07:50,67.71
2026-09-01 12:07:51,68.09
2026-09-01 12:07:52,68.16
2026-09-01 12:07:53,68.22
2026-09-01 12:07:54,68.19
2026-09-01 12:07:55,68.14
2026-09-01 12:07:56,67.99
2026-09-01 12:07:57,67.81
2026-09-01 12:07:58,68.51
2026-09-01 12:07:59,68.33
2026-09-01 12:08:00,68.17
2026-09-01 12:08:01,68.3
2026-09-01 12:08:02,67.71
2026-09-01 12:08:03,68.31
2026-09-01 12:08:04,68.35
2026-09-01 12:08:05,68.02
2026-09-01 12:08:06,68.33
2026-09-01 12:08:07,67.81
2026-09-01 12:08:08,68.38
2026-09-01 12:08:09,68.12
2026-09-01 12:08:10,68.1
2026-09-01 12:08:11,67.71
2026-09-01 12:08:12,67.8
2026-09-01 12:08:13,68.56
2026-09-01 12:08:14,67.66
2026-09-01 12:08:15,68.16
2026-09-01 12:08:16,68.66
2026-09-01 12:08:17,67.53
2026-09-01 12:08:18,68.12
2026-09-01 12:08:19,67.93
2026-09-01 12:08:20,67.29
2026-09-01 12:08:21,68.01
2026-09-01 12:08:22,68.54
2026-09-01 12:08:23,68.03
2026-09-01 12:08:24,67.72
2026-09-01 12:08:25,67.72
2026-09-01 12:08:26,67.73
2026-09-01 12:08:27,67.99
2026-09-01 12:08:28,68.47
2026-09-01 12:08:29,68.21
2026-09-01 12:08:30,67.51
2026-09-01 12:08:31,67.81
2026-09-01 12:08:32,68.28
2026-09-01 12:08:33,67.74
2026-09-01 12:08:34,68.36
2026-09-01 12:08:35,67.59
2026-09-01 12:08:36,67.9
2026-09-01 12:08:37,67.77
2026-09-01 12:08:38,68.43
2026-09-01 12:08:39,68.47
2026-09-01 12:08:40,68.15
2026-09-01 12:08:41,67.95
2026-09-01 12:08:42,67.88
2026-09-01 12:08:43,68.0
2026-09-01 12:08:44,68.14
2026-09-01 12:08:45,68.13
2026-09-01 12:08:46,67.82
2026-09-01 12:08:47,67.85
2026-09-01 12:08:48,67.89
2026-09-01 12:08:49,67.97
2026-09-01 12:08:50,68.23
2026-09-01 12:08:51,67.84
2026-09-01 12:08:52,68.01
2026-09-01 12:08:53,67.48
2026-09-01 12:08:54,67.82
2026-09-01 12:08:55,68.52
2026-09-01 12:08:56,68.26
2026-09-01 12:08:57,67.71
2026-09-01 12:08:58,68.36
2026-09-01 12:08:59,67.57
2026-09-01 12:09:00,68.1
2026-09-01 12:09:01,67.62
2026-09-01 12:09:02,67.96
2026-09-01 12:09:03,68.3
2026-09-01 12:09:04,68.15
2026-09-01 12:09:05,68.11
2026-09-01 12:09:06,68.14
2026-09-01 12:09:07,67.8
2026-09-01 12:09:08,67.84
2026-09-01 12:09:09,68.15
2026-09-01 12:09:10,68.49
2026-09-01 12:09:11,67.93
2026-09-01 12:09:12,67.87
2026-09-01 12:09:13,68.11
2026-09-01 12:09:14,68.4
2026-09-01 12:09:15,68.48
2026-09-01 12:09:16,67.95
2026-09-01 12:09:17,68.29
2026-09-01 12:09:18,67.87
2026-09-01 12:09:19,67.91
2026-09-01 12:09:20,67.92
2026-09-01 12:09:21,68.36
2026-09-01 12:09:22,68.2
2026-09-01 12:09:23,68.66
2026-09-01 12:09:24,68.07
2026-09-01 12:09:25,67.64
2026-09-01 12:09:26,68.14
2026-09-01 12:09:27,68.15
2026-09-01 12:09:28,67.75
2026-09-01 12:09:29,67.99
2026-09-01 12:09:30,67.76
2026-09-01 12:09:31,68.22
2026-09-01 12:09:32,67.45
2026-09-01 12:09:33,67.72
2026-09-01 12:09:34,67.88
2026-09-01 12:09:35,68.37
2026-09-01 12:09:36,68.01
2026-09-01 12:09:37,67.98
2026-09-01 12:09:38,68.46
2026-09-01 12:09:39,67.72
2026-09-01 12:09:40,67.95
2026-09-01 12:09:41,67.9
2026-09-01 12:09:42,68.06
2026-09-01 12:09:43,68.02
2026-09-01 12:09:44,67.56
2026-09-01 12:09:45,68.24
2026-09-01 12:09:46,68.13
2026-09-01 12:09:47,68.22
2026-09-01 12:09:48,68.44
2026-09-01 12:09:49,67.89
2026-09-01 12:09:50,67.71
2026-09-01 12:09:51,67.71
2026-09-01 12:09:52,68.33
2026-09-01 12:09:53,68.27
2026-09-01 12:09:54,67.71
2026-09-01 12:09:55,67.8
2026-09-01 12:09:56,68.44
2026-09-01 12:09:57,68.47
2026-09-01 12:09:58,68.54
2026-09-01 12:09:59,68.32
2026-09-01 12:10:00,68.6
2026-09-01 12:10:01,68.3
2026-09-01 12:10:02,68.27
2026-09-01 12:10:03,68.3
2026-09-01 12:10:04,68.09
2026-09-01 12:10:05,68.39
2026-09-01 12:10:06,68.14
2026-09-01 12:10:07,67.87
2026-09-01 12:10:08,68.01
2026-09-01 12:10:09,67.92
2026-09-01 12:10:10,67.84
2026-09-01 12:10:11,67.71
2026-09-01 12:10:12,68.21
2026-09-01 12:10:13,67.71
2026-09-01 12:10:14,67.6
2026-09-01 12:10:15,68.4
2026-09-01 12:10:16,67.91
2026-09-01 12:10:17,67.59
2026-09-01 12:10:18,67.55
2026-09-01 12:10:19,68.02
2026-09-01 12:10:20,67.67
2026-09-01 12:10:21,67.99
2026-09-01 12:10:22,68.09
2026-09-01 12:10:23,68.13
2026-09-01 12:10:24,68.07
2026-09-01 12:10:25,68.18
2026-09-01 12:10:26,68.19
2026-09-01 12:10:27,67.9
2026-09-01 12:10:28,67.89
2026-09-01 12:10:29,67.47
2026-09-01 12:10:30,68.2
2026-09-01 12:10:31,67.69
2026-09-01 12:10:32,67.74
2026-09-01 12:10:33,67.74
2026-09-01 12:10:34,68.19
2026-09-01 12:10:35,67.93
2026-09-01 12:10:36,68.17
2026-09-01 12:10:37,67.9
2026-09-01 12:10:38,67.58
2026-09-01 12:10:39,68.32
2026-09-01 12:10:40,68.02
2026-09-01 12:10:41,67.88
2026-09-01 12:10:42,68.39
2026-09-01 12:10:43,67.89
2026-09-01 12:10:44,67.75
2026-09-01 12:10:45,67.99
2026-09-01 12:10:46,67.32
2026-09-01 12:10:47,67.94
2026-09-01 12:10:48,68.04
2026-09-01 12:10:49,68.5
2026-09-01 12:10:50,67.9
2026-09-01 12:10:51,67.57
2026-09-01 12:10:52,68.8
2026-09-01 12:10:53,68.09
2026-09-01 12:10:54,67.8
2026-09-01 12:10:55,67.68
2026-09-01 12:10:56,67.84
2026-09-01 12:10:57,68.4
2026-09-01 12:10:58,67.8
2026-09-01 12:10:59,68.12
2026-09-01 12:11:00,68.19
2026-09-01 12:11:01,67.9
2026-09-01 12:11:02,67.55
2026-09-01 12:11:03,68.12
2026-09-01 12:11:04,67.61
2026-09-01 12:11:05,67.97
2026-09-01 12:11:06,68.56
2026-09-01 12:11:07,67.65
2026-09-01 12:11:08,67.98
2026-09-01 12:11:09,67.8
2026-09-01 12:11:10,67.47
2026-09-01 12:11:11,67.87
2026-09-01 12:11:12,68.38
2026-09-01 12:11:13,68.3
2026-09-01 12:11:14,67.89
2026-09-01 12:11:15,68.2
2026-09-01 12:11:16,67.67
2026-09-01 12:11:17,68.14
2026-09-01 12:11:18,68.37
2026-09-01 12:11:19,68.11
2026-09-01 12:11:20,68.53
2026-09-01 12:11:21,68.05
2026-09-01 12:11:22,67.44
2026-09-01 12:11:23,67.69
2026-09-01 12:11:24,67.56
2026-09-01 12:11:25,68.04
2026-09-01 12:11:26,68.42
2026-09-01 12:11:27,67.87
2026-09-01 12:11:28,68.69
2026-09-01 12:11:29,68.25
2026-09-01 12:11:30,67.63
2026-09-01 12:11:31,68.02
2026-09-01 12:11:32,68.12
2026-09-01 12:11:33,67.63
2026-09-01 12:11:34,68.02
2026-09-01 12:11:35,68.22
2026-09-01 12:11:36,67.86
2026-09-01 12:11:37,67.74
2026-09-01 12:11:38,67.7
2026-09-01 12:11:39,67.87
2026-09-01 12:11:40,68.11
2026-09-01 12:11:41,67.69
2026-09-01 12:11:42,68.5
2026-09-01 12:11:43,67.76
2026-09-01 12:11:44,68.2
2026-09-01 12:11:45,68.79
2026-09-01 12:11:46,68.22
2026-09-01 12:11:47,68.18
2026-09-01 12:11:48,67.72
2026-09-01 12:11:49,67.92
2026-09-01 12:11:50,67.79
2026-09-01 12:11:51,67.91
2026-09-01 12:11:52,67.76
2026-09-01 12:11:53,67.88
2026-09-01 12:11:54,68.73
2026-09-01 12:11:55,67.96
2026-09-01 12:11:56,67.6
2026-09-01 12:11:57,68.14
2026-09-01 12:11:58,68.39
2026-09-01 12:11:59,68.5
2026-09-01 12:12:00,67.87
2026-09-01 12:12:01,67.9
2026-09-01 12:12:02,68.3
2026-09-01 12:12:03,67.92
2026-09-01 12:12:04,67.94
2026-09-01 12:12:05,67.96
2026-09-01 12:12:06,68.21
2026-09-01 12:12:07,68.24
2026-09-01 12:12:08,68.05
2026-09-01 12:12:09,68.14
2026-09-01 12:12:10,67.67
2026-09-01 12:12:11,68.05
2026-09-01 12:12:12,68.22
2026-09-01 12:12:13,68.1
2026-09-01 12:12:14,68.35
2026-09-01 12:12:15,68.1
2026-09-01 12:12:16,67.93
2026-09-01 12:12:17,68.37
2026-09-01 12:12:18,67.56
2026-09-01 12:12:19,67.85
2026-09-01 12:12:20,68.43
2026-09-01 12:12:21,67.79
2026-09-01 12:12:22,68.11
2026-09-01 12:12:23,68.0
2026-09-01 12:12:24,68.23
2026-09-01 12:12:25,68.41
2026-09-01 12:12:26,67.48
2026-09-01 12:12:27,67.82
2026-09-01 12:12:28,67.8
2026-09-01 12:12:29,67.75
2026-09-01 12:12:30,67.85
2026-09-01 12:12:31,67.9
2026-09-01 12:12:32,67.79
2026-09-01 12:12:33,68.55
2026-09-01 12:12:34,67.62
2026-09-01 12:12:35,68.2
2026-09-01 12:12:36,68.0
2026-09-01 12:12:37,67.54
2026-09-01 12:12:38,67.8
2026-09-01 12:12:39,68.16
2026-09-01 12:12:40,67.84
2026-09-01 12:12:41,67.99
2026-09-01 12:12:42,67.59
2026-09-01 12:12:43,67.83
2026-09-01 12:12:44,67.81
2026-09-01 12:12:45,68.04
2026-09-01 12:12:46,68.06
2026-09-01 12:12:47,67.63
2026-09-01 12:12:48,67.32
2026-09-01 12:12:49,68.07
2026-09-01 12:12:50,68.01
2026-09-01 12:12:51,68.33
2026-09-01 12:12:52,67.98
2026-09-01 12:12:53,67.96
2026-09-01 12:12:54,68.03
2026-09-01 12:12:55,68.05
2026-09-01 12:12:56,68.27
2026-09-01 12:12:57,67.71
2026-09-01 12:12:58,67.58
2026-09-01 12:12:59,68.01
2026-09-01 12:13:00,67.65
2026-09-01 12:13:01,67.96
2026-09-01 12:13:02,68.1
2026-09-01 12:13:03,67.89
2026-09-01 12:13:04,67.89
2026-09-01 12:13:05,68.06
2026-09-01 12:13:06,67.66
2026-09-01 12:13:07,67.84
2026-09-01 12:13:08,68.03
2026-09-01 12:13:09,68.5
2026-09-01 12:13:10,68.16
2026-09-01 12:13:11,68.04
2026-09-01 12:13:12,67.74
2026-09-01 12:13:13,67.38
2026-09-01 12:13:14,68.08
2026-09-01 12:13:15,67.71
2026-09-01 12:13:16,68.33
2026-09-01 12:13:17,67.59
2026-09-01 12:13:18,67.87
2026-09-01 12:13:19,67.86
2026-09-01 12:13:20,68.16
2026-09-01 12:13:21,67.92
2026-09-01 12:13:22,68.06
2026-09-01 12:13:23,68.25
2026-09-01 12:13:24,67.99
2026-09-01 12:13:25,67.62
2026-09-01 12:13:26,68.17
2026-09-01 12:13:27,68.39
2026-09-01 12:13:28,68.5
2026-09-01 12:13:29,67.55
2026-09-01 12:13:30,68.06
2026-09-01 12:13:31,68.23
2026-09-01 12:13:32,68.33
2026-09-01 12:13:33,67.8
2026-09-01 12:13:34,67.63
2026-09-01 12:13:35,67.91
2026-09-01 12:13:36,67.93
2026-09-01 12:13:37,68.57
2026-09-01 12:13:38,67.72
2026-09-01 12:13:39,67.77
2026-09-01 12:13:40,68.57
2026-09-01 12:13:41,68.32
2026-09-01 12:13:42,67.98
2026-09-01 12:13:43,67.88
2026-09-01 12:13:44,67.83
2026-09-01 12:13:45,67.78
2026-09-01 12:13:46,68.09
2026-09-01 12:13:47,67.99
2026-09-01 12:13:48,67.98
2026-09-01 12:13:49,68.08
2026-09-01 12:13:50,68.76
2026-09-01 12:13:51,68.03
2026-09-01 12:13:52,68.29
2026-09-01 12:13:53,67.86
2026-09-01 12:13:54,68.07
2026-09-01 12:13:55,68.08
2026-09-01 12:13:56,68.09
2026-09-01 12:13:57,67.77
2026-09-01 12:13:58,68.24
2026-09-01 12:13:59,67.9
2026-09-01 12:14:00,68.67
2026-09-01 12:14:01,67.87
2026-09-01 12:14:02,68.06
2026-09-01 12:14:03,67.92
2026-09-01 12:14:04,67.89
2026-09-01 12:14:05,68.38
2026-09-01 12:14:06,68.1
2026-09-01 12:14:07,67.51
2026-09-01 12:14:08,68.19
2026-09-01 12:14:09,68.21
2026-09-01 12:14:10,67.52
2026-09-01 12:14:11,67.94
2026-09-01 12:14:12,67.58
2026-09-01 12:14:13,67.98
2026-09-01 12:14:14,67.98
2026-09-01 12:14:15,67.91
2026-09-01 12:14:16,68.24
2026-09-01 12:14:17,67.92
2026-09-01 12:14:18,67.99
2026-09-01 12:14:19,68.0
2026-09-01 12:14:20,68.01
2026-09-01 12:14:21,68.48
2026-09-01 12:14:22,67.94
2026-09-01 12:14:23,68.3
2026-09-01 12:14:24,68.0
2026-09-01 12:14:25,67.97
2026-09-01 12:14:26,68.06
2026-09-01 12:14:27,68.12
2026-09-01 12:14:28,68.49
2026-09-01 12:14:29,67.44
2026-09-01 12:14:30,67.88
2026-09-01 12:14:31,68.29
2026-09-01 12:14:32,68.4
2026-09-01 12:14:33,67.94
2026-09-01 12:14:34,67.78
2026-09-01 12:14:35,67.75
2026-09-01 12:14:36,67.97
2026-09-01 12:14:37,68.11
2026-09-01 12:14:38,67.98
2026-09-01 12:14:39,68.06
2026-09-01 12:14:40,68.18
2026-09-01 12:14:41,67.45
2026-09-01 12:14:42,67.87
2026-09-01 12:14:43,68.06
2026-09-01 12:14:44,67.71
2026-09-01 12:14:45,68.22
2026-09-01 12:14:46,67.97
2026-09-01 12:14:47,67.72
2026-09-01 12:14:48,67.92
2026-09-01 12:14:49,67.97
2026-09-01 12:14:50,67.87
2026-09-01 12:14:51,67.83
2026-09-01 12:14:52,67.27
2026-09-01 12:14:53,68.42
2026-09-01 12:14:54,67.55
2026-09-01 12:14:55,68.02
2026-09-01 12:14:56,67.91
2026-09-01 12:14:57,68.15
2026-09-01 12:14:58,68.21
2026-09-01 12:14:59,67.87
2026-09-01 12:15:00,68.48
2026-09-01 12:15:01,68.05
2026-09-01 12:15:02,67.98
2026-09-01 12:15:03,68.1
2026-09-01 12:15:04,67.98
2026-09-01 12:15:05,67.75
2026-09-01 12:15:06,67.49
2026-09-01 12:15:07,68.2
2026-09-01 12:15:08,67.62
2026-09-01 12:15:09,67.66
2026-09-01 12:15:10,67.73
2026-09-01 12:15:11,67.93
2026-09-01 12:15:12,67.97
2026-09-01 12:15:13,67.74
2026-09-01 12:15:14,68.57
2026-09-01 12:15:15,68.09
2026-09-01 12:15:16,67.88
2026-09-01 12:15:17,67.96
2026-09-01 12:15:18,68.06
2026-09-01 12:15:19,68.25
2026-09-01 12:15:20,68.23
2026-09-01 12:15:21,68.03
2026-09-01 12:15:22,67.39
2026-09-01 12:15:23,68.39
2026-09-01 12:15:24,68.23
2026-09-01 12:15:25,67.96
2026-09-01 12:15:26,67.89
2026-09-01 12:15:27,68.7
2026-09-01 12:15:28,68.12
2026-09-01 12:15:29,68.43
2026-09-01 12:15:30,67.8
2026-09-01 12:15:31,68.39
2026-09-01 12:15:32,68.3
2026-09-01 12:15:33,68.25
2026-09-01 12:15:34,67.55
2026-09-01 12:15:35,67.86
2026-09-01 12:15:36,68.02
2026-09-01 12:15:37,67.82
2026-09-01 12:15:38,68.09
2026-09-01 12:15:39,67.6
2026-09-01 12:15:40,68.04
2026-09-01 12:15:41,68.11
2026-09-01 12:15:42,67.65
2026-09-01 12:15:43,67.64
2026-09-01 12:15:44,68.28
2026-09-01 12:15:45,68.32
2026-09-01 12:15:46,68.27
2026-09-01 12:15:47,67.94
2026-09-01 12:15:48,68.1
2026-09-01 12:15:49,67.67
2026-09-01 12:15:50,67.98
2026-09-01 12:15:51,67.88
2026-09-01 12:15:52,68.05
2026-09-01 12:15:53,67.87
2026-09-01 12:15:54,68.17
2026-09-01 12:15:55,68.18
2026-09-01 12:15:56,67.93
2026-09-01 12:15:57,68.43
2026-09-01 12:15:58,67.65
2026-09-01 12:15:59,67.8
2026-09-01 12:16:00,67.78
2026-09-01 12:16:01,68.19
2026-09-01 12:16:02,68.24
2026-09-01 12:16:03,68.02
2026-09-01 12:16:04,67.85
2026-09-01 12:16:05,68.28
2026-09-01 12:16:06,67.76
2026-09-01 12:16:07,68.26
2026-09-01 12:16:08,67.82
2026-09-01 12:16:09,68.05
2026-09-01 12:16:10,68.37
2026-09-01 12:16:11,67.84
2026-09-01 12:16:12,68.39
2026-09-01 12:16:13,67.85
2026-09-01 12:16:14,67.62
2026-09-01 12:16:15,67.82
2026-09-01 12:16:16,67.93
2026-09-01 12:16:17,67.86
2026-09-01 12:16:18,67.07
2026-09-01 12:16:19,67.99
2026-09-01 12:16:20,67.96
2026-09-01 12:16:21,68.4
2026-09-01 12:16:22,67.84
2026-09-01 12:16:23,68.04
2026-09-01 12:16:24,67.97
2026-09-01 12:16:25,67.65
2026-09-01 12:16:26,68.0
2026-09-01 12:16:27,67.81
2026-09-01 12:16:28,68.26
2026-09-01 12:16:29,67.86
2026-09-01 12:16:30,68.25
2026-09-01 12:16:31,67.67
2026-09-01 12:16:32,68.46
2026-09-01 12:16:33,67.41
2026-09-01 12:16:34,68.02
2026-09-01 12:16:35,67.79
2026-09-01 12:16:36,68.57
2026-09-01 12:16:37,68.05
2026-09-01 12:16:38,67.95
2026-09-01 12:16:39,67.85
2026-09-01 12:16:40,67.82
2026-09-01 12:16:41,67.75
2026-09-01 12:16:42,68.21
2026-09-01 12:16:43,68.42
2026-09-01 12:16:44,67.92
2026-09-01 12:16:45,67.73
2026-09-01 12:16:46,67.93
2026-09-01 12:16:47,68.3
2026-09-01 12:16:48,68.08
2026-09-01 12:16:49,68.13
2026-09-01 12:16:50,68.16
2026-09-01 12:16:51,67.97
2026-09-01 12:16:52,68.08
2026-09-01 12:16:53,67.73
2026-09-01 12:16:54,67.71
2026-09-01 12:16:55,68.13
2026-09-01 12:16:56,68.05
2026-09-01 12:16:57,67.97
2026-09-01 12:16:58,67.9
2026-09-01 12:16:59,67.56
2026-09-01 12:17:00,67.73
2026-09-01 12:17:01,68.11
2026-09-01 12:17:02,67.9
2026-09-01 12:17:03,67.79
2026-09-01 12:17:04,68.15
2026-09-01 12:17:05,68.13
2026-09-01 12:17:06,68.04
2026-09-01 12:17:07,68.14
2026-09-01 12:17:08,67.6
2026-09-01 12:17:09,67.75
2026-09-01 12:17:10,67.88
2026-09-01 12:17:11,68.12
2026-09-01 12:17:12,67.89
2026-09-01 12:17:13,68.47
2026-09-01 12:17:14,67.92
2026-09-01 12:17:15,68.18
2026-09-01 12:17:16,68.11
2026-09-01 12:17:17,68.12
2026-09-01 12:17:18,67.79
2026-09-01 12:17:19,68.0
2026-09-01 12:17:20,67.6
2026-09-01 12:17:21,68.15
2026-09-01 12:17:22,68.03
2026-09-01 12:17:23,67.99
2026-09-01 12:17:24,67.6
2026-09-01 12:17:25,67.78
2026-09-01 12:17:26,68.27
2026-09-01 12:17:27,68.06
2026-09-01 12:17:28,67.91
2026-09-01 12:17:29,68.3
2026-09-01 12:17:30,68.14
2026-09-01 12:17:31,68.13
2026-09-01 12:17:32,68.77
2026-09-01 12:17:33,68.58
2026-09-01 12:17:34,68.0
2026-09-01 12:17:35,68.31
2026-09-01 12:17:36,67.81
2026-09-01 12:17:37,67.75
2026-09-01 12:17:38,68.1
2026-09-01 12:17:39,67.7
2026-09-01 12:17:40,67.66
2026-09-01 12:17:41,68.26
2026-09-01 12:17:42,67.99
2026-09-01 12:17:43,67.62
2026-09-01 12:17:44,67.62
2026-09-01 12:17:45,67.95
2026-09-01 12:17:46,68.2
2026-09-01 12:17:47,68.54
2026-09-01 12:17:48,68.01
2026-09-01 12:17:49,67.72
2026-09-01 12:17:50,68.05
2026-09-01 12:17:51,68.0
2026-09-01 12:17:52,67.87
2026-09-01 12:17:53,67.62
2026-09-01 12:17:54,67.93
2026-09-01 12:17:55,68.5
2026-09-01 12:17:56,67.87
2026-09-01 12:17:57,67.79
2026-09-01 12:17:58,68.58
2026-09-01 12:17:59,67.65
2026-09-01 12:18:00,67.74
2026-09-01 12:18:01,67.93
2026-09-01 12:18:02,67.94
2026-09-01 12:18:03,68.22
2026-09-01 12:18:04,67.73
2026-09-01 12:18:05,67.21
2026-09-01 12:18:06,67.66
2026-09-01 12:18:07,67.64
2026-09-01 12:18:08,67.96
2026-09-01 12:18:09,68.19
2026-09-01 12:18:10,68.15
2026-09-01 12:18:11,68.56
2026-09-01 12:18:12,67.92
2026-09-01 12:18:13,68.1
2026-09-01 12:18:14,67.77
2026-09-01 12:18:15,68.12
2026-09-01 12:18:16,67.79
2026-09-01 12:18:17,68.6
2026-09-01 12:18:18,67.51
2026-09-01 12:18:19,67.25
2026-09-01 12:18:20,67.65
2026-09-01 12:18:21,67.89
2026-09-01 12:18:22,68.4
2026-09-01 12:18:23,67.61
2026-09-01 12:18:24,67.76
2026-09-01 12:18:25,67.96
2026-09-01 12:18:26,67.89
2026-09-01 12:18:27,67.95
2026-09-01 12:18:28,68.15
2026-09-01 12:18:29,68.12
2026-09-01 12:18:30,67.81
2026-09-01 12:18:31,68.12
2026-09-01 12:18:32,67.8
2026-09-01 12:18:33,68.25
2026-09-01 12:18:34,67.99
2026-09-01 12:18:35,67.94
2026-09-01 12:18:36,67.87
2026-09-01 12:18:37,68.06
2026-09-01 12:18:38,68.39
2026-09-01 12:18:39,68.13
2026-09-01 12:18:40,67.82
2026-09-01 12:18:41,68.12
2026-09-01 12:18:42,67.52
2026-09-01 12:18:43,68.44
2026-09-01 12:18:44,67.97
2026-09-01 12:18:45,67.68
2026-09-01 12:18:46,68.09
2026-09-01 12:18:47,67.45
2026-09-01 12:18:48,67.65
2026-09-01 12:18:49,67.95
2026-09-01 12:18:50,68.48
2026-09-01 12:18:51,68.06
2026-09-01 12:18:52,68.17
2026-09-01 12:18:53,68.16
2026-09-01 12:18:54,68.13
2026-09-01 12:18:55,67.42
2026-09-01 12:18:56,68.33
2026-09-01 12:18:57,67.95
2026-09-01 12:18:58,68.17
2026-09-01 12:18:59,68.16
2026-09-01 12:19:00,67.46
2026-09-01 12:19:01,68.11
2026-09-01 12:19:02,67.69
2026-09-01 12:19:03,67.84
2026-09-01 12:19:04,67.76
2026-09-01 12:19:05,68.18
2026-09-01 12:19:06,68.02
2026-09-01 12:19:07,67.99
2026-09-01 12:19:08,68.33
2026-09-01 12:19:09,68.2
2026-09-01 12:19:10,68.45
2026-09-01 12:19:11,68.01
2026-09-01 12:19:12,67.81
2026-09-01 12:19:13,68.23
2026-09-01 12:19:14,68.0
2026-09-01 12:19:15,68.07
2026-09-01 12:19:16,67.95
2026-09-01 12:19:17,67.68
2026-09-01 12:19:18,67.93
2026-09-01 12:19:19,67.88
2026-09-01 12:19:20,68.01
2026-09-01 12:19:21,68.43
2026-09-01 12:19:22,68.22
2026-09-01 12:19:23,67.69
2026-09-01 12:19:24,68.05
2026-09-01 12:19:25,68.18
2026-09-01 12:19:26,68.76
2026-09-01 12:19:27,68.64
2026-09-01 12:19:28,68.04
2026-09-01 12:19:29,68.01
2026-09-01 12:19:30,68.12
2026-09-01 12:19:31,67.94
2026-09-01 12:19:32,68.19
2026-09-01 12:19:33,67.86
2026-09-01 12:19:34,68.05
2026-09-01 12:19:35,67.97
2026-09-01 12:19:36,67.67
2026-09-01 12:19:37,67.89
2026-09-01 12:19:38,67.92
2026-09-01 12:19:39,68.09
2026-09-01 12:19:40,68.11
2026-09-01 12:19:41,67.73
2026-09-01 12:19:42,68.91
2026-09-01 12:19:43,68.39
2026-09-01 12:19:44,68.06
2026-09-01 12:19:45,67.7
2026-09-01 12:19:46,68.42
2026-09-01 12:19:47,67.57
2026-09-01 12:19:48,68.45
2026-09-01 12:19:49,67.86
2026-09-01 12:19:50,67.81
2026-09-01 12:19:51,68.08
2026-09-01 12:19:52,68.27
2026-09-01 12:19:53,67.87
2026-09-01 12:19:54,68.09
2026-09-01 12:19:55,68.49
2026-09-01 12:19:56,67.91
2026-09-01 12:19:57,68.26
2026-09-01 12:19:58,68.14
2026-09-01 12:19:59,67.94
2026-09-01 12:20:00,68.01
2026-09-01 12:20:01,67.94
2026-09-01 12:20:02,67.9
2026-09-01 12:20:03,68.09
2026-09-01 12:20:04,67.9
2026-09-01 12:20:05,67.6
2026-09-01 12:20:06,67.94
2026-09-01 12:20:07,67.45
2026-09-01 12:20:08,67.91
2026-09-01 12:20:09,67.87
2026-09-01 12:20:10,68.26
2026-09-01 12:20:11,67.75
2026-09-01 12:20:12,67.8
2026-09-01 12:20:13,68.04
2026-09-01 12:20:14,67.86
2026-09-01 12:20:15,67.95
2026-09-01 12:20:16,68.28
2026-09-01 12:20:17,67.98
2026-09-01 12:20:18,67.97
2026-09-01 12:20:19,67.76
2026-09-01 12:20:20,68.21
2026-09-01 12:20:21,68.2
2026-09-01 12:20:22,67.9
2026-09-01 12:20:23,68.16
2026-09-01 12:20:24,67.93
2026-09-01 12:20:25,68.5
2026-09-01 12:20:26,68.26
2026-09-01 12:20:27,67.81
2026-09-01 12:20:28,68.08
2026-09-01 12:20:29,68.33
2026-09-01 12:20:30,67.92
2026-09-01 12:20:31,67.85
2026-09-01 12:20:32,68.32
2026-09-01 12:20:33,68.15
2026-09-01 12:20:34,68.07
2026-09-01 12:20:35,68.06
2026-09-01 12:20:36,67.56
2026-09-01 12:20:37,68.41
2026-09-01 12:20:38,68.79
2026-09-01 12:20:39,67.67
2026-09-01 12:20:40,68.27
2026-09-01 12:20:41,68.63
2026-09-01 12:20:42,67.98
2026-09-01 12:20:43,68.44
2026-09-01 12:20:44,67.71
2026-09-01 12:20:45,67.9
2026-09-01 12:20:46,67.83
2026-09-01 12:20:47,67.99
2026-09-01 12:20:48,68.52
2026-09-01 12:20:49,67.5
2026-09-01 12:20:50,68.38
2026-09-01 12:20:51,68.18
2026-09-01 12:20:52,67.74
2026-09-01 12:20:53,68.07
2026-09-01 12:20:54,67.96
2026-09-01 12:20:55,68.06
2026-09-01 12:20:56,68.75
2026-09-01 12:20:57,67.9
2026-09-01 12:20:58,67.51
2026-09-01 12:20:59,68.28
2026-09-01 12:21:00,67.7
2026-09-01 12:21:01,67.34
2026-09-01 12:21:02,68.19
2026-09-01 12:21:03,67.76
2026-09-01 12:21:04,67.97
2026-09-01 12:21:05,68.23
2026-09-01 12:21:06,68.13
2026-09-01 12:21:07,68.44
2026-09-01 12:21:08,68.48
2026-09-01 12:21:09,67.67
2026-09-01 12:21:10,68.1
2026-09-01 12:21:11,67.88
2026-09-01 12:21:12,67.79
2026-09-01 12:21:13,67.89
2026-09-01 12:21:14,67.95
2026-09-01 12:21:15,67.87
2026-09-01 12:21:16,68.31
2026-09-01 12:21:17,67.77
2026-09-01 12:21:18,68.45
2026-09-01 12:21:19,68.36
2026-09-01 12:21:20,67.99
2026-09-01 12:21:21,67.69
2026-09-01 12:21:22,68.47
2026-09-01 12:21:23,68.27
2026-09-01 12:21:24,67.67
2026-09-01 12:21:25,68.65
2026-09-01 12:21:26,67.88
2026-09-01 12:21:27,67.96
2026-09-01 12:21:28,68.04
2026-09-01 12:21:29,68.17
2026-09-01 12:21:30,67.79
2026-09-01 12:21:31,67.86
2026-09-01 12:21:32,68.03
2026-09-01 12:21:33,67.6
2026-09-01 12:21:34,67.76
2026-09-01 12:21:35,67.71
2026-09-01 12:21:36,68.36
2026-09-01 12:21:37,68.41
2026-09-01 12:21:38,68.13
2026-09-01 12:21:39,68.03
2026-09-01 12:21:40,68.05
2026-09-01 12:21:41,67.76
2026-09-01 12:21:42,68.07
2026-09-01 12:21:43,68.39
2026-09-01 12:21:44,67.68
2026-09-01 12:21:45,67.85
2026-09-01 12:21:46,68.77
2026-09-01 12:21:47,68.34
2026-09-01 12:21:48,68.56
2026-09-01 12:21:49,67.68
2026-09-01 12:21:50,68.1
2026-09-01 12:21:51,67.76
2026-09-01 12:21:52,68.08
2026-09-01 12:21:53,68.04
2026-09-01 12:21:54,68.38
2026-09-01 12:21:55,67.56
2026-09-01 12:21:56,68.39
2026-09-01 12:21:57,67.52
2026-09-01 12:21:58,68.76
2026-09-01 12:21:59,67.99
2026-09-01 12:22:00,67.9
2026-09-01 12:22:01,68.28
2026-09-01 12:22:02,67.97
2026-09-01 12:22:03,68.05
2026-09-01 12:22:04,67.81
2026-09-01 12:22:05,67.74
2026-09-01 12:22:06,67.96
2026-09-01 12:22:07,67.7
2026-09-01 12:22:08,67.82
2026-09-01 12:22:09,68.0
2026-09-01 12:22:10,68.63
2026-09-01 12:22:11,67.82
2026-09-01 12:22:12,67.59
2026-09-01 12:22:13,68.17
2026-09-01 12:22:14,68.16
2026-09-01 12:22:15,67.63
2026-09-01 12:22:16,67.64
2026-09-01 12:22:17,67.78
2026-09-01 12:22:18,68.06
2026-09-01 12:22:19,68.04
2026-09-01 12:22:20,67.61
2026-09-01 12:22:21,68.33
2026-09-01 12:22:22,67.83
2026-09-01 12:22:23,68.13
2026-09-01 12:22:24,67.93
2026-09-01 12:22:25,67.91
2026-09-01 12:22:26,68.13
2026-09-01 12:22:27,67.81
2026-09-01 12:22:28,68.4
2026-09-01 12:22:29,68.18
2026-09-01 12:22:30,67.86
2026-09-01 12:22:31,68.13
2026-09-01 12:22:32,68.08
2026-09-01 12:22:33,67.7
2026-09-01 12:22:34,67.79
2026-09-01 12:22:35,67.44
2026-09-01 12:22:36,68.37
2026-09-01 12:22:37,68.02
2026-09-01 12:22:38,67.82
2026-09-01 12:22:39,68.04
2026-09-01 12:22:40,67.95
2026-09-01 12:22:41,68.29
2026-09-01 12:22:42,68.48
2026-09-01 12:22:43,67.88
2026-09-01 12:22:44,68.46
2026-09-01 12:22:45,67.63
2026-09-01 12:22:46,67.6
2026-09-01 12:22:47,67.47
2026-09-01 12:22:48,67.68
2026-09-01 12:22:49,67.7
2026-09-01 12:22:50,67.86
2026-09-01 12:22:51,67.99
2026-09-01 12:22:52,68.51
2026-09-01 12:22:53,68.66
2026-09-01 12:22:54,68.23
2026-09-01 12:22:55,68.58
2026-09-01 12:22:56,67.89
2026-09-01 12:22:57,68.25
2026-09-01 12:22:58,68.64
2026-09-01 12:22:59,67.94
2026-09-01 12:23:00,67.66
2026-09-01 12:23:01,68.89
2026-09-01 12:23:02,67.63
2026-09-01 12:23:03,68.26
2026-09-01 12:23:04,68.38
2026-09-01 12:23:05,68.26
2026-09-01 12:23:06,67.84
2026-09-01 12:23:07,67.66
2026-09-01 12:23:08,67.69
2026-09-01 12:23:09,67.91
2026-09-01 12:23:10,68.06
2026-09-01 12:23:11,68.45
2026-09-01 12:23:12,68.47
2026-09-01 12:23:13,68.09
2026-09-01 12:23:14,67.93
2026-09-01 12:23:15,67.36
2026-09-01 12:23:16,67.46
2026-09-01 12:23:17,68.23
2026-09-01 12:23:18,68.64
2026-09-01 12:23:19,67.73
2026-09-01 12:23:20,68.24
2026-09-01 12:23:21,68.11
2026-09-01 12:23:22,67.88
2026-09-01 12:23:23,67.98
2026-09-01 12:23:24,68.31
2026-09-01 12:23:25,67.54
2026-09-01 12:23:26,67.76
2026-09-01 12:23:27,67.97
2026-09-01 12:23:28,67.86
2026-09-01 12:23:29,68.44
2026-09-01 12:23:30,67.65
2026-09-01 12:23:31,67.95
2026-09-01 12:23:32,67.54
2026-09-01 12:23:33,67.82
2026-09-01 12:23:34,67.82
2026-09-01 12:23:35,68.08
2026-09-01 12:23:36,68.18
2026-09-01 12:23:37,67.76
2026-09-01 12:23:38,67.5
2026-09-01 12:23:39,67.81
2026-09-01 12:23:40,67.37
2026-09-01 12:23:41,67.91
2026-09-01 12:23:42,68.22
2026-09-01 12:23:43,67.94
2026-09-01 12:23:44,67.38
2026-09-01 12:23:45,67.66
2026-09-01 12:23:46,67.97
2026-09-01 12:23:47,67.87
2026-09-01 12:23:48,68.33
2026-09-01 12:23:49,67.63
2026-09-01 12:23:50,68.11
2026-09-01 12:23:51,67.83
2026-09-01 12:23:52,67.68
2026-09-01 12:23:53,68.42
2026-09-01 12:23:54,67.99
2026-09-01 12:23:55,68.6
2026-09-01 12:23:56,67.98
2026-09-01 12:23:57,67.94
2026-09-01 12:23:58,68.32
2026-09-01 12:23:59,67.63
2026-09-01 12:24:00,67.92
2026-09-01 12:24:01,67.93
2026-09-01 12:24:02,68.26
2026-09-01 12:24:03,68.22
2026-09-01 12:24:04,68.49
2026-09-01 12:24:05,67.75
2026-09-01 12:24:06,68.08
2026-09-01 12:24:07,67.63
2026-09-01 12:24:08,68.29
2026-09-01 12:24:09,67.93
2026-09-01 12:24:10,67.9
2026-09-01 12:24:11,67.69
2026-09-01 12:24:12,67.86
2026-09-01 12:24:13,67.99
2026-09-01 12:24:14,67.93
2026-09-01 12:24:15,67.78
2026-09-01 12:24:16,68.64
2026-09-01 12:24:17,68.07
2026-09-01 12:24:18,67.96
2026-09-01 12:24:19,67.35
2026-09-01 12:24:20,67.91
2026-09-01 12:24:21,68.0
2026-09-01 12:24:22,67.75
2026-09-01 12:24:23,68.28
2026-09-01 12:24:24,67.39
2026-09-01 12:24:25,68.62
2026-09-01 12:24:26,68.76
2026-09-01 12:24:27,68.51
2026-09-01 12:24:28,67.92
2026-09-01 12:24:29,68.52
2026-09-01 12:24:30,67.54
2026-09-01 12:24:31,68.36
2026-09-01 12:24:32,67.57
2026-09-01 12:24:33,67.52
2026-09-01 12:24:34,67.67
2026-09-01 12:24:35,68.12
2026-09-01 12:24:36,68.46
2026-09-01 12:24:37,68.89
2026-09-01 12:24:38,67.64
2026-09-01 12:24:39,68.19
2026-09-01 12:24:40,67.97
2026-09-01 12:24:41,67.9
2026-09-01 12:24:42,67.88
2026-09-01 12:24:43,67.78
2026-09-01 12:24:44,67.52
2026-09-01 12:24:45,67.67
2026-09-01 12:24:46,67.64
2026-09-01 12:24:47,68.04
2026-09-01 12:24:48,67.86
2026-09-01 12:24:49,68.44
2026-09-01 12:24:50,68.17
2026-09-01 12:24:51,68.23
2026-09-01 12:24:52,67.94
2026-09-01 12:24:53,68.24
2026-09-01 12:24:54,67.59
2026-09-01 12:24:55,68.35
2026-09-01 12:24:56,67.79
2026-09-01 12:24:57,68.0
2026-09-01 12:24:58,67.73
2026-09-01 12:24:59,67.11
2026-09-01 12:25:00,68.23
2026-09-01 12:25:01,67.94
2026-09-01 12:25:02,67.61
2026-09-01 12:25:03,68.39
2026-09-01 12:25:04,67.97
2026-09-01 12:25:05,68.13
2026-09-01 12:25:06,67.41
2026-09-01 12:25:07,67.86
2026-09-01 12:25:08,68.26
2026-09-01 12:25:09,68.2
2026-09-01 12:25:10,67.82
2026-09-01 12:25:11,68.11
2026-09-01 12:25:12,68.27
2026-09-01 12:25:13,68.04
2026-09-01 12:25:14,67.94
2026-09-01 12:25:15,68.08
2026-09-01 12:25:16,67.67
2026-09-01 12:25:17,67.91
2026-09-01 12:25:18,67.53
2026-09-01 12:25:19,68.53
2026-09-01 12:25:20,67.98
2026-09-01 12:25:21,68.65
2026-09-01 12:25:22,67.73
2026-09-01 12:25:23,68.07
2026-09-01 12:25:24,68.35
2026-09-01 12:25:25,68.47
2026-09-01 12:25:26,68.46
2026-09-01 12:25:27,67.45
2026-09-01 12:25:28,68.24
2026-09-01 12:25:29,68.15
2026-09-01 12:25:30,67.93
2026-09-01 12:25:31,67.93
2026-09-01 12:25:32,68.07
2026-09-01 12:25:33,68.23
2026-09-01 12:25:34,67.8
2026-09-01 12:25:35,67.76
2026-09-01 12:25:36,67.97
2026-09-01 12:25:37,68.35
2026-09-01 12:25:38,67.89
2026-09-01 12:25:39,68.26
2026-09-01 12:25:40,67.81
2026-09-01 12:25:41,67.79
2026-09-01 12:25:42,68.2
2026-09-01 12:25:43,68.08
2026-09-01 12:25:44,68.03
2026-09-01 12:25:45,68.0
2026-09-01 12:25:46,67.77
2026-09-01 12:25:47,67.53
2026-09-01 12:25:48,68.11
2026-09-01 12:25:49,67.76
2026-09-01 12:25:50,68.43
2026-09-01 12:25:51,67.69
2026-09-01 12:25:52,68.15
2026-09-01 12:25:53,67.63
2026-09-01 12:25:54,67.66
2026-09-01 12:25:55,68.08
2026-09-01 12:25:56,68.32
2026-09-01 12:25:57,68.19
2026-09-01 12:25:58,68.19
2026-09-01 12:25:59,67.37
2026-09-01 12:26:00,68.36
2026-09-01 12:26:01,67.93
2026-09-01 12:26:02,67.88
2026-09-01 12:26:03,67.91
2026-09-01 12:26:04,68.64
2026-09-01 12:26:05,68.12
2026-09-01 12:26:06,68.07
2026-09-01 12:26:07,68.15
2026-09-01 12:26:08,67.9
2026-09-01 12:26:09,68.29
2026-09-01 12:26:10,68.1
2026-09-01 12:26:11,67.95
2026-09-01 12:26:12,68.14
2026-09-01 12:26:13,67.7
2026-09-01 12:26:14,67.81
2026-09-01 12:26:15,67.81
2026-09-01 12:26:16,68.07
2026-09-01 12:26:17,68.05
2026-09-01 12:26:18,68.52
2026-09-01 12:26:19,67.25
2026-09-01 12:26:20,67.78
2026-09-01 12:26:21,67.65
2026-09-01 12:26:22,67.99
2026-09-01 12:26:23,67.99
2026-09-01 12:26:24,67.78
2026-09-01 12:26:25,67.96
2026-09-01 12:26:26,68.06
2026-09-01 12:26:27,67.8
2026-09-01 12:26:28,67.89
2026-09-01 12:26:29,67.98
2026-09-01 12:26:30,67.74
2026-09-01 12:26:31,67.84
2026-09-01 12:26:32,67.88
2026-09-01 12:26:33,68.06
2026-09-01 12:26:34,68.15
2026-09-01 12:26:35,67.67
2026-09-01 12:26:36,67.9
2026-09-01 12:26:37,68.09
2026-09-01 12:26:38,67.66
2026-09-01 12:26:39,67.92
2026-09-01 12:26:40,68.47
2026-09-01 12:26:41,67.83
2026-09-01 12:26:42,68.14
2026-09-01 12:26:43,67.84
2026-09-01 12:26:44,68.14
2026-09-01 12:26:45,67.7
2026-09-01 12:26:46,68.04
2026-09-01 12:26:47,68.3
2026-09-01 12:26:48,68.43
2026-09-01 12:26:49,68.24
2026-09-01 12:26:50,67.98
2026-09-01 12:26:51,68.21
2026-09-01 12:26:52,68.05
2026-09-01 12:26:53,67.94
2026-09-01 12:26:54,68.2
2026-09-01 12:26:55,68.08
2026-09-01 12:26:56,67.64
2026-09-01 12:26:57,68.43
2026-09-01 12:26:58,67.72
2026-09-01 12:26:59,68.72
2026-09-01 12:27:00,67.84
2026-09-01 12:27:01,68.18
2026-09-01 12:27:02,68.6
2026-09-01 12:27:03,68.17
2026-09-01 12:27:04,68.17
2026-09-01 12:27:05,67.91
2026-09-01 12:27:06,68.18
2026-09-01 12:27:07,68.06
2026-09-01 12:27:08,67.64
2026-09-01 12:27:09,67.77
2026-09-01 12:27:10,67.93
2026-09-01 12:27:11,68.31
2026-09-01 12:27:12,68.58
2026-09-01 12:27:13,68.22
2026-09-01 12:27:14,68.11
2026-09-01 12:27:15,67.96
2026-09-01 12:27:16,67.98
2026-09-01 12:27:17,67.46
2026-09-01 12:27:18,68.18
2026-09-01 12:27:19,68.0
2026-09-01 12:27:20,68.1
2026-09-01 12:27:21,67.75
2026-09-01 12:27:22,67.97
2026-09-01 12:27:23,67.83
2026-09-01 12:27:24,67.65
2026-09-01 12:27:25,67.52
2026-09-01 12:27:26,68.12
2026-09-01 12:27:27,68.7
2026-09-01 12:27:28,68.32
2026-09-01 12:27:29,67.88
2026-09-01 12:27:30,68.35
2026-09-01 12:27:31,68.43
2026-09-01 12:27:32,67.91
2026-09-01 12:27:33,67.84
2026-09-01 12:27:34,68.54
2026-09-01 12:27:35,67.97
2026-09-01 12:27:36,67.89
2026-09-01 12:27:37,68.02
2026-09-01 12:27:38,67.87
2026-09-01 12:27:39,68.02
2026-09-01 12:27:40,67.73
2026-09-01 12:27:41,68.78
2026-09-01 12:27:42,68.74
2026-09-01 12:27:43,68.0
2026-09-01 12:27:44,68.07
2026-09-01 12:27:45,68.1
2026-09-01 12:27:46,68.19
2026-09-01 12:27:47,67.89
2026-09-01 12:27:48,68.52
2026-09-01 12:27:49,68.47
2026-09-01 12:27:50,67.76
2026-09-01 12:27:51,68.23
2026-09-01 12:27:52,68.54
2026-09-01 12:27:53,68.01
2026-09-01 12:27:54,67.85
2026-09-01 12:27:55,68.12
2026-09-01 12:27:56,68.05
2026-09-01 12:27:57,67.9
2026-09-01 12:27:58,67.62
2026-09-01 12:27:59,68.37
2026-09-01 12:28:00,68.16
2026-09-01 12:28:01,68.0
2026-09-01 12:28:02,68.22
2026-09-01 12:28:03,68.19
2026-09-01 12:28:04,68.65
2026-09-01 12:28:05,67.95
2026-09-01 12:28:06,68.33
2026-09-01 12:28:07,68.24
2026-09-01 12:28:08,68.15
2026-09-01 12:28:09,67.6
2026-09-01 12:28:10,67.53
2026-09-01 12:28:11,67.77
2026-09-01 12:28:12,67.73
2026-09-01 12:28:13,68.41
2026-09-01 12:28:14,67.16
2026-09-01 12:28:15,68.45
2026-09-01 12:28:16,67.94
2026-09-01 12:28:17,67.87
2026-09-01 12:28:18,68.16
2026-09-01 12:28:19,67.93
2026-09-01 12:28:20,67.65
2026-09-01 12:28:21,67.84
2026-09-01 12:28:22,69.23
2026-09-01 12:28:23,68.17
2026-09-01 12:28:24,68.17
2026-09-01 12:28:25,67.98
2026-09-01 12:28:26,68.16
2026-09-01 12:28:27,67.54
2026-09-01 12:28:28,67.73
2026-09-01 12:28:29,68.08
2026-09-01 12:28:30,68.24
2026-09-01 12:28:31,68.46
2026-09-01 12:28:32,68.14
2026-09-01 12:28:33,68.24
2026-09-01 12:28:34,67.96
2026-09-01 12:28:35,68.57
2026-09-01 12:28:36,68.2
2026-09-01 12:28:37,68.09
2026-09-01 12:28:38,68.07
2026-09-01 12:28:39,67.96
2026-09-01 12:28:40,68.23
2026-09-01 12:28:41,67.84
2026-09-01 12:28:42,68.14
2026-09-01 12:28:43,68.07
2026-09-01 12:28:44,67.68
2026-09-01 12:28:45,68.31
2026-09-01 12:28:46,68.07
2026-09-01 12:28:47,68.39
2026-09-01 12:28:48,68.25
2026-09-01 12:28:49,67.8
2026-09-01 12:28:50,67.68
2026-09-01 12:28:51,68.7
2026-09-01 12:28:52,67.97
2026-09-01 12:28:53,68.35
2026-09-01 12:28:54,67.85
2026-09-01 12:28:55,67.53
2026-09-01 12:28:56,67.78
2026-09-01 12:28:57,67.97
2026-09-01 12:28:58,68.24
2026-09-01 12:28:59,67.87
2026-09-01 12:29:00,68.29
2026-09-01 12:29:01,67.78
2026-09-01 12:29:02,67.79
2026-09-01 12:29:03,68.31
2026-09-01 12:29:04,67.8
2026-09-01 12:29:05,67.85
2026-09-01 12:29:06,68.4
2026-09-01 12:29:07,68.23
2026-09-01 12:29:08,67.77
2026-09-01 12:29:09,68.2
2026-09-01 12:29:10,68.0
2026-09-01 12:29:11,68.04
2026-09-01 12:29:12,68.01
2026-09-01 12:29:13,68.24
2026-09-01 12:29:14,67.7
2026-09-01 12:29:15,68.57
2026-09-01 12:29:16,68.09
2026-09-01 12:29:17,67.94
2026-09-01 12:29:18,67.66
2026-09-01 12:29:19,68.33
2026-09-01 12:29:20,68.23
2026-09-01 12:29:21,67.97
2026-09-01 12:29:22,67.78
2026-09-01 12:29:23,68.3
2026-09-01 12:29:24,68.23
2026-09-01 12:29:25,67.94
2026-09-01 12:29:26,68.53
2026-09-01 12:29:27,67.72
2026-09-01 12:29:28,67.89
2026-09-01 12:29:29,67.88
2026-09-01 12:29:30,68.07
2026-09-01 12:29:31,67.49
2026-09-01 12:29:32,68.32
2026-09-01 12:29:33,68.65
2026-09-01 12:29:34,68.34
2026-09-01 12:29:35,68.09
2026-09-01 12:29:36,68.28
2026-09-01 12:29:37,68.19
2026-09-01 12:29:38,67.59
2026-09-01 12:29:39,67.89
2026-09-01 12:29:40,68.3
2026-09-01 12:29:41,67.78
2026-09-01 12:29:42,67.95
2026-09-01 12:29:43,68.29
2026-09-01 12:29:44,68.31
2026-09-01 12:29:45,68.08
2026-09-01 12:29:46,67.91
2026-09-01 12:29:47,67.79
2026-09-01 12:29:48,67.96
2026-09-01 12:29:49,67.92
2026-09-01 12:29:50,67.46
2026-09-01 12:29:51,68.01
2026-09-01 12:29:52,67.55
2026-09-01 12:29:53,68.33
2026-09-01 12:29:54,68.51
2026-09-01 12:29:55,67.88
2026-09-01 12:29:56,68.19
2026-09-01 12:29:57,68.5
2026-09-01 12:29:58,67.98
2026-09-01 12:29:59,68.72
2026-09-01 12:30:00,68.01
2026-09-01 12:30:01,67.75
2026-09-01 12:30:02,68.23
2026-09-01 12:30:03,68.14
2026-09-01 12:30:04,67.76
2026-09-01 12:30:05,68.69
2026-09-01 12:30:06,68.28
2026-09-01 12:30:07,67.31
2026-09-01 12:30:08,68.32
2026-09-01 12:30:09,68.14
2026-09-01 12:30:10,68.27
2026-09-01 12:30:11,68.42
2026-09-01 12:30:12,68.19
2026-09-01 12:30:13,68.1
2026-09-01 12:30:14,68.15
2026-09-01 12:30:15,67.99
2026-09-01 12:30:16,67.88
2026-09-01 12:30:17,67.56
2026-09-01 12:30:18,67.59
2026-09-01 12:30:19,68.55
2026-09-01 12:30:20,67.9
2026-09-01 12:30:21,68.04
2026-09-01 12:30:22,68.19
2026-09-01 12:30:23,67.5
2026-09-01 12:30:24,67.94
2026-09-01 12:30:25,68.53
2026-09-01 12:30:26,67.9
2026-09-01 12:30:27,67.82
2026-09-01 12:30:28,68.19
2026-09-01 12:30:29,67.83
2026-09-01 12:30:30,68.07
2026-09-01 12:30:31,67.63
2026-09-01 12:30:32,68.35
2026-09-01 12:30:33,67.98
2026-09-01 12:30:34,69.07
2026-09-01 12:30:35,68.03
2026-09-01 12:30:36,68.04
2026-09-01 12:30:37,67.79
2026-09-01 12:30:38,67.67
2026-09-01 12:30:39,67.84
2026-09-01 12:30:40,67.66
2026-09-01 12:30:41,67.53
2026-09-01 12:30:42,68.04
2026-09-01 12:30:43,68.09
2026-09-01 12:30:44,68.05
2026-09-01 12:30:45,67.82
2026-09-01 12:30:46,67.99
2026-09-01 12:30:47,68.47
2026-09-01 12:30:48,67.85
2026-09-01 12:30:49,68.18
2026-09-01 12:30:50,67.65
2026-09-01 12:30:51,67.96
2026-09-01 12:30:52,67.72
2026-09-01 12:30:53,68.27
2026-09-01 12:30:54,68.37
2026-09-01 12:30:55,68.24
2026-09-01 12:30:56,68.1
2026-09-01 12:30:57,67.86
2026-09-01 12:30:58,67.75
2026-09-01 12:30:59,68.44
2026-09-01 12:31:00,68.23
2026-09-01 12:31:01,67.94
2026-09-01 12:31:02,68.11
2026-09-01 12:31:03,68.15
2026-09-01 12:31:04,67.79
2026-09-01 12:31:05,68.25
2026-09-01 12:31:06,68.63
2026-09-01 12:31:07,67.59
2026-09-01 12:31:08,67.91
2026-09-01 12:31:09,68.27
2026-09-01 12:31:10,67.74
2026-09-01 12:31:11,67.84
2026-09-01 12:31:12,68.19
2026-09-01 12:31:13,67.95
2026-09-01 12:31:14,67.92
2026-09-01 12:31:15,68.15
2026-09-01 12:31:16,67.54
2026-09-01 12:31:17,67.98
2026-09-01 12:31:18,67.8
2026-09-01 12:31:19,68.12
2026-09-01 12:31:20,67.83
2026-09-01 12:31:21,68.1
2026-09-01 12:31:22,67.72
2026-09-01 12:31:23,68.25
2026-09-01 12:31:24,67.68
2026-09-01 12:31:25,67.83
2026-09-01 12:31:26,68.04
2026-09-01 12:31:27,67.75
2026-09-01 12:31:28,68.1
2026-09-01 12:31:29,68.31
2026-09-01 12:31:30,68.03
2026-09-01 12:31:31,67.98
2026-09-01 12:31:32,68.61
2026-09-01 12:31:33,68.06
2026-09-01 12:31:34,68.44
2026-09-01 12:31:35,67.77
2026-09-01 12:31:36,68.33
2026-09-01 12:31:37,67.54
2026-09-01 12:31:38,67.96
2026-09-01 12:31:39,68.13
2026-09-01 12:31:40,68.52
2026-09-01 12:31:41,68.01
2026-09-01 12:31:42,68.23
2026-09-01 12:31:43,68.32
2026-09-01 12:31:44,67.94
2026-09-01 12:31:45,68.17
2026-09-01 12:31:46,67.94
2026-09-01 12:31:47,68.08
2026-09-01 12:31:48,67.95
2026-09-01 12:31:49,68.41
2026-09-01 12:31:50,67.93
2026-09-01 12:31:51,68.23
2026-09-01 12:31:52,67.48
2026-09-01 12:31:53,68.26
2026-09-01 12:31:54,68.48
2026-09-01 12:31:55,67.73
2026-09-01 12:31:56,68.14
2026-09-01 12:31:57,67.88
2026-09-01 12:31:58,67.96
2026-09-01 12:31:59,68.75
2026-09-01 12:32:00,67.99
2026-09-01 12:32:01,67.87
2026-09-01 12:32:02,68.02
2026-09-01 12:32:03,67.86
2026-09-01 12:32:04,68.13
2026-09-01 12:32:05,67.55
2026-09-01 12:32:06,68.56
2026-09-01 12:32:07,67.96
2026-09-01 12:32:08,67.51
2026-09-01 12:32:09,67.83
2026-09-01 12:32:10,67.88
2026-09-01 12:32:11,68.59
2026-09-01 12:32:12,68.2
2026-09-01 12:32:13,68.3
2026-09-01 12:32:14,67.88
2026-09-01 12:32:15,68.47
2026-09-01 12:32:16,67.73
2026-09-01 12:32:17,68.34
2026-09-01 12:32:18,67.52
2026-09-01 12:32:19,67.89
2026-09-01 12:32:20,68.33
2026-09-01 12:32:21,68.0
2026-09-01 12:32:22,67.93
2026-09-01 12:32:23,68.14
2026-09-01 12:32:24,68.43
2026-09-01 12:32:25,68.17
2026-09-01 12:32:26,68.2
2026-09-01 12:32:27,68.09
2026-09-01 12:32:28,68.37
2026-09-01 12:32:29,68.51
2026-09-01 12:32:30,68.19
2026-09-01 12:32:31,68.02
2026-09-01 12:32:32,68.14
2026-09-01 12:32:33,67.57
2026-09-01 12:32:34,68.02
2026-09-01 12:32:35,67.59
2026-09-01 12:32:36,67.86
2026-09-01 12:32:37,68.13
2026-09-01 12:32:38,67.69
2026-09-01 12:32:39,67.82
2026-09-01 12:32:40,67.9
2026-09-01 12:32:41,68.06
2026-09-01 12:32:42,67.96
2026-09-01 12:32:43,67.5
2026-09-01 12:32:44,68.34
2026-09-01 12:32:45,68.35
2026-09-01 12:32:46,68.43
2026-09-01 12:32:47,68.34
2026-09-01 12:32:48,68.72
2026-09-01 12:32:49,67.79
2026-09-01 12:32:50,67.54
2026-09-01 12:32:51,67.53
2026-09-01 12:32:52,68.38
2026-09-01 12:32:53,68.51
2026-09-01 12:32:54,68.28
2026-09-01 12:32:55,68.48
2026-09-01 12:32:56,67.96
2026-09-01 12:32:57,68.25
2026-09-01 12:32:58,67.79
2026-09-01 12:32:59,67.96
2026-09-01 12:33:00,67.87
2026-09-01 12:33:01,67.86
2026-09-01 12:33:02,68.23
2026-09-01 12:33:03,68.22
2026-09-01 12:33:04,68.14
2026-09-01 12:33:05,67.87
2026-09-01 12:33:06,68.11
2026-09-01 12:33:07,67.88
2026-09-01 12:33:08,68.22
2026-09-01 12:33:09,68.06
2026-09-01 12:33:10,68.03
2026-09-01 12:33:11,68.2
2026-09-01 12:33:12,67.33
2026-09-01 12:33:13,68.21
2026-09-01 12:33:14,67.85
2026-09-01 12:33:15,68.28
2026-09-01 12:33:16,67.67
2026-09-01 12:33:17,67.51
2026-09-01 12:33:18,68.06
2026-09-01 12:33:19,67.96
2026-09-01 12:33:20,67.48
2026-09-01 12:33:21,68.62
2026-09-01 12:33:22,68.13
2026-09-01 12:33:23,67.62
2026-09-01 12:33:24,68.03
2026-09-01 12:33:25,68.71
2026-09-01 12:33:26,68.21
2026-09-01 12:33:27,68.75
2026-09-01 12:33:28,67.68
2026-09-01 12:33:29,67.7
2026-09-01 12:33:30,68.06
2026-09-01 12:33:31,67.96
2026-09-01 12:33:32,68.79
2026-09-01 12:33:33,68.07
2026-09-01 12:33:34,67.63
2026-09-01 12:33:35,68.4
2026-09-01 12:33:36,68.16
2026-09-01 12:33:37,67.95
2026-09-01 12:33:38,67.99
2026-09-01 12:33:39,68.12
2026-09-01 12:33:40,68.41
2026-09-01 12:33:41,67.87
2026-09-01 12:33:42,67.91
2026-09-01 12:33:43,67.8
2026-09-01 12:33:44,67.5
2026-09-01 12:33:45,67.95
2026-09-01 12:33:46,68.15
2026-09-01 12:33:47,68.14
2026-09-01 12:33:48,68.44
2026-09-01 12:33:49,67.73
2026-09-01 12:33:50,67.97
2026-09-01 12:33:51,68.09
2026-09-01 12:33:52,68.08
2026-09-01 12:33:53,68.09
2026-09-01 12:33:54,68.37
2026-09-01 12:33:55,68.04
2026-09-01 12:33:56,68.03
2026-09-01 12:33:57,67.97
2026-09-01 12:33:58,68.2
2026-09-01 12:33:59,68.22
2026-09-01 12:34:00,68.34
2026-09-01 12:34:01,67.86
2026-09-01 12:34:02,68.03
2026-09-01 12:34:03,68.27
2026-09-01 12:34:04,67.85
2026-09-01 12:34:05,67.98
2026-09-01 12:34:06,68.25
2026-09-01 12:34:07,68.1
2026-09-01 12:34:08,68.02
2026-09-01 12:34:09,67.73
2026-09-01 12:34:10,67.94
2026-09-01 12:34:11,67.48
2026-09-01 12:34:12,68.11
2026-09-01 12:34:13,67.36
2026-09-01 12:34:14,67.55
2026-09-01 12:34:15,67.89
2026-09-01 12:34:16,67.98
2026-09-01 12:34:17,67.56
2026-09-01 12:34:18,68.44
2026-09-01 12:34:19,68.86
2026-09-01 12:34:20,68.1
2026-09-01 12:34:21,67.87
2026-09-01 12:34:22,68.11
2026-09-01 12:34:23,67.56
2026-09-01 12:34:24,68.19
2026-09-01 12:34:25,68.04
2026-09-01 12:34:26,68.03
2026-09-01 12:34:27,67.73
2026-09-01 12:34:28,68.51
2026-09-01 12:34:29,67.85
2026-09-01 12:34:30,67.63
2026-09-01 12:34:31,68.12
2026-09-01 12:34:32,67.84
2026-09-01 12:34:33,67.77
2026-09-01 12:34:34,68.15
2026-09-01 12:34:35,68.2
2026-09-01 12:34:36,68.17
2026-09-01 12:34:37,67.64
2026-09-01 12:34:38,67.88
2026-09-01 12:34:39,68.29
2026-09-01 12:34:40,67.91
2026-09-01 12:34:41,68.04
2026-09-01 12:34:42,68.29
2026-09-01 12:34:43,67.49
2026-09-01 12:34:44,68.08
2026-09-01 12:34:45,67.97
2026-09-01 12:34:46,67.49
2026-09-01 12:34:47,67.36
2026-09-01 12:34:48,68.03
2026-09-01 12:34:49,68.24
2026-09-01 12:34:50,68.01
2026-09-01 12:34:51,67.63
2026-09-01 12:34:52,68.21
2026-09-01 12:34:53,67.79
2026-09-01 12:34:54,68.52
2026-09-01 12:34:55,67.64
2026-09-01 12:34:56,68.52
2026-09-01 12:34:57,68.12
2026-09-01 12:34:58,67.85
2026-09-01 12:34:59,68.53
2026-09-01 12:35:00,67.85
2026-09-01 12:35:01,68.33
2026-09-01 12:35:02,68.33
2026-09-01 12:35:03,67.44
2026-09-01 12:35:04,67.9
2026-09-01 12:35:05,68.05
2026-09-01 12:35:06,68.56
2026-09-01 12:35:07,68.19
2026-09-01 12:35:08,67.55
2026-09-01 12:35:09,67.99
2026-09-01 12:35:10,68.55
2026-09-01 12:35:11,67.59
2026-09-01 12:35:12,67.85
2026-09-01 12:35:13,68.17
2026-09-01 12:35:14,67.88
2026-09-01 12:35:15,68.09
2026-09-01 12:35:16,68.44
2026-09-01 12:35:17,68.42
2026-09-01 12:35:18,67.53
2026-09-01 12:35:19,67.74
2026-09-01 12:35:20,67.96
2026-09-01 12:35:21,68.25
2026-09-01 12:35:22,68.02
2026-09-01 12:35:23,67.09
2026-09-01 12:35:24,67.46
2026-09-01 12:35:25,67.73
2026-09-01 12:35:26,67.48
2026-09-01 12:35:27,68.7
2026-09-01 12:35:28,67.92
2026-09-01 12:35:29,68.11
2026-09-01 12:35:30,67.75
2026-09-01 12:35:31,68.53
2026-09-01 12:35:32,67.39
2026-09-01 12:35:33,68.05
2026-09-01 12:35:34,68.27
2026-09-01 12:35:35,68.41
2026-09-01 12:35:36,68.24
2026-09-01 12:35:37,67.68
2026-09-01 12:35:38,67.67
2026-09-01 12:35:39,68.28
2026-09-01 12:35:40,68.04
2026-09-01 12:35:41,67.95
2026-09-01 12:35:42,67.81
2026-09-01 12:35:43,68.0
2026-09-01 12:35:44,68.45
2026-09-01 12:35:45,67.39
2026-09-01 12:35:46,68.2
2026-09-01 12:35:47,68.5
2026-09-01 12:35:48,68.23
2026-09-01 12:35:49,67.61
2026-09-01 12:35:50,68.23
2026-09-01 12:35:51,68.02
2026-09-01 12:35:52,68.73
2026-09-01 12:35:53,67.78
2026-09-01 12:35:54,68.12
2026-09-01 12:35:55,68.24
2026-09-01 12:35:56,67.87
2026-09-01 12:35:57,67.6
2026-09-01 12:35:58,67.54
2026-09-01 12:35:59,68.26
2026-09-01 12:36:00,67.24
2026-09-01 12:36:01,68.15
2026-09-01 12:36:02,67.91
2026-09-01 12:36:03,68.57
2026-09-01 12:36:04,68.1
2026-09-01 12:36:05,68.17
2026-09-01 12:36:06,67.81
2026-09-01 12:36:07,67.7
2026-09-01 12:36:08,67.93
2026-09-01 12:36:09,68.11
2026-09-01 12:36:10,67.54
2026-09-01 12:36:11,68.16
2026-09-01 12:36:12,67.77
2026-09-01 12:36:13,68.19
2026-09-01 12:36:14,67.47
2026-09-01 12:36:15,68.35
2026-09-01 12:36:16,67.88
2026-09-01 12:36:17,67.9
2026-09-01 12:36:18,67.9
2026-09-01 12:36:19,67.56
2026-09-01 12:36:20,68.17
2026-09-01 12:36:21,68.08
2026-09-01 12:36:22,67.63
2026-09-01 12:36:23,67.82
2026-09-01 12:36:24,67.96
2026-09-01 12:36:25,67.67
2026-09-01 12:36:26,68.54
2026-09-01 12:36:27,67.66
2026-09-01 12:36:28,68.04
2026-09-01 12:36:29,68.58
2026-09-01 12:36:30,67.73
2026-09-01 12:36:31,68.33
2026-09-01 12:36:32,67.6
2026-09-01 12:36:33,68.14
2026-09-01 12:36:34,67.47
2026-09-01 12:36:35,68.14
2026-09-01 12:36:36,68.12
2026-09-01 12:36:37,68.05
2026-09-01 12:36:38,68.39
2026-09-01 12:36:39,68.54
2026-09-01 12:36:40,68.79
2026-09-01 12:36:41,68.04
2026-09-01 12:36:42,67.5
2026-09-01 12:36:43,68.49
2026-09-01 12:36:44,67.57
2026-09-01 12:36:45,68.0
2026-09-01 12:36:46,67.84
2026-09-01 12:36:47,67.89
2026-09-01 12:36:48,68.45
2026-09-01 12:36:49,68.33
2026-09-01 12:36:50,67.73
2026-09-01 12:36:51,67.66
2026-09-01 12:36:52,67.85
2026-09-01 12:36:53,68.14
2026-09-01 12:36:54,67.96
2026-09-01 12:36:55,68.37
2026-09-01 12:36:56,68.0
2026-09-01 12:36:57,68.03
2026-09-01 12:36:58,67.96
2026-09-01 12:36:59,68.18
2026-09-01 12:37:00,68.11
2026-09-01 12:37:01,68.18
2026-09-01 12:37:02,68.09
2026-09-01 12:37:03,67.83
2026-09-01 12:37:04,67.45
2026-09-01 12:37:05,67.9
2026-09-01 12:37:06,67.61
2026-09-01 12:37:07,67.99
2026-09-01 12:37:08,67.89
2026-09-01 12:37:09,67.72
2026-09-01 12:37:10,68.2
2026-09-01 12:37:11,67.51
2026-09-01 12:37:12,68.54
2026-09-01 12:37:13,68.27
2026-09-01 12:37:14,67.84
2026-09-01 12:37:15,68.17
2026-09-01 12:37:16,68.29
2026-09-01 12:37:17,68.0
2026-09-01 12:37:18,68.51
2026-09-01 12:37:19,67.7
2026-09-01 12:37:20,67.69
2026-09-01 12:37:21,68.3
2026-09-01 12:37:22,68.38
2026-09-01 12:37:23,67.59
2026-09-01 12:37:24,68.25
2026-09-01 12:37:25,68.1
2026-09-01 12:37:26,68.0
2026-09-01 12:37:27,67.48
2026-09-01 12:37:28,67.82
2026-09-01 12:37:29,68.04
2026-09-01 12:37:30,67.71
2026-09-01 12:37:31,67.88
2026-09-01 12:37:32,68.05
2026-09-01 12:37:33,67.83
2026-09-01 12:37:34,67.69
2026-09-01 12:37:35,68.12
2026-09-01 12:37:36,68.69
2026-09-01 12:37:37,67.86
2026-09-01 12:37:38,67.81
2026-09-01 12:37:39,68.23
2026-09-01 12:37:40,68.54
2026-09-01 12:37:41,68.46
2026-09-01 12:37:42,67.9
2026-09-01 12:37:43,68.19
2026-09-01 12:37:44,68.0
2026-09-01 12:37:45,68.12
2026-09-01 12:37:46,68.07
2026-09-01 12:37:47,68.01
2026-09-01 12:37:48,67.8
2026-09-01 12:37:49,68.3
2026-09-01 12:37:50,67.94
2026-09-01 12:37:51,68.34
2026-09-01 12:37:52,68.11
2026-09-01 12:37:53,68.23
2026-09-01 12:37:54,67.86
2026-09-01 12:37:55,68.66
2026-09-01 12:37:56,67.9
2026-09-01 12:37:57,68.22
2026-09-01 12:37:58,68.48
2026-09-01 12:37:59,67.92
2026-09-01 12:38:00,68.11
2026-09-01 12:38:01,67.89
2026-09-01 12:38:02,68.18
2026-09-01 12:38:03,68.15
2026-09-01 12:38:04,68.2
2026-09-01 12:38:05,67.79
2026-09-01 12:38:06,67.66
2026-09-01 12:38:07,67.55
2026-09-01 12:38:08,67.79
2026-09-01 12:38:09,68.4
2026-09-01 12:38:10,68.52
2026-09-01 12:38:11,68.05
2026-09-01 12:38:12,68.11
2026-09-01 12:38:13,68.18
2026-09-01 12:38:14,67.6
2026-09-01 12:38:15,67.3
2026-09-01 12:38:16,67.94
2026-09-01 12:38:17,68.15
2026-09-01 12:38:18,68.09
2026-09-01 12:38:19,67.45
2026-09-01 12:38:20,68.35
2026-09-01 12:38:21,67.8
2026-09-01 12:38:22,67.82
2026-09-01 12:38:23,68.07
2026-09-01 12:38:24,68.34
2026-09-01 12:38:25,67.92
2026-09-01 12:38:26,67.86
2026-09-01 12:38:27,68.3
2026-09-01 12:38:28,67.97
2026-09-01 12:38:29,67.8
2026-09-01 12:38:30,68.2
2026-09-01 12:38:31,67.59
2026-09-01 12:38:32,68.6
2026-09-01 12:38:33,67.86
2026-09-01 12:38:34,67.89
2026-09-01 12:38:35,67.99
2026-09-01 12:38:36,68.2
2026-09-01 12:38:37,68.15
2026-09-01 12:38:38,68.09
2026-09-01 12:38:39,67.99
2026-09-01 12:38:40,67.89
2026-09-01 12:38:41,68.19
2026-09-01 12:38:42,68.69
2026-09-01 12:38:43,68.25
2026-09-01 12:38:44,68.11
2026-09-01 12:38:45,67.9
2026-09-01 12:38:46,68.14
2026-09-01 12:38:47,68.12
2026-09-01 12:38:48,68.27
2026-09-01 12:38:49,68.52
2026-09-01 12:38:50,68.01
2026-09-01 12:38:51,68.03
2026-09-01 12:38:52,67.96
2026-09-01 12:38:53,68.08
2026-09-01 12:38:54,68.43
2026-09-01 12:38:55,67.99
2026-09-01 12:38:56,67.88
2026-09-01 12:38:57,67.94
2026-09-01 12:38:58,68.28
2026-09-01 12:38:59,68.16
2026-09-01 12:39:00,67.68
2026-09-01 12:39:01,68.23
2026-09-01 12:39:02,67.59
2026-09-01 12:39:03,68.38
2026-09-01 12:39:04,68.03
2026-09-01 12:39:05,68.16
2026-09-01 12:39:06,67.99
2026-09-01 12:39:07,67.48
2026-09-01 12:39:08,67.65
2026-09-01 12:39:09,67.72
2026-09-01 12:39:10,67.76
2026-09-01 12:39:11,67.88
2026-09-01 12:39:12,67.88
2026-09-01 12:39:13,67.66
2026-09-01 12:39:14,67.59
2026-09-01 12:39:15,67.58
2026-09-01 12:39:16,68.48
2026-09-01 12:39:17,68.11
2026-09-01 12:39:18,67.75
2026-09-01 12:39:19,67.68
2026-09-01 12:39:20,68.29
2026-09-01 12:39:21,68.17
2026-09-01 12:39:22,68.14
2026-09-01 12:39:23,68.06
2026-09-01 12:39:24,68.44
2026-09-01 12:39:25,67.65
2026-09-01 12:39:26,68.38
2026-09-01 12:39:27,68.76
2026-09-01 12:39:28,67.92
2026-09-01 12:39:29,68.13
2026-09-01 12:39:30,68.06
2026-09-01 12:39:31,67.58
2026-09-01 12:39:32,67.61
2026-09-01 12:39:33,67.73
2026-09-01 12:39:34,67.97
2026-09-01 12:39:35,68.0
2026-09-01 12:39:36,67.68
2026-09-01 12:39:37,68.22
2026-09-01 12:39:38,67.82
2026-09-01 12:39:39,68.31
2026-09-01 12:39:40,67.97
2026-09-01 12:39:41,68.16
2026-09-01 12:39:42,67.97
2026-09-01 12:39:43,67.87
2026-09-01 12:39:44,67.84
2026-09-01 12:39:45,67.98
2026-09-01 12:39:46,67.71
2026-09-01 12:39:47,67.58
2026-09-01 12:39:48,68.22
2026-09-01 12:39:49,67.61
2026-09-01 12:39:50,68.47
2026-09-01 12:39:51,68.11
2026-09-01 12:39:52,68.04
2026-09-01 12:39:53,67.64
2026-09-01 12:39:54,67.99
2026-09-01 12:39:55,68.09
2026-09-01 12:39:56,67.94
2026-09-01 12:39:57,67.96
2026-09-01 12:39:58,68.68
2026-09-01 12:39:59,67.66
2026-09-01 12:40:00,67.76
2026-09-01 12:40:01,67.53
2026-09-01 12:40:02,68.15
2026-09-01 12:40:03,68.47
2026-09-01 12:40:04,67.63
2026-09-01 12:40:05,68.46
2026-09-01 12:40:06,68.33
2026-09-01 12:40:07,67.71
2026-09-01 12:40:08,67.55
2026-09-01 12:40:09,68.13
2026-09-01 12:40:10,67.7
2026-09-01 12:40:11,67.54
2026-09-01 12:40:12,68.16
2026-09-01 12:40:13,68.12
2026-09-01 12:40:14,67.98
2026-09-01 12:40:15,67.9
2026-09-01 12:40:16,68.29
2026-09-01 12:40:17,68.0
2026-09-01 12:40:18,68.02
2026-09-01 12:40:19,68.15
2026-09-01 12:40:20,67.34
2026-09-01 12:40:21,68.44
2026-09-01 12:40:22,68.36
2026-09-01 12:40:23,67.49
2026-09-01 12:40:24,68.2
2026-09-01 12:40:25,68.49
2026-09-01 12:40:26,68.16
2026-09-01 12:40:27,68.52
2026-09-01 12:40:28,67.99
2026-09-01 12:40:29,67.78
2026-09-01 12:40:30,67.76
2026-09-01 12:40:31,68.33
2026-09-01 12:40:32,67.47
2026-09-01 12:40:33,68.3
2026-09-01 12:40:34,68.45
2026-09-01 12:40:35,68.39
2026-09-01 12:40:36,68.17
2026-09-01 12:40:37,68.2
2026-09-01 12:40:38,68.36
2026-09-01 12:40:39,68.13
2026-09-01 12:40:40,67.8
2026-09-01 12:40:41,68.37
2026-09-01 12:40:42,68.05
2026-09-01 12:40:43,67.78
2026-09-01 12:40:44,67.74
2026-09-01 12:40:45,68.08
2026-09-01 12:40:46,68.47
2026-09-01 12:40:47,68.27
2026-09-01 12:40:48,68.31
2026-09-01 12:40:49,67.54
2026-09-01 12:40:50,68.62
2026-09-01 12:40:51,68.1
2026-09-01 12:40:52,68.11
2026-09-01 12:40:53,68.43
2026-09-01 12:40:54,67.86
2026-09-01 12:40:55,68.14
2026-09-01 12:40:56,68.2
2026-09-01 12:40:57,68.29
2026-09-01 12:40:58,67.84
2026-09-01 12:40:59,67.48
2026-09-01 12:41:00,68.13
2026-09-01 12:41:01,68.39
2026-09-01 12:41:02,67.58
2026-09-01 12:41:03,67.78
2026-09-01 12:41:04,67.88
2026-09-01 12:41:05,68.31
2026-09-01 12:41:06,67.97
2026-09-01 12:41:07,67.98
2026-09-01 12:41:08,68.19
2026-09-01 12:41:09,67.89
2026-09-01 12:41:10,68.07
2026-09-01 12:41:11,67.95
2026-09-01 12:41:12,67.9
2026-09-01 12:41:13,68.27
2026-09-01 12:41:14,68.03
2026-09-01 12:41:15,68.54
2026-09-01 12:41:16,68.05
2026-09-01 12:41:17,67.98
2026-09-01 12:41:18,67.59
2026-09-01 12:41:19,67.56
2026-09-01 12:41:20,68.58
2026-09-01 12:41:21,68.14
2026-09-01 12:41:22,68.0
2026-09-01 12:41:23,68.0
2026-09-01 12:41:24,68.12
2026-09-01 12:41:25,68.05
2026-09-01 12:41:26,68.18
2026-09-01 12:41:27,67.54
2026-09-01 12:41:28,68.23
2026-09-01 12:41:29,67.53
2026-09-01 12:41:30,67.86
2026-09-01 12:41:31,67.95
2026-09-01 12:41:32,67.83
2026-09-01 12:41:33,67.9
2026-09-01 12:41:34,67.79
2026-09-01 12:41:35,68.34
2026-09-01 12:41:36,67.93
2026-09-01 12:41:37,67.97
2026-09-01 12:41:38,68.23
2026-09-01 12:41:39,68.5
2026-09-01 12:41:40,68.02
2026-09-01 12:41:41,68.04
2026-09-01 12:41:42,67.8
2026-09-01 12:41:43,68.23
2026-09-01 12:41:44,68.15
2026-09-01 12:41:45,67.54
2026-09-01 12:41:46,68.12
2026-09-01 12:41:47,68.55
2026-09-01 12:41:48,68.14
2026-09-01 12:41:49,68.27
2026-09-01 12:41:50,68.0
2026-09-01 12:41:51,67.89
2026-09-01 12:41:52,68.31
2026-09-01 12:41:53,67.68
2026-09-01 12:41:54,68.27
2026-09-01 12:41:55,67.9
2026-09-01 12:41:56,67.76
2026-09-01 12:41:57,68.2
2026-09-01 12:41:58,67.98
2026-09-01 12:41:59,67.85
2026-09-01 12:42:00,67.98
2026-09-01 12:42:01,67.67
2026-09-01 12:42:02,67.92
2026-09-01 12:42:03,68.34
2026-09-01 12:42:04,67.67
2026-09-01 12:42:05,68.24
2026-09-01 12:42:06,68.24
2026-09-01 12:42:07,67.78
2026-09-01 12:42:08,68.58
2026-09-01 12:42:09,68.13
2026-09-01 12:42:10,67.98
2026-09-01 12:42:11,67.86
2026-09-01 12:42:12,67.95
2026-09-01 12:42:13,67.95
2026-09-01 12:42:14,68.21
2026-09-01 12:42:15,67.87
2026-09-01 12:42:16,68.01
2026-09-01 12:42:17,68.75
2026-09-01 12:42:18,68.27
2026-09-01 12:42:19,68.09
2026-09-01 12:42:20,68.09
2026-09-01 12:42:21,67.63
2026-09-01 12:42:22,67.94
2026-09-01 12:42:23,68.38
2026-09-01 12:42:24,68.38
2026-09-01 12:42:25,67.93
2026-09-01 12:42:26,67.82
2026-09-01 12:42:27,68.12
2026-09-01 12:42:28,67.63
2026-09-01 12:42:29,68.21
2026-09-01 12:42:30,67.74
2026-09-01 12:42:31,68.06
2026-09-01 12:42:32,67.84
2026-09-01 12:42:33,67.99
2026-09-01 12:42:34,67.77
2026-09-01 12:42:35,67.82
2026-09-01 12:42:36,68.29
2026-09-01 12:42:37,67.97
2026-09-01 12:42:38,68.19
2026-09-01 12:42:39,68.05
2026-09-01 12:42:40,67.98
2026-09-01 12:42:41,67.92
2026-09-01 12:42:42,68.11
2026-09-01 12:42:43,67.96
2026-09-01 12:42:44,67.47
2026-09-01 12:42:45,67.98
2026-09-01 12:42:46,68.16
2026-09-01 12:42:47,68.2
2026-09-01 12:42:48,67.89
2026-09-01 12:42:49,67.77
2026-09-01 12:42:50,68.38
2026-09-01 12:42:51,68.69
2026-09-01 12:42:52,68.48
2026-09-01 12:42:53,67.2
2026-09-01 12:42:54,67.43
2026-09-01 12:42:55,67.57
2026-09-01 12:42:56,68.56
2026-09-01 12:42:57,68.04
2026-09-01 12:42:58,68.24
2026-09-01 12:42:59,68.14
2026-09-01 12:43:00,67.52
2026-09-01 12:43:01,67.51
2026-09-01 12:43:02,68.15
2026-09-01 12:43:03,67.37
2026-09-01 12:43:04,68.28
2026-09-01 12:43:05,68.3
2026-09-01 12:43:06,67.71
2026-09-01 12:43:07,67.96
2026-09-01 12:43:08,67.81
2026-09-01 12:43:09,67.56
2026-09-01 12:43:10,68.5
2026-09-01 12:43:11,67.81
2026-09-01 12:43:12,68.69
2026-09-01 12:43:13,68.07
2026-09-01 12:43:14,67.95
2026-09-01 12:43:15,67.97
2026-09-01 12:43:16,67.97
2026-09-01 12:43:17,67.92
2026-09-01 12:43:18,67.88
2026-09-01 12:43:19,67.91
2026-09-01 12:43:20,68.53
2026-09-01 12:43:21,68.11
2026-09-01 12:43:22,67.88
2026-09-01 12:43:23,68.04
2026-09-01 12:43:24,68.21
2026-09-01 12:43:25,67.81
2026-09-01 12:43:26,68.3
2026-09-01 12:43:27,68.7
2026-09-01 12:43:28,67.96
2026-09-01 12:43:29,67.73
2026-09-01 12:43:30,67.72
2026-09-01 12:43:31,68.09
2026-09-01 12:43:32,68.4
2026-09-01 12:43:33,68.05
2026-09-01 12:43:34,68.72
2026-09-01 12:43:35,68.18
2026-09-01 12:43:36,68.37
2026-09-01 12:43:37,68.23
2026-09-01 12:43:38,68.28
2026-09-01 12:43:39,68.37
2026-09-01 12:43:40,68.31
2026-09-01 12:43:41,67.88
2026-09-01 12:43:42,67.93
2026-09-01 12:43:43,68.37
2026-09-01 12:43:44,67.94
2026-09-01 12:43:45,68.24
2026-09-01 12:43:46,67.87
2026-09-01 12:43:47,67.95
2026-09-01 12:43:48,67.95
2026-09-01 12:43:49,68.37
2026-09-01 12:43:50,68.19
2026-09-01 12:43:51,67.87
2026-09-01 12:43:52,67.71
2026-09-01 12:43:53,67.98
2026-09-01 12:43:54,67.58
2026-09-01 12:43:55,67.02
2026-09-01 12:43:56,67.33
2026-09-01 12:43:57,68.09
2026-09-01 12:43:58,67.82
2026-09-01 12:43:59,68.11
2026-09-01 12:44:00,68.11
2026-09-01 12:44:01,68.08
2026-09-01 12:44:02,67.73
2026-09-01 12:44:03,68.16
2026-09-01 12:44:04,68.31
2026-09-01 12:44:05,67.63
2026-09-01 12:44:06,67.79
2026-09-01 12:44:07,68.32
2026-09-01 12:44:08,68.04
2026-09-01 12:44:09,67.07
2026-09-01 12:44:10,67.51
2026-09-01 12:44:11,67.8
2026-09-01 12:44:12,68.06
2026-09-01 12:44:13,67.72
2026-09-01 12:44:14,67.99
2026-09-01 12:44:15,68.35
2026-09-01 12:44:16,68.17
2026-09-01 12:44:17,67.77
2026-09-01 12:44:18,68.13
2026-09-01 12:44:19,68.35
2026-09-01 12:44:20,68.09
2026-09-01 12:44:21,68.3
2026-09-01 12:44:22,68.4
2026-09-01 12:44:23,68.1
2026-09-01 12:44:24,68.36
2026-09-01 12:44:25,68.52
2026-09-01 12:44:26,68.19
2026-09-01 12:44:27,68.04
2026-09-01 12:44:28,67.66
2026-09-01 12:44:29,67.74
2026-09-01 12:44:30,68.06
2026-09-01 12:44:31,67.61
2026-09-01 12:44:32,67.32
2026-09-01 12:44:33,67.55
2026-09-01 12:44:34,67.82
2026-09-01 12:44:35,67.53
2026-09-01 12:44:36,68.18
2026-09-01 12:44:37,68.23
2026-09-01 12:44:38,68.1
2026-09-01 12:44:39,68.57
2026-09-01 12:44:40,67.96
2026-09-01 12:44:41,68.04
2026-09-01 12:44:42,67.62
2026-09-01 12:44:43,67.7
2026-09-01 12:44:44,67.72
2026-09-01 12:44:45,67.59
2026-09-01 12:44:46,67.58
2026-09-01 12:44:47,67.55
2026-09-01 12:44:48,67.63
2026-09-01 12:44:49,68.39
2026-09-01 12:44:50,68.12
2026-09-01 12:44:51,68.21
2026-09-01 12:44:52,67.94
2026-09-01 12:44:53,67.81
2026-09-01 12:44:54,67.61
2026-09-01 12:44:55,67.84
2026-09-01 12:44:56,67.9
2026-09-01 12:44:57,68.06
2026-09-01 12:44:58,67.64
2026-09-01 12:44:59,67.97
2026-09-01 12:45:00,67.66
2026-09-01 12:45:01,68.05
2026-09-01 12:45:02,68.11
2026-09-01 12:45:03,67.7
2026-09-01 12:45:04,68.27
2026-09-01 12:45:05,68.36
2026-09-01 12:45:06,67.76
2026-09-01 12:45:07,67.68
2026-09-01 12:45:08,67.86
2026-09-01 12:45:09,67.46
2026-09-01 12:45:10,68.07
2026-09-01 12:45:11,67.8
2026-09-01 12:45:12,68.03
2026-09-01 12:45:13,67.74
2026-09-01 12:45:14,68.14
2026-09-01 12:45:15,67.62
2026-09-01 12:45:16,68.03
2026-09-01 12:45:17,68.71
2026-09-01 12:45:18,68.46
2026-09-01 12:45:19,67.97
2026-09-01 12:45:20,67.83
2026-09-01 12:45:21,67.74
2026-09-01 12:45:22,67.29
2026-09-01 12:45:23,68.61
2026-09-01 12:45:24,67.92
2026-09-01 12:45:25,67.52
2026-09-01 12:45:26,67.6
2026-09-01 12:45:27,67.8
2026-09-01 12:45:28,68.12
2026-09-01 12:45:29,68.04
2026-09-01 12:45:30,67.83
2026-09-01 12:45:31,67.73
2026-09-01 12:45:32,67.95
2026-09-01 12:45:33,68.14
2026-09-01 12:45:34,67.41
2026-09-01 12:45:35,68.02
2026-09-01 12:45:36,68.0
2026-09-01 12:45:37,67.82
2026-09-01 12:45:38,67.73
2026-09-01 12:45:39,67.45
2026-09-01 12:45:40,67.93
2026-09-01 12:45:41,67.41
2026-09-01 12:45:42,68.09
2026-09-01 12:45:43,68.12
2026-09-01 12:45:44,68.29
2026-09-01 12:45:45,68.16
2026-09-01 12:45:46,68.28
2026-09-01 12:45:47,68.14
2026-09-01 12:45:48,67.84
2026-09-01 12:45:49,68.24
2026-09-01 12:45:50,68.04
2026-09-01 12:45:51,67.93
2026-09-01 12:45:52,67.67
2026-09-01 12:45:53,68.22
2026-09-01 12:45:54,68.13
2026-09-01 12:45:55,68.79
2026-09-01 12:45:56,68.1
2026-09-01 12:45:57,67.81
2026-09-01 12:45:58,68.25
2026-09-01 12:45:59,68.17
2026-09-01 12:46:00,68.44
2026-09-01 12:46:01,68.09
2026-09-01 12:46:02,67.72
2026-09-01 12:46:03,68.01
2026-09-01 12:46:04,68.2
2026-09-01 12:46:05,68.07
2026-09-01 12:46:06,68.38
2026-09-01 12:46:07,68.08
2026-09-01 12:46:08,68.06
2026-09-01 12:46:09,67.82
2026-09-01 12:46:10,67.94
2026-09-01 12:46:11,68.27
2026-09-01 12:46:12,68.22
2026-09-01 12:46:13,68.34
2026-09-01 12:46:14,67.66
2026-09-01 12:46:15,67.94
2026-09-01 12:46:16,67.88
2026-09-01 12:46:17,67.71
2026-09-01 12:46:18,68.1
2026-09-01 12:46:19,68.12
2026-09-01 12:46:20,68.56
2026-09-01 12:46:21,67.88
2026-09-01 12:46:22,67.89
2026-09-01 12:46:23,68.0
2026-09-01 12:46:24,67.91
2026-09-01 12:46:25,68.58
2026-09-01 12:46:26,67.89
2026-09-01 12:46:27,67.96
2026-09-01 12:46:28,68.02
2026-09-01 12:46:29,67.32
2026-09-01 12:46:30,67.99
2026-09-01 12:46:31,68.58
2026-09-01 12:46:32,67.62
2026-09-01 12:46:33,67.46
2026-09-01 12:46:34,68.08
2026-09-01 12:46:35,67.67
2026-09-01 12:46:36,67.8
2026-09-01 12:46:37,67.85
2026-09-01 12:46:38,68.29
2026-09-01 12:46:39,67.99
2026-09-01 12:46:40,67.76
2026-09-01 12:46:41,68.07
2026-09-01 12:46:42,68.07
2026-09-01 12:46:43,67.91
2026-09-01 12:46:44,68.32
2026-09-01 12:46:45,67.96
2026-09-01 12:46:46,67.76
2026-09-01 12:46:47,68.22
2026-09-01 12:46:48,68.07
2026-09-01 12:46:49,68.26
2026-09-01 12:46:50,67.62
2026-09-01 12:46:51,68.01
2026-09-01 12:46:52,68.62
2026-09-01 12:46:53,67.98
2026-09-01 12:46:54,68.05
2026-09-01 12:46:55,67.79
2026-09-01 12:46:56,67.84
2026-09-01 12:46:57,68.35
2026-09-01 12:46:58,67.92
2026-09-01 12:46:59,68.21
2026-09-01 12:47:00,68.0
2026-09-01 12:47:01,68.36
2026-09-01 12:47:02,67.65
2026-09-01 12:47:03,67.96
2026-09-01 12:47:04,68.34
2026-09-01 12:47:05,68.21
2026-09-01 12:47:06,67.6
2026-09-01 12:47:07,67.96
2026-09-01 12:47:08,68.09
2026-09-01 12:47:09,68.08
2026-09-01 12:47:10,67.88
2026-09-01 12:47:11,68.06
2026-09-01 12:47:12,67.97
2026-09-01 12:47:13,68.11
2026-09-01 12:47:14,67.79
2026-09-01 12:47:15,68.3
2026-09-01 12:47:16,68.27
2026-09-01 12:47:17,67.93
2026-09-01 12:47:18,68.04
2026-09-01 12:47:19,68.35
2026-09-01 12:47:20,67.5
2026-09-01 12:47:21,67.88
2026-09-01 12:47:22,67.67
2026-09-01 12:47:23,68.16
2026-09-01 12:47:24,67.92
2026-09-01 12:47:25,68.05
2026-09-01 12:47:26,67.94
2026-09-01 12:47:27,68.09
2026-09-01 12:47:28,67.95
2026-09-01 12:47:29,67.6
2026-09-01 12:47:30,67.86
2026-09-01 12:47:31,68.12
2026-09-01 12:47:32,68.01
2026-09-01 12:47:33,68.37
2026-09-01 12:47:34,67.9
2026-09-01 12:47:35,67.54
2026-09-01 12:47:36,68.14
2026-09-01 12:47:37,67.86
2026-09-01 12:47:38,68.25
2026-09-01 12:47:39,68.3
2026-09-01 12:47:40,68.31
2026-09-01 12:47:41,67.91
2026-09-01 12:47:42,67.87
2026-09-01 12:47:43,68.31
2026-09-01 12:47:44,67.98
2026-09-01 12:47:45,67.79
2026-09-01 12:47:46,67.57
2026-09-01 12:47:47,68.09
2026-09-01 12:47:48,67.82
2026-09-01 12:47:49,67.92
2026-09-01 12:47:50,67.9
2026-09-01 12:47:51,67.83
2026-09-01 12:47:52,68.26
2026-09-01 12:47:53,67.59
2026-09-01 12:47:54,67.77
2026-09-01 12:47:55,68.32
2026-09-01 12:47:56,68.06
2026-09-01 12:47:57,68.2
2026-09-01 12:47:58,68.07
2026-09-01 12:47:59,67.91
2026-09-01 12:48:00,67.38
2026-09-01 12:48:01,67.8
2026-09-01 12:48:02,67.67
2026-09-01 12:48:03,67.86
2026-09-01 12:48:04,68.46
2026-09-01 12:48:05,67.78
2026-09-01 12:48:06,67.94
2026-09-01 12:48:07,67.88
2026-09-01 12:48:08,68.23
2026-09-01 12:48:09,68.31
2026-09-01 12:48:10,67.97
2026-09-01 12:48:11,68.08
2026-09-01 12:48:12,68.21
2026-09-01 12:48:13,67.64
2026-09-01 12:48:14,67.35
2026-09-01 12:48:15,67.86
2026-09-01 12:48:16,68.12
2026-09-01 12:48:17,67.66
2026-09-01 12:48:18,67.93
2026-09-01 12:48:19,67.44
2026-09-01 12:48:20,67.77
2026-09-01 12:48:21,67.6
2026-09-01 12:48:22,68.01
2026-09-01 12:48:23,67.97
2026-09-01 12:48:24,67.63
2026-09-01 12:48:25,68.26
2026-09-01 12:48:26,67.59
2026-09-01 12:48:27,67.79
2026-09-01 12:48:28,67.77
2026-09-01 12:48:29,67.8
2026-09-01 12:48:30,68.34
2026-09-01 12:48:31,67.7
2026-09-01 12:48:32,67.77
2026-09-01 12:48:33,67.34
2026-09-01 12:48:34,67.9
2026-09-01 12:48:35,67.96
2026-09-01 12:48:36,68.29
2026-09-01 12:48:37,67.16
2026-09-01 12:48:38,68.16
2026-09-01 12:48:39,67.74
2026-09-01 12:48:40,67.75
2026-09-01 12:48:41,67.66
2026-09-01 12:48:42,67.85
2026-09-01 12:48:43,67.97
2026-09-01 12:48:44,67.78
2026-09-01 12:48:45,68.19
2026-09-01 12:48:46,68.22
2026-09-01 12:48:47,68.15
2026-09-01 12:48:48,68.02
2026-09-01 12:48:49,67.88
2026-09-01 12:48:50,67.63
2026-09-01 12:48:51,68.11
2026-09-01 12:48:52,68.33
2026-09-01 12:48:53,67.76
2026-09-01 12:48:54,67.57
2026-09-01 12:48:55,68.08
2026-09-01 12:48:56,67.45
2026-09-01 12:48:57,68.18
2026-09-01 12:48:58,68.27
2026-09-01 12:48:59,67.98
2026-09-01 12:49:00,68.41
2026-09-01 12:49:01,68.11
2026-09-01 12:49:02,67.89
2026-09-01 12:49:03,67.93
2026-09-01 12:49:04,67.81
2026-09-01 12:49:05,68.04
2026-09-01 12:49:06,67.64
2026-09-01 12:49:07,67.42
2026-09-01 12:49:08,67.65
2026-09-01 12:49:09,68.14
2026-09-01 12:49:10,68.17
2026-09-01 12:49:11,68.28
2026-09-01 12:49:12,67.94
2026-09-01 12:49:13,67.92
2026-09-01 12:49:14,67.81
2026-09-01 12:49:15,68.03
2026-09-01 12:49:16,68.33
2026-09-01 12:49:17,68.29
2026-09-01 12:49:18,68.09
2026-09-01 12:49:19,67.96
2026-09-01 12:49:20,67.62
2026-09-01 12:49:21,68.19
2026-09-01 12:49:22,68.05
2026-09-01 12:49:23,68.32
2026-09-01 12:49:24,67.95
2026-09-01 12:49:25,68.12
2026-09-01 12:49:26,68.6
2026-09-01 12:49:27,68.1
2026-09-01 12:49:28,68.33
2026-09-01 12:49:29,67.9
2026-09-01 12:49:30,68.32
2026-09-01 12:49:31,67.53
2026-09-01 12:49:32,68.09
2026-09-01 12:49:33,68.32
2026-09-01 12:49:34,68.06
2026-09-01 12:49:35,67.97
2026-09-01 12:49:36,68.2
2026-09-01 12:49:37,67.29
2026-09-01 12:49:38,67.86
2026-09-01 12:49:39,68.42
2026-09-01 12:49:40,67.71
2026-09-01 12:49:41,68.13
2026-09-01 12:49:42,67.48
2026-09-01 12:49:43,68.5
2026-09-01 12:49:44,67.64
2026-09-01 12:49:45,67.45
2026-09-01 12:49:46,68.22
2026-09-01 12:49:47,68.66
2026-09-01 12:49:48,68.36
2026-09-01 12:49:49,68.12
2026-09-01 12:49:50,67.35
2026-09-01 12:49:51,67.72
2026-09-01 12:49:52,67.71
2026-09-01 12:49:53,68.11
2026-09-01 12:49:54,68.29
2026-09-01 12:49:55,68.15
2026-09-01 12:49:56,67.95
2026-09-01 12:49:57,68.48
2026-09-01 12:49:58,68.39
2026-09-01 12:49:59,67.86
2026-09-01 12:50:00,67.88
2026-09-01 12:50:01,67.92
2026-09-01 12:50:02,67.7
2026-09-01 12:50:03,68.15
2026-09-01 12:50:04,68.07
2026-09-01 12:50:05,67.83
2026-09-01 12:50:06,68.0
2026-09-01 12:50:07,68.04
2026-09-01 12:50:08,67.95
2026-09-01 12:50:09,67.97
2026-09-01 12:50:10,67.6
2026-09-01 12:50:11,67.92
2026-09-01 12:50:12,67.94
2026-09-01 12:50:13,68.23
2026-09-01 12:50:14,68.12
2026-09-01 12:50:15,68.53
2026-09-01 12:50:16,68.12
2026-09-01 12:50:17,67.77
2026-09-01 12:50:18,68.39
2026-09-01 12:50:19,68.1
2026-09-01 12:50:20,68.06
2026-09-01 12:50:21,68.13
2026-09-01 12:50:22,67.6
2026-09-01 12:50:23,68.27
2026-09-01 12:50:24,67.27
2026-09-01 12:50:25,68.45
2026-09-01 12:50:26,68.23
2026-09-01 12:50:27,68.05
2026-09-01 12:50:28,68.16
2026-09-01 12:50:29,67.83
2026-09-01 12:50:30,67.93
2026-09-01 12:50:31,68.71
2026-09-01 12:50:32,68.07
2026-09-01 12:50:33,68.16
2026-09-01 12:50:34,67.52
2026-09-01 12:50:35,68.56
2026-09-01 12:50:36,67.91
2026-09-01 12:50:37,67.79
2026-09-01 12:50:38,67.57
2026-09-01 12:50:39,68.0
2026-09-01 12:50:40,68.15
2026-09-01 12:50:41,67.71
2026-09-01 12:50:42,67.32
2026-09-01 12:50:43,67.94
2026-09-01 12:50:44,67.49
2026-09-01 12:50:45,68.02
2026-09-01 12:50:46,67.84
2026-09-01 12:50:47,68.6
2026-09-01 12:50:48,68.33
2026-09-01 12:50:49,68.37
2026-09-01 12:50:50,68.27
2026-09-01 12:50:51,68.49
2026-09-01 12:50:52,68.05
2026-09-01 12:50:53,68.01
2026-09-01 12:50:54,67.82
2026-09-01 12:50:55,68.17
2026-09-01 12:50:56,68.13
2026-09-01 12:50:57,68.29
2026-09-01 12:50:58,67.84
2026-09-01 12:50:59,68.44
2026-09-01 12:51:00,67.84
2026-09-01 12:51:01,68.16
2026-09-01 12:51:02,67.24
2026-09-01 12:51:03,68.0
2026-09-01 12:51:04,67.47
2026-09-01 12:51:05,68.19
2026-09-01 12:51:06,68.19
2026-09-01 12:51:07,67.87
2026-09-01 12:51:08,68.04
2026-09-01 12:51:09,68.0
2026-09-01 12:51:10,68.19
2026-09-01 12:51:11,67.7
2026-09-01 12:51:12,67.84
2026-09-01 12:51:13,67.95
2026-09-01 12:51:14,67.88
2026-09-01 12:51:15,68.36
2026-09-01 12:51:16,68.15
2026-09-01 12:51:17,67.67
2026-09-01 12:51:18,68.52
2026-09-01 12:51:19,67.91
2026-09-01 12:51:20,68.27
2026-09-01 12:51:21,67.94
2026-09-01 12:51:22,67.65
2026-09-01 12:51:23,68.53
2026-09-01 12:51:24,68.1
2026-09-01 12:51:25,67.68
2026-09-01 12:51:26,67.84
2026-09-01 12:51:27,67.96
2026-09-01 12:51:28,67.71
2026-09-01 12:51:29,68.17
2026-09-01 12:51:30,67.56
2026-09-01 12:51:31,68.02
2026-09-01 12:51:32,67.54
2026-09-01 12:51:33,68.03
2026-09-01 12:51:34,67.79
2026-09-01 12:51:35,67.72
2026-09-01 12:51:36,67.93
2026-09-01 12:51:37,68.25
2026-09-01 12:51:38,68.02
2026-09-01 12:51:39,68.16
2026-09-01 12:51:40,67.82
2026-09-01 12:51:41,67.35
2026-09-01 12:51:42,67.54
2026-09-01 12:51:43,68.16
2026-09-01 12:51:44,67.53
2026-09-01 12:51:45,68.12
2026-09-01 12:51:46,67.77
2026-09-01 12:51:47,67.78
2026-09-01 12:51:48,68.03
2026-09-01 12:51:49,68.23
2026-09-01 12:51:50,67.77
2026-09-01 12:51:51,68.3
2026-09-01 12:51:52,67.82
2026-09-01 12:51:53,68.95
2026-09-01 12:51:54,68.37
2026-09-01 12:51:55,68.22
2026-09-01 12:51:56,67.76
2026-09-01 12:51:57,68.28
2026-09-01 12:51:58,67.89
2026-09-01 12:51:59,68.35
2026-09-01 12:52:00,68.11
2026-09-01 12:52:01,68.07
2026-09-01 12:52:02,68.18
2026-09-01 12:52:03,67.63
2026-09-01 12:52:04,67.85
2026-09-01 12:52:05,68.01
2026-09-01 12:52:06,68.48
2026-09-01 12:52:07,68.19
2026-09-01 12:52:08,68.41
2026-09-01 12:52:09,67.86
2026-09-01 12:52:10,68.06
2026-09-01 12:52:11,67.65
2026-09-01 12:52:12,68.22
2026-09-01 12:52:13,67.98
2026-09-01 12:52:14,67.33
2026-09-01 12:52:15,68.39
2026-09-01 12:52:16,67.78
2026-09-01 12:52:17,68.62
2026-09-01 12:52:18,68.06
2026-09-01 12:52:19,68.02
2026-09-01 12:52:20,67.59
2026-09-01 12:52:21,68.25
2026-09-01 12:52:22,67.89
2026-09-01 12:52:23,68.28
2026-09-01 12:52:24,68.38
2026-09-01 12:52:25,68.53
2026-09-01 12:52:26,67.84
2026-09-01 12:52:27,67.92
2026-09-01 12:52:28,67.92
2026-09-01 12:52:29,68.09
2026-09-01 12:52:30,68.27
2026-09-01 12:52:31,67.64
2026-09-01 12:52:32,67.54
2026-09-01 12:52:33,68.38
2026-09-01 12:52:34,66.96
2026-09-01 12:52:35,68.27
2026-09-01 12:52:36,67.73
2026-09-01 12:52:37,67.64
2026-09-01 12:52:38,68.02
2026-09-01 12:52:39,68.78
2026-09-01 12:52:40,67.87
2026-09-01 12:52:41,67.6
2026-09-01 12:52:42,67.83
2026-09-01 12:52:43,67.64
2026-09-01 12:52:44,67.92
2026-09-01 12:52:45,68.41
2026-09-01 12:52:46,68.06
2026-09-01 12:52:47,67.89
2026-09-01 12:52:48,68.14
2026-09-01 12:52:49,67.97
2026-09-01 12:52:50,68.08
2026-09-01 12:52:51,67.95
2026-09-01 12:52:52,68.47
2026-09-01 12:52:53,68.64
2026-09-01 12:52:54,67.88
2026-09-01 12:52:55,67.99
2026-09-01 12:52:56,68.19
2026-09-01 12:52:57,67.99
2026-09-01 12:52:58,68.22
2026-09-01 12:52:59,68.28
2026-09-01 12:53:00,67.57
2026-09-01 12:53:01,68.24
2026-09-01 12:53:02,68.26
2026-09-01 12:53:03,68.03
2026-09-01 12:53:04,68.52
2026-09-01 12:53:05,68.34
2026-09-01 12:53:06,67.85
2026-09-01 12:53:07,67.67
2026-09-01 12:53:08,67.62
2026-09-01 12:53:09,67.86
2026-09-01 12:53:10,68.16
2026-09-01 12:53:11,67.85
2026-09-01 12:53:12,67.79
2026-09-01 12:53:13,68.18
2026-09-01 12:53:14,67.35
2026-09-01 12:53:15,68.16
2026-09-01 12:53:16,67.78
2026-09-01 12:53:17,68.04
2026-09-01 12:53:18,68.13
2026-09-01 12:53:19,68.12
2026-09-01 12:53:20,67.65
2026-09-01 12:53:21,67.83
2026-09-01 12:53:22,67.38
2026-09-01 12:53:23,68.02
2026-09-01 12:53:24,67.72
2026-09-01 12:53:25,67.92
2026-09-01 12:53:26,68.05
2026-09-01 12:53:27,68.29
2026-09-01 12:53:28,67.82
2026-09-01 12:53:29,68.08
2026-09-01 12:53:30,67.77
2026-09-01 12:53:31,68.09
2026-09-01 12:53:32,67.76
2026-09-01 12:53:33,68.56
2026-09-01 12:53:34,68.14
2026-09-01 12:53:35,67.76
2026-09-01 12:53:36,68.48
2026-09-01 12:53:37,68.29
2026-09-01 12:53:38,68.25
2026-09-01 12:53:39,68.13
2026-09-01 12:53:40,67.68
2026-09-01 12:53:41,67.49
2026-09-01 12:53:42,68.01
2026-09-01 12:53:43,68.52
2026-09-01 12:53:44,67.89
2026-09-01 12:53:45,68.16
2026-09-01 12:53:46,67.93
2026-09-01 12:53:47,68.14
2026-09-01 12:53:48,68.01
2026-09-01 12:53:49,68.41
2026-09-01 12:53:50,67.93
2026-09-01 12:53:51,68.03
2026-09-01 12:53:52,67.69
2026-09-01 12:53:53,68.11
2026-09-01 12:53:54,67.72
2026-09-01 12:53:55,68.08
2026-09-01 12:53:56,68.7
2026-09-01 12:53:57,68.23
2026-09-01 12:53:58,67.91
2026-09-01 12:53:59,68.28
2026-09-01 12:54:00,68.14
2026-09-01 12:54:01,68.69
2026-09-01 12:54:02,68.17
2026-09-01 12:54:03,68.01
2026-09-01 12:54:04,68.01
2026-09-01 12:54:05,67.99
2026-09-01 12:54:06,67.97
2026-09-01 12:54:07,67.95
2026-09-01 12:54:08,67.54
2026-09-01 12:54:09,68.29
2026-09-01 12:54:10,68.2
2026-09-01 12:54:11,68.14
2026-09-01 12:54:12,68.04
2026-09-01 12:54:13,68.03
2026-09-01 12:54:14,67.94
2026-09-01 12:54:15,67.81
2026-09-01 12:54:16,68.34
2026-09-01 12:54:17,68.16
2026-09-01 12:54:18,67.96
2026-09-01 12:54:19,67.71
2026-09-01 12:54:20,67.95
2026-09-01 12:54:21,67.76
2026-09-01 12:54:22,67.78
2026-09-01 12:54:23,68.22
2026-09-01 12:54:24,68.1
2026-09-01 12:54:25,67.95
2026-09-01 12:54:26,67.87
2026-09-01 12:54:27,68.16
2026-09-01 12:54:28,67.88
2026-09-01 12:54:29,67.93
2026-09-01 12:54:30,67.81
2026-09-01 12:54:31,67.7
2026-09-01 12:54:32,68.32
2026-09-01 12:54:33,68.09
2026-09-01 12:54:34,68.43
2026-09-01 12:54:35,68.15
2026-09-01 12:54:36,67.8
2026-09-01 12:54:37,67.61
2026-09-01 12:54:38,68.16
2026-09-01 12:54:39,67.92
2026-09-01 12:54:40,68.14
2026-09-01 12:54:41,67.58
2026-09-01 12:54:42,67.64
2026-09-01 12:54:43,67.74
2026-09-01 12:54:44,68.08
2026-09-01 12:54:45,68.34
2026-09-01 12:54:46,68.01
2026-09-01 12:54:47,68.15
2026-09-01 12:54:48,67.92
2026-09-01 12:54:49,68.42
2026-09-01 12:54:50,68.13
2026-09-01 12:54:51,67.6
2026-09-01 12:54:52,68.23
2026-09-01 12:54:53,67.83
2026-09-01 12:54:54,68.12
2026-09-01 12:54:55,67.87
2026-09-01 12:54:56,67.72
2026-09-01 12:54:57,67.98
2026-09-01 12:54:58,67.94
2026-09-01 12:54:59,67.67
2026-09-01 12:55:00,67.92
2026-09-01 12:55:01,67.95
2026-09-01 12:55:02,68.0
2026-09-01 12:55:03,68.27
2026-09-01 12:55:04,67.64
2026-09-01 12:55:05,67.91
2026-09-01 12:55:06,67.87
2026-09-01 12:55:07,67.82
2026-09-01 12:55:08,67.65
2026-09-01 12:55:09,68.24
2026-09-01 12:55:10,67.71
2026-09-01 12:55:11,67.93
2026-09-01 12:55:12,68.14
2026-09-01 12:55:13,67.98
2026-09-01 12:55:14,67.91
2026-09-01 12:55:15,68.45
2026-09-01 12:55:16,67.87
2026-09-01 12:55:17,67.91
2026-09-01 12:55:18,67.94
2026-09-01 12:55:19,68.05
2026-09-01 12:55:20,67.86
2026-09-01 12:55:21,68.33
2026-09-01 12:55:22,67.62
2026-09-01 12:55:23,68.51
2026-09-01 12:55:24,68.07
2026-09-01 12:55:25,67.48
2026-09-01 12:55:26,68.66
2026-09-01 12:55:27,67.42
2026-09-01 12:55:28,68.1
2026-09-01 12:55:29,68.18
2026-09-01 12:55:30,68.36
2026-09-01 12:55:31,68.12
2026-09-01 12:55:32,67.75
2026-09-01 12:55:33,68.43
2026-09-01 12:55:34,68.0
2026-09-01 12:55:35,68.0
2026-09-01 12:55:36,68.06
2026-09-01 12:55:37,68.24
2026-09-01 12:55:38,67.71
2026-09-01 12:55:39,68.15
2026-09-01 12:55:40,68.16
2026-09-01 12:55:41,67.83
2026-09-01 12:55:42,68.18
2026-09-01 12:55:43,67.69
2026-09-01 12:55:44,67.76
2026-09-01 12:55:45,68.35
2026-09-01 12:55:46,67.83
2026-09-01 12:55:47,68.3
2026-09-01 12:55:48,68.05
2026-09-01 12:55:49,68.33
2026-09-01 12:55:50,68.19
2026-09-01 12:55:51,67.43
2026-09-01 12:55:52,67.66
2026-09-01 12:55:53,67.87
2026-09-01 12:55:54,67.95
2026-09-01 12:55:55,67.72
2026-09-01 12:55:56,68.08
2026-09-01 12:55:57,67.86
2026-09-01 12:55:58,67.93
2026-09-01 12:55:59,68.06
2026-09-01 12:56:00,68.2
2026-09-01 12:56:01,67.98
2026-09-01 12:56:02,67.99
2026-09-01 12:56:03,68.29
2026-09-01 12:56:04,68.55
2026-09-01 12:56:05,67.8
2026-09-01 12:56:06,67.85
2026-09-01 12:56:07,67.92
2026-09-01 12:56:08,68.02
2026-09-01 12:56:09,68.32
2026-09-01 12:56:10,67.7
2026-09-01 12:56:11,68.1
2026-09-01 12:56:12,67.9
2026-09-01 12:56:13,67.54
2026-09-01 12:56:14,67.83
2026-09-01 12:56:15,68.27
2026-09-01 12:56:16,67.95
2026-09-01 12:56:17,68.61
2026-09-01 12:56:18,67.55
2026-09-01 12:56:19,67.88
2026-09-01 12:56:20,67.81
2026-09-01 12:56:21,68.36
2026-09-01 12:56:22,67.71
2026-09-01 12:56:23,67.62
2026-09-01 12:56:24,68.0
2026-09-01 12:56:25,68.58
2026-09-01 12:56:26,67.59
2026-09-01 12:56:27,68.23
2026-09-01 12:56:28,68.25
2026-09-01 12:56:29,67.82
2026-09-01 12:56:30,67.53
2026-09-01 12:56:31,68.09
2026-09-01 12:56:32,67.95
2026-09-01 12:56:33,68.86
2026-09-01 12:56:34,68.05
2026-09-01 12:56:35,68.13
2026-09-01 12:56:36,67.9
2026-09-01 12:56:37,68.39
2026-09-01 12:56:38,67.67
2026-09-01 12:56:39,68.7
2026-09-01 12:56:40,67.94
2026-09-01 12:56:41,68.35
2026-09-01 12:56:42,68.59
2026-09-01 12:56:43,68.06
2026-09-01 12:56:44,68.24
2026-09-01 12:56:45,68.28
2026-09-01 12:56:46,68.22
2026-09-01 12:56:47,67.36
2026-09-01 12:56:48,68.05
2026-09-01 12:56:49,67.8
2026-09-01 12:56:50,67.79
2026-09-01 12:56:51,68.17
2026-09-01 12:56:52,67.73
2026-09-01 12:56:53,68.02
2026-09-01 12:56:54,68.44
2026-09-01 12:56:55,67.84
2026-09-01 12:56:56,67.89
2026-09-01 12:56:57,67.97
2026-09-01 12:56:58,67.77
2026-09-01 12:56:59,67.66
2026-09-01 12:57:00,67.97
2026-09-01 12:57:01,67.37
2026-09-01 12:57:02,68.51
2026-09-01 12:57:03,67.68
2026-09-01 12:57:04,68.11
2026-09-01 12:57:05,68.32
2026-09-01 12:57:06,68.45
2026-09-01 12:57:07,68.53
2026-09-01 12:57:08,67.9
2026-09-01 12:57:09,67.33
2026-09-01 12:57:10,68.07
2026-09-01 12:57:11,68.24
2026-09-01 12:57:12,68.04
2026-09-01 12:57:13,68.0
2026-09-01 12:57:14,68.53
2026-09-01 12:57:15,67.99
2026-09-01 12:57:16,67.69
2026-09-01 12:57:17,68.17
2026-09-01 12:57:18,68.12
2026-09-01 12:57:19,67.98
2026-09-01 12:57:20,67.25
2026-09-01 12:57:21,68.28
2026-09-01 12:57:22,68.08
2026-09-01 12:57:23,68.22
2026-09-01 12:57:24,68.1
2026-09-01 12:57:25,68.2
2026-09-01 12:57:26,67.76
2026-09-01 12:57:27,68.32
2026-09-01 12:57:28,67.79
2026-09-01 12:57:29,67.9
2026-09-01 12:57:30,68.05
2026-09-01 12:57:31,67.59
2026-09-01 12:57:32,67.5
2026-09-01 12:57:33,67.89
2026-09-01 12:57:34,67.43
2026-09-01 12:57:35,68.58
2026-09-01 12:57:36,68.02
2026-09-01 12:57:37,68.37
2026-09-01 12:57:38,67.87
2026-09-01 12:57:39,68.1
2026-09-01 12:57:40,68.14
2026-09-01 12:57:41,67.73
2026-09-01 12:57:42,67.98
2026-09-01 12:57:43,67.9
2026-09-01 12:57:44,67.93
2026-09-01 12:57:45,68.41
2026-09-01 12:57:46,68.32
2026-09-01 12:57:47,68.42
2026-09-01 12:57:48,68.64
2026-09-01 12:57:49,68.21
2026-09-01 12:57:50,67.8
2026-09-01 12:57:51,67.82
2026-09-01 12:57:52,68.33
2026-09-01 12:57:53,68.05
2026-09-01 12:57:54,68.32
2026-09-01 12:57:55,68.42
2026-09-01 12:57:56,67.83
2026-09-01 12:57:57,68.34
2026-09-01 12:57:58,67.62
2026-09-01 12:57:59,67.91
2026-09-01 12:58:00,67.65
2026-09-01 12:58:01,68.18
2026-09-01 12:58:02,68.08
2026-09-01 12:58:03,67.49
2026-09-01 12:58:04,68.19
2026-09-01 12:58:05,67.43
2026-09-01 12:58:06,67.72
2026-09-01 12:58:07,67.89
2026-09-01 12:58:08,68.07
2026-09-01 12:58:09,68.1
2026-09-01 12:58:10,68.09
2026-09-01 12:58:11,67.72
2026-09-01 12:58:12,68.45
2026-09-01 12:58:13,67.44
2026-09-01 12:58:14,68.08
2026-09-01 12:58:15,67.92
2026-09-01 12:58:16,67.56
2026-09-01 12:58:17,67.88
2026-09-01 12:58:18,67.86
2026-09-01 12:58:19,68.33
2026-09-01 12:58:20,68.1
2026-09-01 12:58:21,67.81
2026-09-01 12:58:22,67.82
2026-09-01 12:58:23,68.12
2026-09-01 12:58:24,67.82
2026-09-01 12:58:25,68.24
2026-09-01 12:58:26,68.1
2026-09-01 12:58:27,67.6
2026-09-01 12:58:28,67.78
2026-09-01 12:58:29,67.91
2026-09-01 12:58:30,67.88
2026-09-01 12:58:31,67.84
2026-09-01 12:58:32,67.52
2026-09-01 12:58:33,68.46
2026-09-01 12:58:34,67.74
2026-09-01 12:58:35,68.03
2026-09-01 12:58:36,68.33
2026-09-01 12:58:37,67.59
2026-09-01 12:58:38,67.72
2026-09-01 12:58:39,68.51
2026-09-01 12:58:40,68.15
2026-09-01 12:58:41,68.05
2026-09-01 12:58:42,67.59
2026-09-01 12:58:43,68.57
2026-09-01 12:58:44,68.56
2026-09-01 12:58:45,67.81
2026-09-01 12:58:46,68.03
2026-09-01 12:58:47,68.07
2026-09-01 12:58:48,68.51
2026-09-01 12:58:49,68.06
2026-09-01 12:58:50,67.75
2026-09-01 12:58:51,67.8
2026-09-01 12:58:52,68.21
2026-09-01 12:58:53,67.94
2026-09-01 12:58:54,68.4
2026-09-01 12:58:55,68.54
2026-09-01 12:58:56,67.77
2026-09-01 12:58:57,67.92
2026-09-01 12:58:58,67.6
2026-09-01 12:58:59,67.94
2026-09-01 12:59:00,67.94
2026-09-01 12:59:01,67.62
2026-09-01 12:59:02,68.05
2026-09-01 12:59:03,68.16
2026-09-01 12:59:04,68.12
2026-09-01 12:59:05,68.12
2026-09-01 12:59:06,67.95
2026-09-01 12:59:07,67.45
2026-09-01 12:59:08,68.24
2026-09-01 12:59:09,68.3
2026-09-01 12:59:10,67.79
2026-09-01 12:59:11,68.07
2026-09-01 12:59:12,68.22
2026-09-01 12:59:13,67.68
2026-09-01 12:59:14,67.82
2026-09-01 12:59:15,67.94
2026-09-01 12:59:16,68.09
2026-09-01 12:59:17,67.91
2026-09-01 12:59:18,68.13
2026-09-01 12:59:19,67.96
2026-09-01 12:59:20,67.51
2026-09-01 12:59:21,68.18
2026-09-01 12:59:22,68.24
2026-09-01 12:59:23,68.11
2026-09-01 12:59:24,67.84
2026-09-01 12:59:25,67.81
2026-09-01 12:59:26,68.31
2026-09-01 12:59:27,68.56
2026-09-01 12:59:28,67.93
2026-09-01 12:59:29,67.83
2026-09-01 12:59:30,67.91
2026-09-01 12:59:31,68.1
2026-09-01 12:59:32,67.83
2026-09-01 12:59:33,68.34
2026-09-01 12:59:34,67.57
2026-09-01 12:59:35,68.23
2026-09-01 12:59:36,67.79
2026-09-01 12:59:37,67.67
2026-09-01 12:59:38,68.27
2026-09-01 12:59:39,67.79
2026-09-01 12:59:40,67.98
2026-09-01 12:59:41,68.04
2026-09-01 12:59:42,67.6
2026-09-01 12:59:43,67.85
2026-09-01 12:59:44,68.53
2026-09-01 12:59:45,68.17
2026-09-01 12:59:46,67.7
2026-09-01 12:59:47,68.37
2026-09-01 12:59:48,67.87
2026-09-01 12:59:49,67.77
2026-09-01 12:59:50,68.19
2026-09-01 12:59:51,68.31
2026-09-01 12:59:52,67.89
2026-09-01 12:59:53,68.01
2026-09-01 12:59:54,68.66
2026-09-01 12:59:55,67.52
2026-09-01 12:59:56,67.93
2026-09-01 12:59:57,67.93
2026-09-01 12:59:58,67.84
2026-09-01 12:59:59,68.18
2026-09-01 13:00:00,67.9
2026-09-01 13:00:01,67.94
2026-09-01 13:00:02,68.29
2026-09-01 13:00:03,68.13
2026-09-01 13:00:04,68.24
2026-09-01 13:00:05,67.86
2026-09-01 13:00:06,68.08
2026-09-01 13:00:07,68.25
2026-09-01 13:00:08,68.04
2026-09-01 13:00:09,68.03
2026-09-01 13:00:10,67.9
2026-09-01 13:00:11,67.85
2026-09-01 13:00:12,67.79
2026-09-01 13:00:13,68.14
2026-09-01 13:00:14,67.92
2026-09-01 13:00:15,68.01
2026-09-01 13:00:16,67.88
2026-09-01 13:00:17,68.38
2026-09-01 13:00:18,68.02
2026-09-01 13:00:19,68.13
2026-09-01 13:00:20,67.91
2026-09-01 13:00:21,68.2
2026-09-01 13:00:22,68.15
2026-09-01 13:00:23,68.25
2026-09-01 13:00:24,67.88
2026-09-01 13:00:25,67.99
2026-09-01 13:00:26,68.77
2026-09-01 13:00:27,67.76
2026-09-01 13:00:28,68.38
2026-09-01 13:00:29,68.6
2026-09-01 13:00:30,67.78
2026-09-01 13:00:31,67.98
2026-09-01 13:00:32,67.95
2026-09-01 13:00:33,68.94
2026-09-01 13:00:34,68.02
2026-09-01 13:00:35,68.06
2026-09-01 13:00:36,68.08
2026-09-01 13:00:37,68.17
2026-09-01 13:00:38,68.15
2026-09-01 13:00:39,67.78
2026-09-01 13:00:40,68.13
2026-09-01 13:00:41,68.3
2026-09-01 13:00:42,68.35
2026-09-01 13:00:43,67.5
2026-09-01 13:00:44,68.03
2026-09-01 13:00:45,68.24
2026-09-01 13:00:46,68.25
2026-09-01 13:00:47,67.61
2026-09-01 13:00:48,68.28
2026-09-01 13:00:49,68.17
2026-09-01 13:00:50,68.15
2026-09-01 13:00:51,67.82
2026-09-01 13:00:52,68.49
2026-09-01 13:00:53,68.11
2026-09-01 13:00:54,67.67
2026-09-01 13:00:55,67.72
2026-09-01 13:00:56,68.08
2026-09-01 13:00:57,67.85
2026-09-01 13:00:58,67.64
2026-09-01 13:00:59,68.2
2026-09-01 13:01:00,68.4
2026-09-01 13:01:01,68.0
2026-09-01 13:01:02,67.67
2026-09-01 13:01:03,67.58
2026-09-01 13:01:04,67.51
2026-09-01 13:01:05,68.73
2026-09-01 13:01:06,68.43
2026-09-01 13:01:07,68.45
2026-09-01 13:01:08,67.63
2026-09-01 13:01:09,67.6
2026-09-01 13:01:10,67.74
2026-09-01 13:01:11,68.26
2026-09-01 13:01:12,68.29
2026-09-01 13:01:13,68.52
2026-09-01 13:01:14,68.34
2026-09-01 13:01:15,68.2
2026-09-01 13:01:16,68.32
2026-09-01 13:01:17,67.88
2026-09-01 13:01:18,68.13
2026-09-01 13:01:19,68.51
2026-09-01 13:01:20,67.76
2026-09-01 13:01:21,67.75
2026-09-01 13:01:22,68.27
2026-09-01 13:01:23,67.89
2026-09-01 13:01:24,67.6
2026-09-01 13:01:25,67.85
2026-09-01 13:01:26,67.64
2026-09-01 13:01:27,68.17
2026-09-01 13:01:28,68.21
2026-09-01 13:01:29,67.57
2026-09-01 13:01:30,68.12
2026-09-01 13:01:31,67.91
2026-09-01 13:01:32,68.28
2026-09-01 13:01:33,68.59
2026-09-01 13:01:34,67.88
2026-09-01 13:01:35,67.82
2026-09-01 13:01:36,67.72
2026-09-01 13:01:37,68.1
2026-09-01 13:01:38,67.86
2026-09-01 13:01:39,67.47
2026-09-01 13:01:40,67.98
2026-09-01 13:01:41,68.36
2026-09-01 13:01:42,67.77
2026-09-01 13:01:43,68.31
2026-09-01 13:01:44,67.63
2026-09-01 13:01:45,68.35
2026-09-01 13:01:46,67.84
2026-09-01 13:01:47,68.05
2026-09-01 13:01:48,67.65
2026-09-01 13:01:49,68.15
2026-09-01 13:01:50,68.1
2026-09-01 13:01:51,67.69
2026-09-01 13:01:52,68.42
2026-09-01 13:01:53,67.68
2026-09-01 13:01:54,68.19
2026-09-01 13:01:55,68.18
2026-09-01 13:01:56,67.81
2026-09-01 13:01:57,68.54
2026-09-01 13:01:58,67.72
2026-09-01 13:01:59,67.46
2026-09-01 13:02:00,67.27
2026-09-01 13:02:01,68.24
2026-09-01 13:02:02,68.1
2026-09-01 13:02:03,68.33
2026-09-01 13:02:04,67.84
2026-09-01 13:02:05,67.81
2026-09-01 13:02:06,67.89
2026-09-01 13:02:07,68.0
2026-09-01 13:02:08,68.03
2026-09-01 13:02:09,68.19
2026-09-01 13:02:10,67.72
2026-09-01 13:02:11,68.7
2026-09-01 13:02:12,67.98
2026-09-01 13:02:13,67.58
2026-09-01 13:02:14,67.97
2026-09-01 13:02:15,67.77
2026-09-01 13:02:16,67.94
2026-09-01 13:02:17,68.23
2026-09-01 13:02:18,68.15
2026-09-01 13:02:19,68.54
2026-09-01 13:02:20,67.97
2026-09-01 13:02:21,68.2
2026-09-01 13:02:22,68.81
2026-09-01 13:02:23,68.13
2026-09-01 13:02:24,68.32
2026-09-01 13:02:25,68.02
2026-09-01 13:02:26,67.92
2026-09-01 13:02:27,67.21
2026-09-01 13:02:28,68.03
2026-09-01 13:02:29,67.8
2026-09-01 13:02:30,67.5
2026-09-01 13:02:31,68.46
2026-09-01 13:02:32,68.19
2026-09-01 13:02:33,67.77
2026-09-01 13:02:34,68.09
2026-09-01 13:02:35,67.63
2026-09-01 13:02:36,67.77
2026-09-01 13:02:37,68.25
2026-09-01 13:02:38,68.07
2026-09-01 13:02:39,68.01
2026-09-01 13:02:40,67.97
2026-09-01 13:02:41,68.09
2026-09-01 13:02:42,67.95
2026-09-01 13:02:43,68.22
2026-09-01 13:02:44,67.84
2026-09-01 13:02:45,67.85
2026-09-01 13:02:46,68.45
2026-09-01 13:02:47,68.05
2026-09-01 13:02:48,67.92
2026-09-01 13:02:49,68.66
2026-09-01 13:02:50,67.98
2026-09-01 13:02:51,68.26
2026-09-01 13:02:52,68.09
2026-09-01 13:02:53,67.91
2026-09-01 13:02:54,68.17
2026-09-01 13:02:55,68.14
2026-09-01 13:02:56,68.29
2026-09-01 13:02:57,67.75
2026-09-01 13:02:58,67.77
2026-09-01 13:02:59,67.65
2026-09-01 13:03:00,67.87
2026-09-01 13:03:01,67.77
2026-09-01 13:03:02,67.92
2026-09-01 13:03:03,67.87
2026-09-01 13:03:04,67.96
2026-09-01 13:03:05,67.44
2026-09-01 13:03:06,68.12
2026-09-01 13:03:07,67.47
2026-09-01 13:03:08,68.01
2026-09-01 13:03:09,68.1
2026-09-01 13:03:10,68.53
2026-09-01 13:03:11,68.19
2026-09-01 13:03:12,67.8
2026-09-01 13:03:13,68.18
2026-09-01 13:03:14,67.84
2026-09-01 13:03:15,67.48
2026-09-01 13:03:16,68.24
2026-09-01 13:03:17,68.25
2026-09-01 13:03:18,67.65
2026-09-01 13:03:19,68.51
2026-09-01 13:03:20,67.6
2026-09-01 13:03:21,68.2
2026-09-01 13:03:22,67.78
2026-09-01 13:03:23,68.29
2026-09-01 13:03:24,68.11
2026-09-01 13:03:25,68.01
2026-09-01 13:03:26,67.52
2026-09-01 13:03:27,68.15
2026-09-01 13:03:28,67.6
2026-09-01 13:03:29,67.63
2026-09-01 13:03:30,67.85
2026-09-01 13:03:31,67.64
2026-09-01 13:03:32,67.95
2026-09-01 13:03:33,68.01
2026-09-01 13:03:34,68.75
2026-09-01 13:03:35,67.58
2026-09-01 13:03:36,68.04
2026-09-01 13:03:37,67.97
2026-09-01 13:03:38,68.0
2026-09-01 13:03:39,67.71
2026-09-01 13:03:40,67.99
2026-09-01 13:03:41,68.03
2026-09-01 13:03:42,68.37
2026-09-01 13:03:43,68.15
2026-09-01 13:03:44,67.77
2026-09-01 13:03:45,68.28
2026-09-01 13:03:46,68.03
2026-09-01 13:03:47,67.74
2026-09-01 13:03:48,67.68
2026-09-01 13:03:49,67.9
2026-09-01 13:03:50,68.4
2026-09-01 13:03:51,68.26
2026-09-01 13:03:52,67.94
2026-09-01 13:03:53,67.91
2026-09-01 13:03:54,67.94
2026-09-01 13:03:55,68.21
2026-09-01 13:03:56,68.07
2026-09-01 13:03:57,68.05
2026-09-01 13:03:58,67.75
2026-09-01 13:03:59,67.9
2026-09-01 13:04:00,68.14
2026-09-01 13:04:01,68.61
2026-09-01 13:04:02,67.77
2026-09-01 13:04:03,67.55
2026-09-01 13:04:04,68.85
2026-09-01 13:04:05,68.63
2026-09-01 13:04:06,67.66
2026-09-01 13:04:07,68.22
2026-09-01 13:04:08,68.11
2026-09-01 13:04:09,68.08
2026-09-01 13:04:10,68.06
2026-09-01 13:04:11,68.31
2026-09-01 13:04:12,68.24
2026-09-01 13:04:13,67.93
2026-09-01 13:04:14,68.49
2026-09-01 13:04:15,68.75
2026-09-01 13:04:16,68.42
2026-09-01 13:04:17,68.07
2026-09-01 13:04:18,68.28
2026-09-01 13:04:19,67.73
2026-09-01 13:04:20,67.86
2026-09-01 13:04:21,68.26
2026-09-01 13:04:22,68.07
2026-09-01 13:04:23,68.08
2026-09-01 13:04:24,67.61
2026-09-01 13:04:25,67.72
2026-09-01 13:04:26,67.69
2026-09-01 13:04:27,68.23
2026-09-01 13:04:28,68.43
2026-09-01 13:04:29,68.12
2026-09-01 13:04:30,67.89
2026-09-01 13:04:31,67.88
2026-09-01 13:04:32,67.84
2026-09-01 13:04:33,67.84
2026-09-01 13:04:34,67.96
2026-09-01 13:04:35,68.18
2026-09-01 13:04:36,67.69
2026-09-01 13:04:37,68.18
2026-09-01 13:04:38,67.73
2026-09-01 13:04:39,67.64
2026-09-01 13:04:40,68.17
2026-09-01 13:04:41,68.27
2026-09-01 13:04:42,67.74
2026-09-01 13:04:43,68.19
2026-09-01 13:04:44,67.91
2026-09-01 13:04:45,67.6
2026-09-01 13:04:46,68.05
2026-09-01 13:04:47,67.95
2026-09-01 13:04:48,68.06
2026-09-01 13:04:49,68.86
2026-09-01 13:04:50,67.83
2026-09-01 13:04:51,68.05
2026-09-01 13:04:52,67.9
2026-09-01 13:04:53,68.09
2026-09-01 13:04:54,68.37
2026-09-01 13:04:55,68.06
2026-09-01 13:04:56,67.71
2026-09-01 13:04:57,68.11
2026-09-01 13:04:58,67.99
2026-09-01 13:04:59,67.62
2026-09-01 13:05:00,68.44
2026-09-01 13:05:01,67.33
2026-09-01 13:05:02,68.24
2026-09-01 13:05:03,67.74
2026-09-01 13:05:04,67.77
2026-09-01 13:05:05,68.2
2026-09-01 13:05:06,68.11
2026-09-01 13:05:07,67.65
2026-09-01 13:05:08,67.74
2026-09-01 13:05:09,68.41
2026-09-01 13:05:10,68.11
2026-09-01 13:05:11,68.14
2026-09-01 13:05:12,68.14
2026-09-01 13:05:13,67.76
2026-09-01 13:05:14,68.22
2026-09-01 13:05:15,67.94
2026-09-01 13:05:16,67.97
2026-09-01 13:05:17,68.39
2026-09-01 13:05:18,68.1
2026-09-01 13:05:19,67.92
2026-09-01 13:05:20,67.86
2026-09-01 13:05:21,68.01
2026-09-01 13:05:22,67.77
2026-09-01 13:05:23,67.93
2026-09-01 13:05:24,67.49
2026-09-01 13:05:25,68.61
2026-09-01 13:05:26,67.97
2026-09-01 13:05:27,67.91
2026-09-01 13:05:28,68.67
2026-09-01 13:05:29,68.24
2026-09-01 13:05:30,68.43
2026-09-01 13:05:31,68.47
2026-09-01 13:05:32,67.83
2026-09-01 13:05:33,67.8
2026-09-01 13:05:34,67.87
2026-09-01 13:05:35,67.78
2026-09-01 13:05:36,68.1
2026-09-01 13:05:37,67.52
2026-09-01 13:05:38,67.74
2026-09-01 13:05:39,68.08
2026-09-01 13:05:40,68.1
2026-09-01 13:05:41,68.39
2026-09-01 13:05:42,68.11
2026-09-01 13:05:43,68.18
2026-09-01 13:05:44,68.15
2026-09-01 13:05:45,68.08
2026-09-01 13:05:46,68.22
2026-09-01 13:05:47,68.23
2026-09-01 13:05:48,67.76
2026-09-01 13:05:49,67.8
2026-09-01 13:05:50,67.9
2026-09-01 13:05:51,68.41
2026-09-01 13:05:52,67.67
2026-09-01 13:05:53,67.88
2026-09-01 13:05:54,68.28
2026-09-01 13:05:55,67.81
2026-09-01 13:05:56,68.16
2026-09-01 13:05:57,67.91
2026-09-01 13:05:58,67.63
2026-09-01 13:05:59,67.89
2026-09-01 13:06:00,67.93
2026-09-01 13:06:01,68.45
2026-09-01 13:06:02,67.61
2026-09-01 13:06:03,68.09
2026-09-01 13:06:04,68.0
2026-09-01 13:06:05,68.2
2026-09-01 13:06:06,67.91
2026-09-01 13:06:07,67.92
2026-09-01 13:06:08,68.09
2026-09-01 13:06:09,68.0
2026-09-01 13:06:10,67.95
2026-09-01 13:06:11,68.73
2026-09-01 13:06:12,67.91
2026-09-01 13:06:13,67.64
2026-09-01 13:06:14,68.01
2026-09-01 13:06:15,68.28
2026-09-01 13:06:16,67.78
2026-09-01 13:06:17,67.8
2026-09-01 13:06:18,67.73
2026-09-01 13:06:19,67.18
2026-09-01 13:06:20,68.3
2026-09-01 13:06:21,67.92
2026-09-01 13:06:22,68.06
2026-09-01 13:06:23,68.14
2026-09-01 13:06:24,67.81
2026-09-01 13:06:25,68.5
2026-09-01 13:06:26,67.65
2026-09-01 13:06:27,68.85
2026-09-01 13:06:28,67.81
2026-09-01 13:06:29,68.35
2026-09-01 13:06:30,67.86
2026-09-01 13:06:31,67.93
2026-09-01 13:06:32,68.25
2026-09-01 13:06:33,67.71
2026-09-01 13:06:34,67.85
2026-09-01 13:06:35,67.68
2026-09-01 13:06:36,68.13
2026-09-01 13:06:37,67.85
2026-09-01 13:06:38,67.56
2026-09-01 13:06:39,67.89
2026-09-01 13:06:40,68.01
2026-09-01 13:06:41,67.89
2026-09-01 13:06:42,67.77
2026-09-01 13:06:43,68.21
2026-09-01 13:06:44,68.35
2026-09-01 13:06:45,67.99
2026-09-01 13:06:46,67.99
2026-09-01 13:06:47,67.95
2026-09-01 13:06:48,67.94
2026-09-01 13:06:49,68.25
2026-09-01 13:06:50,67.7
2026-09-01 13:06:51,67.86
2026-09-01 13:06:52,67.36
2026-09-01 13:06:53,68.12
2026-09-01 13:06:54,67.9
2026-09-01 13:06:55,67.38
2026-09-01 13:06:56,68.17
2026-09-01 13:06:57,67.76
2026-09-01 13:06:58,68.53
2026-09-01 13:06:59,67.93
2026-09-01 13:07:00,67.75
2026-09-01 13:07:01,67.48
2026-09-01 13:07:02,67.85
2026-09-01 13:07:03,67.5
2026-09-01 13:07:04,68.28
2026-09-01 13:07:05,67.95
2026-09-01 13:07:06,67.75
2026-09-01 13:07:07,67.09
2026-09-01 13:07:08,68.3
2026-09-01 13:07:09,67.82
2026-09-01 13:07:10,67.93
2026-09-01 13:07:11,68.25
2026-09-01 13:07:12,68.16
2026-09-01 13:07:13,67.17
2026-09-01 13:07:14,67.88
2026-09-01 13:07:15,67.94
2026-09-01 13:07:16,67.92
2026-09-01 13:07:17,67.84
2026-09-01 13:07:18,68.49
2026-09-01 13:07:19,68.13
2026-09-01 13:07:20,68.11
2026-09-01 13:07:21,68.05
2026-09-01 13:07:22,68.11
2026-09-01 13:07:23,68.16
2026-09-01 13:07:24,68.03
2026-09-01 13:07:25,68.02
2026-09-01 13:07:26,67.7
2026-09-01 13:07:27,68.22
2026-09-01 13:07:28,68.29
2026-09-01 13:07:29,68.24
2026-09-01 13:07:30,68.05
2026-09-01 13:07:31,68.04
2026-09-01 13:07:32,68.1
2026-09-01 13:07:33,67.82
2026-09-01 13:07:34,67.75
2026-09-01 13:07:35,67.86
2026-09-01 13:07:36,68.29
2026-09-01 13:07:37,67.31
2026-09-01 13:07:38,67.97
2026-09-01 13:07:39,68.09
2026-09-01 13:07:40,68.28
2026-09-01 13:07:41,67.69
2026-09-01 13:07:42,68.07
2026-09-01 13:07:43,68.02
2026-09-01 13:07:44,67.86
2026-09-01 13:07:45,67.85
2026-09-01 13:07:46,68.54
2026-09-01 13:07:47,68.19
2026-09-01 13:07:48,67.9
2026-09-01 13:07:49,67.98
2026-09-01 13:07:50,68.31
2026-09-01 13:07:51,67.94
2026-09-01 13:07:52,67.72
2026-09-01 13:07:53,68.09
2026-09-01 13:07:54,67.81
2026-09-01 13:07:55,67.28
2026-09-01 13:07:56,68.74
2026-09-01 13:07:57,67.53
2026-09-01 13:07:58,68.54
2026-09-01 13:07:59,68.14
2026-09-01 13:08:00,68.15
2026-09-01 13:08:01,68.16
2026-09-01 13:08:02,68.08
2026-09-01 13:08:03,67.85
2026-09-01 13:08:04,67.91
2026-09-01 13:08:05,67.86
2026-09-01 13:08:06,67.78
2026-09-01 13:08:07,68.45
2026-09-01 13:08:08,67.64
2026-09-01 13:08:09,67.96
2026-09-01 13:08:10,68.34
2026-09-01 13:08:11,68.27
2026-09-01 13:08:12,68.09
2026-09-01 13:08:13,68.29
2026-09-01 13:08:14,68.55
2026-09-01 13:08:15,68.42
2026-09-01 13:08:16,68.31
2026-09-01 13:08:17,68.11
2026-09-01 13:08:18,67.6
2026-09-01 13:08:19,67.97
2026-09-01 13:08:20,67.78
2026-09-01 13:08:21,68.25
2026-09-01 13:08:22,68.25
2026-09-01 13:08:23,68.06
2026-09-01 13:08:24,68.21
2026-09-01 13:08:25,68.05
2026-09-01 13:08:26,68.13
2026-09-01 13:08:27,68.36
2026-09-01 13:08:28,67.44
2026-09-01 13:08:29,68.0
2026-09-01 13:08:30,68.1
2026-09-01 13:08:31,67.92
2026-09-01 13:08:32,68.2
2026-09-01 13:08:33,67.8
2026-09-01 13:08:34,67.9
2026-09-01 13:08:35,68.1
2026-09-01 13:08:36,67.52
2026-09-01 13:08:37,67.77
2026-09-01 13:08:38,68.3
2026-09-01 13:08:39,68.16
2026-09-01 13:08:40,67.97
2026-09-01 13:08:41,68.22
2026-09-01 13:08:42,68.1
2026-09-01 13:08:43,67.85
2026-09-01 13:08:44,68.05
2026-09-01 13:08:45,68.25
2026-09-01 13:08:46,68.0
2026-09-01 13:08:47,68.45
2026-09-01 13:08:48,67.8
2026-09-01 13:08:49,68.4
2026-09-01 13:08:50,67.61
2026-09-01 13:08:51,67.91
2026-09-01 13:08:52,67.79
2026-09-01 13:08:53,68.11
2026-09-01 13:08:54,67.68
2026-09-01 13:08:55,68.26
2026-09-01 13:08:56,68.65
2026-09-01 13:08:57,68.36
2026-09-01 13:08:58,67.7
2026-09-01 13:08:59,68.55
2026-09-01 13:09:00,68.29
2026-09-01 13:09:01,67.95
2026-09-01 13:09:02,68.11
2026-09-01 13:09:03,68.34
2026-09-01 13:09:04,68.11
2026-09-01 13:09:05,68.48
2026-09-01 13:09:06,67.83
2026-09-01 13:09:07,67.85
2026-09-01 13:09:08,67.59
2026-09-01 13:09:09,67.92
2026-09-01 13:09:10,68.02
2026-09-01 13:09:11,68.37
2026-09-01 13:09:12,68.18
2026-09-01 13:09:13,68.55
2026-09-01 13:09:14,67.57
2026-09-01 13:09:15,68.18
2026-09-01 13:09:16,68.03
2026-09-01 13:09:17,68.17
2026-09-01 13:09:18,68.23
2026-09-01 13:09:19,67.56
2026-09-01 13:09:20,68.08
2026-09-01 13:09:21,68.09
2026-09-01 13:09:22,67.82
2026-09-01 13:09:23,68.15
2026-09-01 13:09:24,68.15
2026-09-01 13:09:25,67.74
2026-09-01 13:09:26,68.07
2026-09-01 13:09:27,68.25
2026-09-01 13:09:28,67.51
2026-09-01 13:09:29,67.49
2026-09-01 13:09:30,67.96
2026-09-01 13:09:31,67.94
2026-09-01 13:09:32,68.24
2026-09-01 13:09:33,68.29
2026-09-01 13:09:34,68.02
2026-09-01 13:09:35,68.11
2026-09-01 13:09:36,67.86
2026-09-01 13:09:37,68.4
2026-09-01 13:09:38,67.92
2026-09-01 13:09:39,68.36
2026-09-01 13:09:40,67.92
2026-09-01 13:09:41,67.68
2026-09-01 13:09:42,68.23
2026-09-01 13:09:43,67.86
2026-09-01 13:09:44,68.05
2026-09-01 13:09:45,68.0
2026-09-01 13:09:46,67.76
2026-09-01 13:09:47,68.43
2026-09-01 13:09:48,68.07
2026-09-01 13:09:49,67.99
2026-09-01 13:09:50,68.0
2026-09-01 13:09:51,68.08
2026-09-01 13:09:52,68.08
2026-09-01 13:09:53,67.93
2026-09-01 13:09:54,67.96
2026-09-01 13:09:55,67.59
2026-09-01 13:09:56,67.97
2026-09-01 13:09:57,68.19
2026-09-01 13:09:58,68.13
2026-09-01 13:09:59,68.14
2026-09-01 13:10:00,67.84
2026-09-01 13:10:01,68.0
2026-09-01 13:10:02,67.85
2026-09-01 13:10:03,68.5
2026-09-01 13:10:04,67.74
2026-09-01 13:10:05,68.1
2026-09-01 13:10:06,67.97
2026-09-01 13:10:07,68.2
2026-09-01 13:10:08,67.49
2026-09-01 13:10:09,68.23
2026-09-01 13:10:10,68.37
2026-09-01 13:10:11,67.82
2026-09-01 13:10:12,67.89
2026-09-01 13:10:13,68.04
2026-09-01 13:10:14,67.58
2026-09-01 13:10:15,67.9
2026-09-01 13:10:16,67.65
2026-09-01 13:10:17,67.69
2026-09-01 13:10:18,67.66
2026-09-01 13:10:19,68.38
2026-09-01 13:10:20,67.39
2026-09-01 13:10:21,67.97
2026-09-01 13:10:22,67.95
2026-09-01 13:10:23,68.01
2026-09-01 13:10:24,67.75
2026-09-01 13:10:25,68.16
2026-09-01 13:10:26,68.59
2026-09-01 13:10:27,67.81
2026-09-01 13:10:28,67.8
2026-09-01 13:10:29,67.89
2026-09-01 13:10:30,67.75
2026-09-01 13:10:31,67.89
2026-09-01 13:10:32,68.35
2026-09-01 13:10:33,67.83
2026-09-01 13:10:34,68.26
2026-09-01 13:10:35,68.51
2026-09-01 13:10:36,67.79
2026-09-01 13:10:37,67.91
2026-09-01 13:10:38,67.91
2026-09-01 13:10:39,67.93
2026-09-01 13:10:40,67.68
2026-09-01 13:10:41,67.46
2026-09-01 13:10:42,68.35
2026-09-01 13:10:43,68.49
2026-09-01 13:10:44,68.05
2026-09-01 13:10:45,68.11
2026-09-01 13:10:46,68.21
2026-09-01 13:10:47,68.73
2026-09-01 13:10:48,68.0
2026-09-01 13:10:49,67.95
2026-09-01 13:10:50,68.07
2026-09-01 13:10:51,67.92
2026-09-01 13:10:52,67.86
2026-09-01 13:10:53,67.84
2026-09-01 13:10:54,68.17
2026-09-01 13:10:55,67.83
2026-09-01 13:10:56,68.05
2026-09-01 13:10:57,67.5
2026-09-01 13:10:58,67.79
2026-09-01 13:10:59,68.07
2026-09-01 13:11:00,68.14
2026-09-01 13:11:01,68.07
2026-09-01 13:11:02,68.52
2026-09-01 13:11:03,67.67
2026-09-01 13:11:04,68.31
2026-09-01 13:11:05,67.87
2026-09-01 13:11:06,67.75
2026-09-01 13:11:07,67.95
2026-09-01 13:11:08,67.85
2026-09-01 13:11:09,67.52
2026-09-01 13:11:10,68.3
2026-09-01 13:11:11,68.11
2026-09-01 13:11:12,68.64
2026-09-01 13:11:13,68.12
2026-09-01 13:11:14,67.86
2026-09-01 13:11:15,67.75
2026-09-01 13:11:16,68.25
2026-09-01 13:11:17,68.05
2026-09-01 13:11:18,67.56
2026-09-01 13:11:19,68.46
2026-09-01 13:11:20,68.06
2026-09-01 13:11:21,67.87
2026-09-01 13:11:22,68.22
2026-09-01 13:11:23,68.19
2026-09-01 13:11:24,67.98
2026-09-01 13:11:25,67.99
2026-09-01 13:11:26,68.3
2026-09-01 13:11:27,68.11
2026-09-01 13:11:28,67.86
2026-09-01 13:11:29,68.33
2026-09-01 13:11:30,68.24
2026-09-01 13:11:31,68.62
2026-09-01 13:11:32,68.48
2026-09-01 13:11:33,68.39
2026-09-01 13:11:34,68.43
2026-09-01 13:11:35,68.02
2026-09-01 13:11:36,67.75
2026-09-01 13:11:37,67.79
2026-09-01 13:11:38,67.61
2026-09-01 13:11:39,68.08
2026-09-01 13:11:40,68.46
2026-09-01 13:11:41,67.77
2026-09-01 13:11:42,67.97
2026-09-01 13:11:43,68.23
2026-09-01 13:11:44,67.88
2026-09-01 13:11:45,67.78
2026-09-01 13:11:46,67.77
2026-09-01 13:11:47,68.4
2026-09-01 13:11:48,67.83
2026-09-01 13:11:49,67.87
2026-09-01 13:11:50,68.27
2026-09-01 13:11:51,68.03
2026-09-01 13:11:52,68.26
2026-09-01 13:11:53,68.46
2026-09-01 13:11:54,68.46
2026-09-01 13:11:55,68.14
2026-09-01 13:11:56,67.56
2026-09-01 13:11:57,68.31
2026-09-01 13:11:58,68.39
2026-09-01 13:11:59,68.13
2026-09-01 13:12:00,68.06
2026-09-01 13:12:01,68.05
2026-09-01 13:12:02,68.41
2026-09-01 13:12:03,68.28
2026-09-01 13:12:04,67.94
2026-09-01 13:12:05,68.49
2026-09-01 13:12:06,67.79
2026-09-01 13:12:07,68.55
2026-09-01 13:12:08,67.58
2026-09-01 13:12:09,67.73
2026-09-01 13:12:10,68.34
2026-09-01 13:12:11,68.07
2026-09-01 13:12:12,67.9
2026-09-01 13:12:13,67.25
2026-09-01 13:12:14,67.89
2026-09-01 13:12:15,67.5
2026-09-01 13:12:16,68.67
2026-09-01 13:12:17,67.64
2026-09-01 13:12:18,67.92
2026-09-01 13:12:19,68.28
2026-09-01 13:12:20,67.66
2026-09-01 13:12:21,67.89
2026-09-01 13:12:22,67.77
2026-09-01 13:12:23,68.05
2026-09-01 13:12:24,68.5
2026-09-01 13:12:25,68.4
2026-09-01 13:12:26,68.12
2026-09-01 13:12:27,68.45
2026-09-01 13:12:28,68.13
2026-09-01 13:12:29,68.06
2026-09-01 13:12:30,67.74
2026-09-01 13:12:31,68.04
2026-09-01 13:12:32,68.4
2026-09-01 13:12:33,67.74
2026-09-01 13:12:34,68.5
2026-09-01 13:12:35,68.02
2026-09-01 13:12:36,67.68
2026-09-01 13:12:37,68.07
2026-09-01 13:12:38,67.94
2026-09-01 13:12:39,68.25
2026-09-01 13:12:40,67.98
2026-09-01 13:12:41,68.13
2026-09-01 13:12:42,68.16
2026-09-01 13:12:43,67.37
2026-09-01 13:12:44,67.4
2026-09-01 13:12:45,68.41
2026-09-01 13:12:46,67.99
2026-09-01 13:12:47,68.47
2026-09-01 13:12:48,67.65
2026-09-01 13:12:49,68.22
2026-09-01 13:12:50,67.97
2026-09-01 13:12:51,67.76
2026-09-01 13:12:52,67.99
2026-09-01 13:12:53,68.58
2026-09-01 13:12:54,67.78
2026-09-01 13:12:55,68.34
2026-09-01 13:12:56,68.26
2026-09-01 13:12:57,67.39
2026-09-01 13:12:58,68.1
2026-09-01 13:12:59,68.27
2026-09-01 13:13:00,67.42
2026-09-01 13:13:01,67.56
2026-09-01 13:13:02,68.09
2026-09-01 13:13:03,67.85
2026-09-01 13:13:04,68.39
2026-09-01 13:13:05,68.36
2026-09-01 13:13:06,68.28
2026-09-01 13:13:07,67.69
2026-09-01 13:13:08,67.98
2026-09-01 13:13:09,68.59
2026-09-01 13:13:10,67.81
2026-09-01 13:13:11,68.03
2026-09-01 13:13:12,68.41
2026-09-01 13:13:13,67.9
2026-09-01 13:13:14,67.68
2026-09-01 13:13:15,67.77
2026-09-01 13:13:16,68.14
2026-09-01 13:13:17,68.17
2026-09-01 13:13:18,67.98
2026-09-01 13:13:19,67.74
2026-09-01 13:13:20,67.85
2026-09-01 13:13:21,67.78
2026-09-01 13:13:22,67.77
2026-09-01 13:13:23,68.24
2026-09-01 13:13:24,67.61
2026-09-01 13:13:25,67.76
2026-09-01 13:13:26,68.03
2026-09-01 13:13:27,68.26
2026-09-01 13:13:28,67.74
2026-09-01 13:13:29,67.93
2026-09-01 13:13:30,68.41
2026-09-01 13:13:31,67.56
2026-09-01 13:13:32,68.29
2026-09-01 13:13:33,68.42
2026-09-01 13:13:34,68.17
2026-09-01 13:13:35,67.79
2026-09-01 13:13:36,68.49
2026-09-01 13:13:37,68.31
2026-09-01 13:13:38,68.27
2026-09-01 13:13:39,67.47
2026-09-01 13:13:40,68.84
2026-09-01 13:13:41,67.8
2026-09-01 13:13:42,67.83
2026-09-01 13:13:43,68.34
2026-09-01 13:13:44,68.42
2026-09-01 13:13:45,68.31
2026-09-01 13:13:46,68.25
2026-09-01 13:13:47,68.19
2026-09-01 13:13:48,68.09
2026-09-01 13:13:49,68.09
2026-09-01 13:13:50,68.09
2026-09-01 13:13:51,67.47
2026-09-01 13:13:52,67.45
2026-09-01 13:13:53,68.18
2026-09-01 13:13:54,67.69
2026-09-01 13:13:55,68.09
2026-09-01 13:13:56,68.14
2026-09-01 13:13:57,68.0
2026-09-01 13:13:58,68.48
2026-09-01 13:13:59,68.27
2026-09-01 13:14:00,67.78
2026-09-01 13:14:01,68.06
2026-09-01 13:14:02,68.15
2026-09-01 13:14:03,68.11
2026-09-01 13:14:04,68.36
2026-09-01 13:14:05,68.02
2026-09-01 13:14:06,67.9
2026-09-01 13:14:07,67.89
2026-09-01 13:14:08,67.67
2026-09-01 13:14:09,67.8
2026-09-01 13:14:10,68.12
2026-09-01 13:14:11,67.76
2026-09-01 13:14:12,68.14
2026-09-01 13:14:13,67.88
2026-09-01 13:14:14,68.23
2026-09-01 13:14:15,67.61
2026-09-01 13:14:16,67.88
2026-09-01 13:14:17,68.04
2026-09-01 13:14:18,68.01
2026-09-01 13:14:19,68.08
2026-09-01 13:14:20,67.98
2026-09-01 13:14:21,68.02
2026-09-01 13:14:22,67.92
2026-09-01 13:14:23,68.58
2026-09-01 13:14:24,68.33
2026-09-01 13:14:25,68.2
2026-09-01 13:14:26,67.96
2026-09-01 13:14:27,68.16
2026-09-01 13:14:28,67.85
2026-09-01 13:14:29,67.88
2026-09-01 13:14:30,67.63
2026-09-01 13:14:31,67.78
2026-09-01 13:14:32,67.75
2026-09-01 13:14:33,68.13
2026-09-01 13:14:34,68.12
2026-09-01 13:14:35,67.95
2026-09-01 13:14:36,67.94
2026-09-01 13:14:37,68.26
2026-09-01 13:14:38,67.88
2026-09-01 13:14:39,67.77
2026-09-01 13:14:40,68.16
2026-09-01 13:14:41,68.04
2026-09-01 13:14:42,67.76
2026-09-01 13:14:43,67.84
2026-09-01 13:14:44,68.51
2026-09-01 13:14:45,67.87
2026-09-01 13:14:46,67.69
2026-09-01 13:14:47,67.94
2026-09-01 13:14:48,68.3
2026-09-01 13:14:49,68.3
2026-09-01 13:14:50,68.08
2026-09-01 13:14:51,68.45
2026-09-01 13:14:52,67.05
2026-09-01 13:14:53,67.65
2026-09-01 13:14:54,67.48
2026-09-01 13:14:55,67.79
2026-09-01 13:14:56,68.03
2026-09-01 13:14:57,67.89
2026-09-01 13:14:58,68.02
2026-09-01 13:14:59,68.43
2026-09-01 13:15:00,67.89
2026-09-01 13:15:01,67.85
2026-09-01 13:15:02,68.44
2026-09-01 13:15:03,68.16
2026-09-01 13:15:04,67.98
2026-09-01 13:15:05,68.05
2026-09-01 13:15:06,67.78
2026-09-01 13:15:07,67.81
2026-09-01 13:15:08,67.91
2026-09-01 13:15:09,67.97
2026-09-01 13:15:10,67.74
2026-09-01 13:15:11,67.73
2026-09-01 13:15:12,67.86
2026-09-01 13:15:13,67.78
2026-09-01 13:15:14,67.99
2026-09-01 13:15:15,68.67
2026-09-01 13:15:16,67.92
2026-09-01 13:15:17,68.39
2026-09-01 13:15:18,68.16
2026-09-01 13:15:19,68.36
2026-09-01 13:15:20,68.3
2026-09-01 13:15:21,67.94
2026-09-01 13:15:22,68.4
2026-09-01 13:15:23,67.84
2026-09-01 13:15:24,67.82
2026-09-01 13:15:25,68.24
2026-09-01 13:15:26,68.21
2026-09-01 13:15:27,68.37
2026-09-01 13:15:28,67.82
2026-09-01 13:15:29,67.97
2026-09-01 13:15:30,67.68
2026-09-01 13:15:31,67.9
2026-09-01 13:15:32,68.61
2026-09-01 13:15:33,68.13
2026-09-01 13:15:34,67.93
2026-09-01 13:15:35,68.08
2026-09-01 13:15:36,68.31
2026-09-01 13:15:37,67.75
2026-09-01 13:15:38,68.35
2026-09-01 13:15:39,67.74
2026-09-01 13:15:40,68.29
2026-09-01 13:15:41,67.86
2026-09-01 13:15:42,68.14
2026-09-01 13:15:43,68.09
2026-09-01 13:15:44,67.73
2026-09-01 13:15:45,67.64
2026-09-01 13:15:46,67.52
2026-09-01 13:15:47,67.44
2026-09-01 13:15:48,68.02
2026-09-01 13:15:49,67.51
2026-09-01 13:15:50,67.76
2026-09-01 13:15:51,67.21
2026-09-01 13:15:52,68.01
2026-09-01 13:15:53,68.08
2026-09-01 13:15:54,68.16
2026-09-01 13:15:55,68.2
2026-09-01 13:15:56,68.32
2026-09-01 13:15:57,68.17
2026-09-01 13:15:58,68.32
2026-09-01 13:15:59,67.62
2026-09-01 13:16:00,67.97
2026-09-01 13:16:01,67.75
2026-09-01 13:16:02,68.42
2026-09-01 13:16:03,68.11
2026-09-01 13:16:04,67.88
2026-09-01 13:16:05,68.01
2026-09-01 13:16:06,68.19
2026-09-01 13:16:07,67.82
2026-09-01 13:16:08,67.64
2026-09-01 13:16:09,68.13
2026-09-01 13:16:10,67.94
2026-09-01 13:16:11,67.97
2026-09-01 13:16:12,67.73
2026-09-01 13:16:13,67.92
2026-09-01 13:16:14,67.74
2026-09-01 13:16:15,67.85
2026-09-01 13:16:16,67.19
2026-09-01 13:16:17,67.85
2026-09-01 13:16:18,68.09
2026-09-01 13:16:19,68.44
2026-09-01 13:16:20,68.48
2026-09-01 13:16:21,67.81
2026-09-01 13:16:22,67.58
2026-09-01 13:16:23,67.7
2026-09-01 13:16:24,68.14
2026-09-01 13:16:25,68.06
2026-09-01 13:16:26,68.36
2026-09-01 13:16:27,67.86
2026-09-01 13:16:28,68.56
2026-09-01 13:16:29,68.01
2026-09-01 13:16:30,67.73
2026-09-01 13:16:31,68.02
2026-09-01 13:16:32,68.13
2026-09-01 13:16:33,68.12
2026-09-01 13:16:34,68.16
2026-09-01 13:16:35,68.67
2026-09-01 13:16:36,68.33
2026-09-01 13:16:37,67.48
2026-09-01 13:16:38,67.68
2026-09-01 13:16:39,67.16
2026-09-01 13:16:40,67.81
2026-09-01 13:16:41,68.09
2026-09-01 13:16:42,67.79
2026-09-01 13:16:43,67.84
2026-09-01 13:16:44,67.8
2026-09-01 13:16:45,68.22
2026-09-01 13:16:46,68.04
2026-09-01 13:16:47,68.22
2026-09-01 13:16:48,67.89
2026-09-01 13:16:49,67.85
2026-09-01 13:16:50,68.23
2026-09-01 13:16:51,68.18
2026-09-01 13:16:52,67.82
2026-09-01 13:16:53,68.21
2026-09-01 13:16:54,68.22
2026-09-01 13:16:55,68.22
2026-09-01 13:16:56,68.07
2026-09-01 13:16:57,67.91
2026-09-01 13:16:58,68.16
2026-09-01 13:16:59,67.82
2026-09-01 13:17:00,68.19
2026-09-01 13:17:01,68.23
2026-09-01 13:17:02,67.42
2026-09-01 13:17:03,67.77
2026-09-01 13:17:04,68.64
2026-09-01 13:17:05,67.82
2026-09-01 13:17:06,67.97
2026-09-01 13:17:07,67.58
2026-09-01 13:17:08,68.1
2026-09-01 13:17:09,68.26
2026-09-01 13:17:10,67.91
2026-09-01 13:17:11,67.74
2026-09-01 13:17:12,67.87
2026-09-01 13:17:13,67.77
2026-09-01 13:17:14,68.38
2026-09-01 13:17:15,67.65
2026-09-01 13:17:16,68.21
2026-09-01 13:17:17,68.05
2026-09-01 13:17:18,67.74
2026-09-01 13:17:19,67.97
2026-09-01 13:17:20,67.76
2026-09-01 13:17:21,68.16
2026-09-01 13:17:22,67.47
2026-09-01 13:17:23,68.12
2026-09-01 13:17:24,67.59
2026-09-01 13:17:25,68.54
2026-09-01 13:17:26,68.17
2026-09-01 13:17:27,67.97
2026-09-01 13:17:28,68.39
2026-09-01 13:17:29,67.96
2026-09-01 13:17:30,67.77
2026-09-01 13:17:31,68.45
2026-09-01 13:17:32,67.73
2026-09-01 13:17:33,68.4
2026-09-01 13:17:34,67.89
2026-09-01 13:17:35,67.99
2026-09-01 13:17:36,67.75
2026-09-01 13:17:37,68.0
2026-09-01 13:17:38,68.05
2026-09-01 13:17:39,68.36
2026-09-01 13:17:40,68.14
2026-09-01 13:17:41,67.99
2026-09-01 13:17:42,67.49
2026-09-01 13:17:43,68.27
2026-09-01 13:17:44,68.13
2026-09-01 13:17:45,67.82
2026-09-01 13:17:46,67.83
2026-09-01 13:17:47,67.9
2026-09-01 13:17:48,67.96
2026-09-01 13:17:49,67.99
2026-09-01 13:17:50,67.67
2026-09-01 13:17:51,67.81
2026-09-01 13:17:52,68.25
2026-09-01 13:17:53,67.79
2026-09-01 13:17:54,68.26
2026-09-01 13:17:55,68.02
2026-09-01 13:17:56,67.75
2026-09-01 13:17:57,67.71
2026-09-01 13:17:58,68.05
2026-09-01 13:17:59,67.98
2026-09-01 13:18:00,67.69
2026-09-01 13:18:01,68.34
2026-09-01 13:18:02,68.1
2026-09-01 13:18:03,68.41
2026-09-01 13:18:04,68.13
2026-09-01 13:18:05,68.31
2026-09-01 13:18:06,68.06
2026-09-01 13:18:07,68.13
2026-09-01 13:18:08,67.66
2026-09-01 13:18:09,68.11
2026-09-01 13:18:10,68.44
2026-09-01 13:18:11,68.13
2026-09-01 13:18:12,68.05
2026-09-01 13:18:13,68.1
2026-09-01 13:18:14,68.46
2026-09-01 13:18:15,68.26
2026-09-01 13:18:16,67.87
2026-09-01 13:18:17,67.71
2026-09-01 13:18:18,67.99
2026-09-01 13:18:19,68.05
2026-09-01 13:18:20,67.78
2026-09-01 13:18:21,68.44
2026-09-01 13:18:22,68.36
2026-09-01 13:18:23,68.0
2026-09-01 13:18:24,68.05
2026-09-01 13:18:25,67.73
2026-09-01 13:18:26,67.95
2026-09-01 13:18:27,67.95
2026-09-01 13:18:28,68.08
2026-09-01 13:18:29,68.18
2026-09-01 13:18:30,67.83
2026-09-01 13:18:31,68.44
2026-09-01 13:18:32,67.51
2026-09-01 13:18:33,67.74
2026-09-01 13:18:34,67.81
2026-09-01 13:18:35,68.07
2026-09-01 13:18:36,67.78
2026-09-01 13:18:37,68.0
2026-09-01 13:18:38,67.76
2026-09-01 13:18:39,67.45
2026-09-01 13:18:40,68.33
2026-09-01 13:18:41,68.63
2026-09-01 13:18:42,68.67
2026-09-01 13:18:43,67.91
2026-09-01 13:18:44,67.94
2026-09-01 13:18:45,67.9
2026-09-01 13:18:46,68.26
2026-09-01 13:18:47,67.91
2026-09-01 13:18:48,67.95
2026-09-01 13:18:49,67.54
2026-09-01 13:18:50,68.33
2026-09-01 13:18:51,67.72
2026-09-01 13:18:52,68.12
2026-09-01 13:18:53,67.41
2026-09-01 13:18:54,67.64
2026-09-01 13:18:55,68.2
2026-09-01 13:18:56,68.06
2026-09-01 13:18:57,68.18
2026-09-01 13:18:58,67.54
2026-09-01 13:18:59,68.71
2026-09-01 13:19:00,68.16
2026-09-01 13:19:01,67.87
2026-09-01 13:19:02,67.99
2026-09-01 13:19:03,67.88
2026-09-01 13:19:04,68.41
2026-09-01 13:19:05,68.38
2026-09-01 13:19:06,68.02
2026-09-01 13:19:07,68.44
2026-09-01 13:19:08,67.57
2026-09-01 13:19:09,68.0
2026-09-01 13:19:10,67.63
2026-09-01 13:19:11,68.21
2026-09-01 13:19:12,67.74
2026-09-01 13:19:13,67.89
2026-09-01 13:19:14,68.19
2026-09-01 13:19:15,67.97
2026-09-01 13:19:16,67.96
2026-09-01 13:19:17,68.16
2026-09-01 13:19:18,67.72
2026-09-01 13:19:19,68.58
2026-09-01 13:19:20,67.46
2026-09-01 13:19:21,67.91
2026-09-01 13:19:22,67.7
2026-09-01 13:19:23,67.9
2026-09-01 13:19:24,67.78
2026-09-01 13:19:25,68.0
2026-09-01 13:19:26,68.15
2026-09-01 13:19:27,67.99
2026-09-01 13:19:28,68.29
2026-09-01 13:19:29,68.24
2026-09-01 13:19:30,67.94
2026-09-01 13:19:31,67.83
2026-09-01 13:19:32,67.8
2026-09-01 13:19:33,67.76
2026-09-01 13:19:34,67.65
2026-09-01 13:19:35,68.23
2026-09-01 13:19:36,68.16
2026-09-01 13:19:37,68.45
2026-09-01 13:19:38,67.76
2026-09-01 13:19:39,68.18
2026-09-01 13:19:40,68.04
2026-09-01 13:19:41,67.87
2026-09-01 13:19:42,68.11
2026-09-01 13:19:43,68.23
2026-09-01 13:19:44,67.38
2026-09-01 13:19:45,68.32
2026-09-01 13:19:46,68.13
2026-09-01 13:19:47,68.08
2026-09-01 13:19:48,67.62
2026-09-01 13:19:49,67.75
2026-09-01 13:19:50,67.68
2026-09-01 13:19:51,68.22
2026-09-01 13:19:52,68.32
2026-09-01 13:19:53,67.44
2026-09-01 13:19:54,67.94
2026-09-01 13:19:55,67.97
2026-09-01 13:19:56,67.89
2026-09-01 13:19:57,67.29
2026-09-01 13:19:58,68.47
2026-09-01 13:19:59,68.7
2026-09-01 13:20:00,67.64
2026-09-01 13:20:01,67.97
2026-09-01 13:20:02,67.91
2026-09-01 13:20:03,68.44
2026-09-01 13:20:04,67.36
2026-09-01 13:20:05,68.07
2026-09-01 13:20:06,68.43
2026-09-01 13:20:07,67.51
2026-09-01 13:20:08,68.15
2026-09-01 13:20:09,67.72
2026-09-01 13:20:10,67.86
2026-09-01 13:20:11,67.9
2026-09-01 13:20:12,67.55
2026-09-01 13:20:13,68.18
2026-09-01 13:20:14,67.69
2026-09-01 13:20:15,68.43
2026-09-01 13:20:16,67.9
2026-09-01 13:20:17,68.01
2026-09-01 13:20:18,68.3
2026-09-01 13:20:19,67.82
2026-09-01 13:20:20,67.65
2026-09-01 13:20:21,68.05
2026-09-01 13:20:22,68.55
2026-09-01 13:20:23,68.02
2026-09-01 13:20:24,68.38
2026-09-01 13:20:25,67.95
2026-09-01 13:20:26,67.97
2026-09-01 13:20:27,68.0
2026-09-01 13:20:28,67.77
2026-09-01 13:20:29,67.86
2026-09-01 13:20:30,68.46
2026-09-01 13:20:31,67.54
2026-09-01 13:20:32,68.43
2026-09-01 13:20:33,67.96
2026-09-01 13:20:34,67.8
2026-09-01 13:20:35,68.12
2026-09-01 13:20:36,68.22
2026-09-01 13:20:37,67.89
2026-09-01 13:20:38,67.71
2026-09-01 13:20:39,67.93
2026-09-01 13:20:40,67.63
2026-09-01 13:20:41,67.5
2026-09-01 13:20:42,68.4
2026-09-01 13:20:43,68.03
2026-09-01 13:20:44,67.93
2026-09-01 13:20:45,67.83
2026-09-01 13:20:46,68.5
2026-09-01 13:20:47,67.38
2026-09-01 13:20:48,68.18
2026-09-01 13:20:49,67.3
2026-09-01 13:20:50,68.29
2026-09-01 13:20:51,67.64
2026-09-01 13:20:52,68.36
2026-09-01 13:20:53,68.31
2026-09-01 13:20:54,68.32
2026-09-01 13:20:55,68.06
2026-09-01 13:20:56,67.65
2026-09-01 13:20:57,68.14
2026-09-01 13:20:58,67.89
2026-09-01 13:20:59,67.92
2026-09-01 13:21:00,67.81
2026-09-01 13:21:01,68.16
2026-09-01 13:21:02,68.8
2026-09-01 13:21:03,67.93
2026-09-01 13:21:04,68.22
2026-09-01 13:21:05,68.0
2026-09-01 13:21:06,67.89
2026-09-01 13:21:07,68.02
2026-09-01 13:21:08,68.7
2026-09-01 13:21:09,67.77
2026-09-01 13:21:10,67.73
2026-09-01 13:21:11,67.82
2026-09-01 13:21:12,68.48
2026-09-01 13:21:13,68.4
2026-09-01 13:21:14,67.81
2026-09-01 13:21:15,68.18
2026-09-01 13:21:16,67.77
2026-09-01 13:21:17,67.91
2026-09-01 13:21:18,67.97
2026-09-01 13:21:19,68.91
2026-09-01 13:21:20,67.39
2026-09-01 13:21:21,68.03
2026-09-01 13:21:22,67.89
2026-09-01 13:21:23,68.16
2026-09-01 13:21:24,68.12
2026-09-01 13:21:25,68.21
2026-09-01 13:21:26,68.08
2026-09-01 13:21:27,67.64
2026-09-01 13:21:28,68.34
2026-09-01 13:21:29,68.25
2026-09-01 13:21:30,68.17
2026-09-01 13:21:31,68.28
2026-09-01 13:21:32,68.34
2026-09-01 13:21:33,67.44
2026-09-01 13:21:34,68.57
2026-09-01 13:21:35,68.47
2026-09-01 13:21:36,68.31
2026-09-01 13:21:37,67.56
2026-09-01 13:21:38,68.03
2026-09-01 13:21:39,68.33
2026-09-01 13:21:40,68.22
2026-09-01 13:21:41,68.4
2026-09-01 13:21:42,68.22
2026-09-01 13:21:43,68.05
2026-09-01 13:21:44,68.56
2026-09-01 13:21:45,68.3
2026-09-01 13:21:46,68.05
2026-09-01 13:21:47,68.13
2026-09-01 13:21:48,67.68
2026-09-01 13:21:49,67.83
2026-09-01 13:21:50,68.14
2026-09-01 13:21:51,67.7
2026-09-01 13:21:52,68.2
2026-09-01 13:21:53,67.85
2026-09-01 13:21:54,67.97
2026-09-01 13:21:55,68.1
2026-09-01 13:21:56,67.89
2026-09-01 13:21:57,68.06
2026-09-01 13:21:58,67.91
2026-09-01 13:21:59,68.13
2026-09-01 13:22:00,67.96
2026-09-01 13:22:01,68.16
2026-09-01 13:22:02,67.5
2026-09-01 13:22:03,68.05
2026-09-01 13:22:04,68.15
2026-09-01 13:22:05,67.93
2026-09-01 13:22:06,67.95
2026-09-01 13:22:07,67.93
2026-09-01 13:22:08,67.56
2026-09-01 13:22:09,68.21
2026-09-01 13:22:10,67.84
2026-09-01 13:22:11,67.99
2026-09-01 13:22:12,68.03
2026-09-01 13:22:13,68.17
2026-09-01 13:22:14,68.05
2026-09-01 13:22:15,67.91
2026-09-01 13:22:16,67.66
2026-09-01 13:22:17,68.22
2026-09-01 13:22:18,67.63
2026-09-01 13:22:19,67.68
2026-09-01 13:22:20,68.14
2026-09-01 13:22:21,68.06
2026-09-01 13:22:22,68.58
2026-09-01 13:22:23,67.55
2026-09-01 13:22:24,67.55
2026-09-01 13:22:25,68.04
2026-09-01 13:22:26,68.37
2026-09-01 13:22:27,67.53
2026-09-01 13:22:28,68.1
2026-09-01 13:22:29,68.04
2026-09-01 13:22:30,68.28
2026-09-01 13:22:31,68.05
2026-09-01 13:22:32,68.41
2026-09-01 13:22:33,67.93
2026-09-01 13:22:34,68.01
2026-09-01 13:22:35,68.07
2026-09-01 13:22:36,68.03
2026-09-01 13:22:37,67.85
2026-09-01 13:22:38,67.66
2026-09-01 13:22:39,67.63
2026-09-01 13:22:40,68.14
2026-09-01 13:22:41,67.93
2026-09-01 13:22:42,67.95
2026-09-01 13:22:43,68.21
2026-09-01 13:22:44,68.15
2026-09-01 13:22:45,67.94
2026-09-01 13:22:46,67.95
2026-09-01 13:22:47,67.53
2026-09-01 13:22:48,67.78
2026-09-01 13:22:49,67.63
2026-09-01 13:22:50,68.2
2026-09-01 13:22:51,68.14
2026-09-01 13:22:52,67.98
2026-09-01 13:22:53,68.58
2026-09-01 13:22:54,68.01
2026-09-01 13:22:55,68.04
2026-09-01 13:22:56,67.86
2026-09-01 13:22:57,68.15
2026-09-01 13:22:58,68.14
2026-09-01 13:22:59,68.41
2026-09-01 13:23:00,67.79
2026-09-01 13:23:01,68.18
2026-09-01 13:23:02,67.9
2026-09-01 13:23:03,68.48
2026-09-01 13:23:04,68.08
2026-09-01 13:23:05,68.25
2026-09-01 13:23:06,68.33
2026-09-01 13:23:07,67.61
2026-09-01 13:23:08,67.46
2026-09-01 13:23:09,67.6
2026-09-01 13:23:10,67.75
2026-09-01 13:23:11,68.46
2026-09-01 13:23:12,68.27
2026-09-01 13:23:13,67.94
2026-09-01 13:23:14,67.76
2026-09-01 13:23:15,67.66
2026-09-01 13:23:16,67.82
2026-09-01 13:23:17,68.28
2026-09-01 13:23:18,67.89
2026-09-01 13:23:19,67.87
2026-09-01 13:23:20,68.21
2026-09-01 13:23:21,67.61
2026-09-01 13:23:22,67.85
2026-09-01 13:23:23,68.08
2026-09-01 13:23:24,68.1
2026-09-01 13:23:25,68.12
2026-09-01 13:23:26,67.97
2026-09-01 13:23:27,67.97
2026-09-01 13:23:28,68.23
2026-09-01 13:23:29,67.5
2026-09-01 13:23:30,68.28
2026-09-01 13:23:31,68.02
2026-09-01 13:23:32,67.82
2026-09-01 13:23:33,67.89
2026-09-01 13:23:34,68.06
2026-09-01 13:23:35,68.68
2026-09-01 13:23:36,68.14
2026-09-01 13:23:37,68.65
2026-09-01 13:23:38,68.11
2026-09-01 13:23:39,67.97
2026-09-01 13:23:40,68.49
2026-09-01 13:23:41,68.04
2026-09-01 13:23:42,67.99
2026-09-01 13:23:43,67.85
2026-09-01 13:23:44,67.89
2026-09-01 13:23:45,68.0
2026-09-01 13:23:46,67.89
2026-09-01 13:23:47,67.82
2026-09-01 13:23:48,68.22
2026-09-01 13:23:49,67.74
2026-09-01 13:23:50,67.77
2026-09-01 13:23:51,67.68
2026-09-01 13:23:52,68.0
2026-09-01 13:23:53,67.64
2026-09-01 13:23:54,67.91
2026-09-01 13:23:55,68.64
2026-09-01 13:23:56,68.78
2026-09-01 13:23:57,67.77
2026-09-01 13:23:58,68.03
2026-09-01 13:23:59,67.58
2026-09-01 13:24:00,67.57
2026-09-01 13:24:01,68.2
2026-09-01 13:24:02,67.55
2026-09-01 13:24:03,67.97
2026-09-01 13:24:04,68.48
2026-09-01 13:24:05,67.83
2026-09-01 13:24:06,68.18
2026-09-01 13:24:07,67.85
2026-09-01 13:24:08,68.51
2026-09-01 13:24:09,68.47
2026-09-01 13:24:10,67.62
2026-09-01 13:24:11,68.29
2026-09-01 13:24:12,68.16
2026-09-01 13:24:13,68.11
2026-09-01 13:24:14,68.03
2026-09-01 13:24:15,67.8
2026-09-01 13:24:16,67.8
2026-09-01 13:24:17,68.13
2026-09-01 13:24:18,67.85
2026-09-01 13:24:19,67.27
2026-09-01 13:24:20,68.04
2026-09-01 13:24:21,68.38
2026-09-01 13:24:22,68.06
2026-09-01 13:24:23,68.21
2026-09-01 13:24:24,67.97
2026-09-01 13:24:25,67.83
2026-09-01 13:24:26,67.88
2026-09-01 13:24:27,67.64
2026-09-01 13:24:28,68.29
2026-09-01 13:24:29,68.24
2026-09-01 13:24:30,68.11
2026-09-01 13:24:31,68.3
2026-09-01 13:24:32,68.17
2026-09-01 13:24:33,67.35
2026-09-01 13:24:34,67.89
2026-09-01 13:24:35,67.96
2026-09-01 13:24:36,68.4
2026-09-01 13:24:37,68.57
2026-09-01 13:24:38,67.89
2026-09-01 13:24:39,68.07
2026-09-01 13:24:40,68.05
2026-09-01 13:24:41,67.55
2026-09-01 13:24:42,67.79
2026-09-01 13:24:43,68.02
2026-09-01 13:24:44,67.98
2026-09-01 13:24:45,68.21
2026-09-01 13:24:46,67.93
2026-09-01 13:24:47,67.71
2026-09-01 13:24:48,67.77
2026-09-01 13:24:49,68.59
2026-09-01 13:24:50,68.36
2026-09-01 13:24:51,68.2
2026-09-01 13:24:52,67.57
2026-09-01 13:24:53,67.82
2026-09-01 13:24:54,67.67
2026-09-01 13:24:55,68.15
2026-09-01 13:24:56,68.16
2026-09-01 13:24:57,67.59
2026-09-01 13:24:58,67.55
2026-09-01 13:24:59,67.95
2026-09-01 13:25:00,68.2
2026-09-01 13:25:01,68.21
2026-09-01 13:25:02,67.6
2026-09-01 13:25:03,67.7
2026-09-01 13:25:04,68.22
2026-09-01 13:25:05,68.33
2026-09-01 13:25:06,67.68
2026-09-01 13:25:07,67.81
2026-09-01 13:25:08,67.9
2026-09-01 13:25:09,67.74
2026-09-01 13:25:10,67.88
2026-09-01 13:25:11,67.94
2026-09-01 13:25:12,68.69
2026-09-01 13:25:13,67.71
2026-09-01 13:25:14,68.08
2026-09-01 13:25:15,68.44
2026-09-01 13:25:16,68.01
2026-09-01 13:25:17,68.02
2026-09-01 13:25:18,67.65
2026-09-01 13:25:19,67.87
2026-09-01 13:25:20,67.72
2026-09-01 13:25:21,67.81
2026-09-01 13:25:22,68.3
2026-09-01 13:25:23,68.32
2026-09-01 13:25:24,68.34
2026-09-01 13:25:25,67.89
2026-09-01 13:25:26,68.1
2026-09-01 13:25:27,68.26
2026-09-01 13:25:28,68.5
2026-09-01 13:25:29,68.22
2026-09-01 13:25:30,68.1
2026-09-01 13:25:31,67.74
2026-09-01 13:25:32,67.67
2026-09-01 13:25:33,68.4
2026-09-01 13:25:34,67.92
2026-09-01 13:25:35,68.26
2026-09-01 13:25:36,68.7
2026-09-01 13:25:37,67.9
2026-09-01 13:25:38,67.89
2026-09-01 13:25:39,68.1
2026-09-01 13:25:40,68.29
2026-09-01 13:25:41,68.06
2026-09-01 13:25:42,67.8
2026-09-01 13:25:43,67.99
2026-09-01 13:25:44,68.25
2026-09-01 13:25:45,68.01
2026-09-01 13:25:46,68.36
2026-09-01 13:25:47,68.92
2026-09-01 13:25:48,67.9
2026-09-01 13:25:49,68.01
2026-09-01 13:25:50,67.86
2026-09-01 13:25:51,67.97
2026-09-01 13:25:52,68.55
2026-09-01 13:25:53,67.8
2026-09-01 13:25:54,67.69
2026-09-01 13:25:55,68.07
2026-09-01 13:25:56,67.51
2026-09-01 13:25:57,68.17
2026-09-01 13:25:58,68.25
2026-09-01 13:25:59,68.2
2026-09-01 13:26:00,67.4
2026-09-01 13:26:01,68.04
2026-09-01 13:26:02,67.75
2026-09-01 13:26:03,67.55
2026-09-01 13:26:04,67.91
2026-09-01 13:26:05,67.84
2026-09-01 13:26:06,67.96
2026-09-01 13:26:07,67.95
2026-09-01 13:26:08,68.53
2026-09-01 13:26:09,67.55
2026-09-01 13:26:10,68.26
2026-09-01 13:26:11,68.16
2026-09-01 13:26:12,67.76
2026-09-01 13:26:13,67.9
2026-09-01 13:26:14,67.9
2026-09-01 13:26:15,67.97
2026-09-01 13:26:16,68.05
2026-09-01 13:26:17,68.04
2026-09-01 13:26:18,67.88
2026-09-01 13:26:19,68.18
2026-09-01 13:26:20,68.15
2026-09-01 13:26:21,68.06
2026-09-01 13:26:22,68.24
2026-09-01 13:26:23,68.2
2026-09-01 13:26:24,67.64
2026-09-01 13:26:25,67.75
2026-09-01 13:26:26,68.06
2026-09-01 13:26:27,67.83
2026-09-01 13:26:28,68.18
2026-09-01 13:26:29,68.12
2026-09-01 13:26:30,67.92
2026-09-01 13:26:31,68.21
2026-09-01 13:26:32,68.29
2026-09-01 13:26:33,68.68
2026-09-01 13:26:34,67.96
2026-09-01 13:26:35,67.68
2026-09-01 13:26:36,68.44
2026-09-01 13:26:37,68.19
2026-09-01 13:26:38,67.74
2026-09-01 13:26:39,67.73
2026-09-01 13:26:40,67.99
2026-09-01 13:26:41,67.88
2026-09-01 13:26:42,68.22
2026-09-01 13:26:43,67.78
2026-09-01 13:26:44,67.71
2026-09-01 13:26:45,68.07
2026-09-01 13:26:46,68.01
2026-09-01 13:26:47,67.54
2026-09-01 13:26:48,68.06
2026-09-01 13:26:49,68.05
2026-09-01 13:26:50,67.31
2026-09-01 13:26:51,67.65
2026-09-01 13:26:52,68.02
2026-09-01 13:26:53,68.3
2026-09-01 13:26:54,67.84
2026-09-01 13:26:55,68.29
2026-09-01 13:26:56,68.18
2026-09-01 13:26:57,68.01
2026-09-01 13:26:58,68.1
2026-09-01 13:26:59,68.21
2026-09-01 13:27:00,68.05
2026-09-01 13:27:01,67.97
2026-09-01 13:27:02,68.33
2026-09-01 13:27:03,68.0
2026-09-01 13:27:04,68.07
2026-09-01 13:27:05,68.24
2026-09-01 13:27:06,67.64
2026-09-01 13:27:07,68.17
2026-09-01 13:27:08,68.52
2026-09-01 13:27:09,68.19
2026-09-01 13:27:10,67.97
2026-09-01 13:27:11,67.94
2026-09-01 13:27:12,68.02
2026-09-01 13:27:13,68.3
2026-09-01 13:27:14,68.04
2026-09-01 13:27:15,68.61
2026-09-01 13:27:16,68.12
2026-09-01 13:27:17,67.7
2026-09-01 13:27:18,67.58
2026-09-01 13:27:19,67.92
2026-09-01 13:27:20,67.93
2026-09-01 13:27:21,67.81
2026-09-01 13:27:22,67.76
2026-09-01 13:27:23,67.94
2026-09-01 13:27:24,67.95
2026-09-01 13:27:25,67.85
2026-09-01 13:27:26,68.56
2026-09-01 13:27:27,67.72
2026-09-01 13:27:28,68.46
2026-09-01 13:27:29,67.99
2026-09-01 13:27:30,68.09
2026-09-01 13:27:31,68.44
2026-09-01 13:27:32,67.65
2026-09-01 13:27:33,67.98
2026-09-01 13:27:34,67.64
2026-09-01 13:27:35,67.83
2026-09-01 13:27:36,67.81
2026-09-01 13:27:37,68.4
2026-09-01 13:27:38,68.11
2026-09-01 13:27:39,67.64
2026-09-01 13:27:40,68.21
2026-09-01 13:27:41,68.55
2026-09-01 13:27:42,68.09
2026-09-01 13:27:43,68.02
2026-09-01 13:27:44,67.9
2026-09-01 13:27:45,67.98
2026-09-01 13:27:46,67.78
2026-09-01 13:27:47,67.68
2026-09-01 13:27:48,67.82
2026-09-01 13:27:49,68.44
2026-09-01 13:27:50,67.85
2026-09-01 13:27:51,68.12
2026-09-01 13:27:52,68.29
2026-09-01 13:27:53,67.98
2026-09-01 13:27:54,68.09
2026-09-01 13:27:55,68.01
2026-09-01 13:27:56,67.52
2026-09-01 13:27:57,67.87
2026-09-01 13:27:58,67.9
2026-09-01 13:27:59,68.14
2026-09-01 13:28:00,68.15
2026-09-01 13:28:01,67.82
2026-09-01 13:28:02,67.96
2026-09-01 13:28:03,68.11
2026-09-01 13:28:04,67.82
2026-09-01 13:28:05,68.38
2026-09-01 13:28:06,68.52
2026-09-01 13:28:07,67.62
2026-09-01 13:28:08,68.15
2026-09-01 13:28:09,68.06
2026-09-01 13:28:10,68.11
2026-09-01 13:28:11,68.2
2026-09-01 13:28:12,68.11
2026-09-01 13:28:13,67.76
2026-09-01 13:28:14,68.34
2026-09-01 13:28:15,67.78
2026-09-01 13:28:16,68.45
2026-09-01 13:28:17,68.54
2026-09-01 13:28:18,68.03
2026-09-01 13:28:19,68.04
2026-09-01 13:28:20,68.2
2026-09-01 13:28:21,68.14
2026-09-01 13:28:22,67.86
2026-09-01 13:28:23,67.68
2026-09-01 13:28:24,67.99
2026-09-01 13:28:25,68.61
2026-09-01 13:28:26,68.33
2026-09-01 13:28:27,68.06
2026-09-01 13:28:28,68.51
2026-09-01 13:28:29,68.09
2026-09-01 13:28:30,68.35
2026-09-01 13:28:31,68.17
2026-09-01 13:28:32,68.04
2026-09-01 13:28:33,67.61
2026-09-01 13:28:34,67.91
2026-09-01 13:28:35,68.37
2026-09-01 13:28:36,67.6
2026-09-01 13:28:37,67.62
2026-09-01 13:28:38,68.68
2026-09-01 13:28:39,68.42
2026-09-01 13:28:40,68.37
2026-09-01 13:28:41,68.39
2026-09-01 13:28:42,68.1
2026-09-01 13:28:43,68.31
2026-09-01 13:28:44,68.15
2026-09-01 13:28:45,67.99
2026-09-01 13:28:46,67.68
2026-09-01 13:28:47,68.32
2026-09-01 13:28:48,67.94
2026-09-01 13:28:49,68.26
2026-09-01 13:28:50,67.85
2026-09-01 13:28:51,67.78
2026-09-01 13:28:52,68.2
2026-09-01 13:28:53,68.36
2026-09-01 13:28:54,68.23
2026-09-01 13:28:55,67.97
2026-09-01 13:28:56,68.37
2026-09-01 13:28:57,68.47
2026-09-01 13:28:58,67.75
2026-09-01 13:28:59,67.94
2026-09-01 13:29:00,67.81
2026-09-01 13:29:01,67.99
2026-09-01 13:29:02,67.91
2026-09-01 13:29:03,67.95
2026-09-01 13:29:04,67.68
2026-09-01 13:29:05,67.62
2026-09-01 13:29:06,67.81
2026-09-01 13:29:07,68.15
2026-09-01 13:29:08,67.88
2026-09-01 13:29:09,67.85
2026-09-01 13:29:10,68.14
2026-09-01 13:29:11,67.86
2026-09-01 13:29:12,67.79
2026-09-01 13:29:13,67.68
2026-09-01 13:29:14,68.11
2026-09-01 13:29:15,68.26
2026-09-01 13:29:16,67.6
2026-09-01 13:29:17,68.01
2026-09-01 13:29:18,68.25
2026-09-01 13:29:19,68.49
2026-09-01 13:29:20,67.84
2026-09-01 13:29:21,67.98
2026-09-01 13:29:22,67.63
2026-09-01 13:29:23,68.05
2026-09-01 13:29:24,67.46
2026-09-01 13:29:25,67.66
2026-09-01 13:29:26,68.22
2026-09-01 13:29:27,67.88
2026-09-01 13:29:28,68.23
2026-09-01 13:29:29,67.84
2026-09-01 13:29:30,68.04
2026-09-01 13:29:31,67.77
2026-09-01 13:29:32,67.94
2026-09-01 13:29:33,68.01
2026-09-01 13:29:34,68.43
2026-09-01 13:29:35,67.76
2026-09-01 13:29:36,67.63
2026-09-01 13:29:37,68.61
2026-09-01 13:29:38,68.13
2026-09-01 13:29:39,67.85
2026-09-01 13:29:40,68.02
2026-09-01 13:29:41,68.06
2026-09-01 13:29:42,67.56
2026-09-01 13:29:43,67.76
2026-09-01 13:29:44,68.0
2026-09-01 13:29:45,67.84
2026-09-01 13:29:46,67.83
2026-09-01 13:29:47,68.53
2026-09-01 13:29:48,67.96
2026-09-01 13:29:49,67.8
2026-09-01 13:29:50,68.16
2026-09-01 13:29:51,67.79
2026-09-01 13:29:52,68.38
2026-09-01 13:29:53,67.93
2026-09-01 13:29:54,67.81
2026-09-01 13:29:55,68.37
2026-09-01 13:29:56,67.85
2026-09-01 13:29:57,67.99
2026-09-01 13:29:58,68.33
2026-09-01 13:29:59,68.42
2026-09-01 13:30:00,68.23
2026-09-01 13:30:01,67.57
2026-09-01 13:30:02,68.71
2026-09-01 13:30:03,67.74
2026-09-01 13:30:04,68.03
2026-09-01 13:30:05,67.63
2026-09-01 13:30:06,68.51
2026-09-01 13:30:07,68.04
2026-09-01 13:30:08,67.82
2026-09-01 13:30:09,67.21
2026-09-01 13:30:10,68.39
2026-09-01 13:30:11,67.78
2026-09-01 13:30:12,67.95
2026-09-01 13:30:13,68.49
2026-09-01 13:30:14,68.72
2026-09-01 13:30:15,68.0
2026-09-01 13:30:16,68.29
2026-09-01 13:30:17,67.86
2026-09-01 13:30:18,68.27
2026-09-01 13:30:19,68.18
2026-09-01 13:30:20,68.27
2026-09-01 13:30:21,68.58
2026-09-01 13:30:22,68.55
2026-09-01 13:30:23,68.03
2026-09-01 13:30:24,68.42
2026-09-01 13:30:25,68.36
2026-09-01 13:30:26,68.35
2026-09-01 13:30:27,68.07
2026-09-01 13:30:28,68.12
2026-09-01 13:30:29,67.95
2026-09-01 13:30:30,67.88
2026-09-01 13:30:31,68.29
2026-09-01 13:30:32,68.02
2026-09-01 13:30:33,68.15
2026-09-01 13:30:34,67.79
2026-09-01 13:30:35,67.99
2026-09-01 13:30:36,67.79
2026-09-01 13:30:37,67.81
2026-09-01 13:30:38,68.07
2026-09-01 13:30:39,67.83
2026-09-01 13:30:40,68.09
2026-09-01 13:30:41,68.06
2026-09-01 13:30:42,67.8
2026-09-01 13:30:43,68.47
2026-09-01 13:30:44,67.98
2026-09-01 13:30:45,68.02
2026-09-01 13:30:46,67.44
2026-09-01 13:30:47,67.38
2026-09-01 13:30:48,68.37
2026-09-01 13:30:49,68.0
2026-09-01 13:30:50,68.82
2026-09-01 13:30:51,67.74
2026-09-01 13:30:52,68.17
2026-09-01 13:30:53,67.68
2026-09-01 13:30:54,67.96
2026-09-01 13:30:55,68.29
2026-09-01 13:30:56,68.26
2026-09-01 13:30:57,67.97
2026-09-01 13:30:58,68.43
2026-09-01 13:30:59,68.13
2026-09-01 13:31:00,67.89
2026-09-01 13:31:01,68.41
2026-09-01 13:31:02,67.79
2026-09-01 13:31:03,68.21
2026-09-01 13:31:04,67.94
2026-09-01 13:31:05,68.1
2026-09-01 13:31:06,67.83
2026-09-01 13:31:07,67.9
2026-09-01 13:31:08,67.76
2026-09-01 13:31:09,67.86
2026-09-01 13:31:10,68.3
2026-09-01 13:31:11,68.39
2026-09-01 13:31:12,68.18
2026-09-01 13:31:13,68.5
2026-09-01 13:31:14,68.24
2026-09-01 13:31:15,67.72
2026-09-01 13:31:16,67.62
2026-09-01 13:31:17,68.31
2026-09-01 13:31:18,68.33
2026-09-01 13:31:19,67.58
2026-09-01 13:31:20,68.26
2026-09-01 13:31:21,68.64
2026-09-01 13:31:22,68.57
2026-09-01 13:31:23,68.07
2026-09-01 13:31:24,67.64
2026-09-01 13:31:25,67.83
2026-09-01 13:31:26,68.27
2026-09-01 13:31:27,67.57
2026-09-01 13:31:28,68.41
2026-09-01 13:31:29,68.04
2026-09-01 13:31:30,68.29
2026-09-01 13:31:31,67.85
2026-09-01 13:31:32,68.51
2026-09-01 13:31:33,68.29
2026-09-01 13:31:34,68.37
2026-09-01 13:31:35,68.41
2026-09-01 13:31:36,68.4
2026-09-01 13:31:37,67.62
2026-09-01 13:31:38,68.57
2026-09-01 13:31:39,68.26
2026-09-01 13:31:40,68.59
2026-09-01 13:31:41,68.34
2026-09-01 13:31:42,67.69
2026-09-01 13:31:43,67.6
2026-09-01 13:31:44,67.47
2026-09-01 13:31:45,67.7
2026-09-01 13:31:46,67.8
2026-09-01 13:31:47,67.84
2026-09-01 13:31:48,68.26
2026-09-01 13:31:49,67.99
2026-09-01 13:31:50,68.26
2026-09-01 13:31:51,68.0
2026-09-01 13:31:52,68.36
2026-09-01 13:31:53,67.98
2026-09-01 13:31:54,68.2
2026-09-01 13:31:55,67.87
2026-09-01 13:31:56,67.78
2026-09-01 13:31:57,67.94
2026-09-01 13:31:58,68.11
2026-09-01 13:31:59,68.21
2026-09-01 13:32:00,67.87
2026-09-01 13:32:01,68.39
2026-09-01 13:32:02,68.26
2026-09-01 13:32:03,68.23
2026-09-01 13:32:04,67.89
2026-09-01 13:32:05,67.96
2026-09-01 13:32:06,68.53
2026-09-01 13:32:07,67.97
2026-09-01 13:32:08,67.95
2026-09-01 13:32:09,67.7
2026-09-01 13:32:10,68.58
2026-09-01 13:32:11,67.99
2026-09-01 13:32:12,67.87
2026-09-01 13:32:13,68.64
2026-09-01 13:32:14,68.05
2026-09-01 13:32:15,68.19
2026-09-01 13:32:16,67.9
2026-09-01 13:32:17,68.03
2026-09-01 13:32:18,68.11
2026-09-01 13:32:19,68.0
2026-09-01 13:32:20,67.98
2026-09-01 13:32:21,68.73
2026-09-01 13:32:22,68.49
2026-09-01 13:32:23,68.11
2026-09-01 13:32:24,68.04
2026-09-01 13:32:25,67.75
2026-09-01 13:32:26,67.95
2026-09-01 13:32:27,67.96
2026-09-01 13:32:28,68.18
2026-09-01 13:32:29,68.09
2026-09-01 13:32:30,67.73
2026-09-01 13:32:31,67.78
2026-09-01 13:32:32,68.13
2026-09-01 13:32:33,68.39
2026-09-01 13:32:34,68.39
2026-09-01 13:32:35,68.24
2026-09-01 13:32:36,67.75
2026-09-01 13:32:37,67.96
2026-09-01 13:32:38,67.5
2026-09-01 13:32:39,68.07
2026-09-01 13:32:40,67.47
2026-09-01 13:32:41,67.9
2026-09-01 13:32:42,67.64
2026-09-01 13:32:43,68.08
2026-09-01 13:32:44,68.06
2026-09-01 13:32:45,67.5
2026-09-01 13:32:46,68.26
2026-09-01 13:32:47,68.17
2026-09-01 13:32:48,68.3
2026-09-01 13:32:49,67.8
2026-09-01 13:32:50,67.98
2026-09-01 13:32:51,68.19
2026-09-01 13:32:52,67.52
2026-09-01 13:32:53,68.23
2026-09-01 13:32:54,68.42
2026-09-01 13:32:55,67.59
2026-09-01 13:32:56,67.37
2026-09-01 13:32:57,67.77
2026-09-01 13:32:58,67.96
2026-09-01 13:32:59,68.28
2026-09-01 13:33:00,67.8
2026-09-01 13:33:01,67.81
2026-09-01 13:33:02,68.31
2026-09-01 13:33:03,68.36
2026-09-01 13:33:04,67.82
2026-09-01 13:33:05,67.47
2026-09-01 13:33:06,67.69
2026-09-01 13:33:07,67.66
2026-09-01 13:33:08,68.63
2026-09-01 13:33:09,67.79
2026-09-01 13:33:10,67.85
2026-09-01 13:33:11,68.38
2026-09-01 13:33:12,68.52
2026-09-01 13:33:13,67.95
2026-09-01 13:33:14,67.88
2026-09-01 13:33:15,67.47
2026-09-01 13:33:16,67.92
2026-09-01 13:33:17,67.61
2026-09-01 13:33:18,68.26
2026-09-01 13:33:19,68.15
2026-09-01 13:33:20,67.49
2026-09-01 13:33:21,68.43
2026-09-01 13:33:22,67.95
2026-09-01 13:33:23,67.87
2026-09-01 13:33:24,68.03
2026-09-01 13:33:25,68.46
2026-09-01 13:33:26,67.97
2026-09-01 13:33:27,67.6
2026-09-01 13:33:28,68.12
2026-09-01 13:33:29,67.96
2026-09-01 13:33:30,67.86
2026-09-01 13:33:31,67.82
2026-09-01 13:33:32,67.71
2026-09-01 13:33:33,68.03
2026-09-01 13:33:34,67.88
2026-09-01 13:33:35,67.52
2026-09-01 13:33:36,67.84
2026-09-01 13:33:37,67.9
2026-09-01 13:33:38,67.49
2026-09-01 13:33:39,67.74
2026-09-01 13:33:40,68.23
2026-09-01 13:33:41,67.92
2026-09-01 13:33:42,67.9
2026-09-01 13:33:43,68.23
2026-09-01 13:33:44,68.12
2026-09-01 13:33:45,67.89
2026-09-01 13:33:46,67.96
2026-09-01 13:33:47,67.92
2026-09-01 13:33:48,68.32
2026-09-01 13:33:49,67.39
2026-09-01 13:33:50,67.95
2026-09-01 13:33:51,67.96
2026-09-01 13:33:52,67.59
2026-09-01 13:33:53,67.93
2026-09-01 13:33:54,68.24
2026-09-01 13:33:55,68.36
2026-09-01 13:33:56,67.69
2026-09-01 13:33:57,68.73
2026-09-01 13:33:58,67.86
2026-09-01 13:33:59,68.26
2026-09-01 13:34:00,67.81
2026-09-01 13:34:01,68.16
2026-09-01 13:34:02,68.1
2026-09-01 13:34:03,67.48
2026-09-01 13:34:04,67.98
2026-09-01 13:34:05,67.95
2026-09-01 13:34:06,67.6
2026-09-01 13:34:07,68.17
2026-09-01 13:34:08,67.81
2026-09-01 13:34:09,68.23
2026-09-01 13:34:10,67.7
2026-09-01 13:34:11,67.69
2026-09-01 13:34:12,68.09
2026-09-01 13:34:13,67.97
2026-09-01 13:34:14,68.04
2026-09-01 13:34:15,67.78
2026-09-01 13:34:16,68.3
2026-09-01 13:34:17,67.63
2026-09-01 13:34:18,67.9
2026-09-01 13:34:19,68.16
2026-09-01 13:34:20,68.34
2026-09-01 13:34:21,68.32
2026-09-01 13:34:22,68.18
2026-09-01 13:34:23,67.61
2026-09-01 13:34:24,68.1
2026-09-01 13:34:25,67.97
2026-09-01 13:34:26,68.2
2026-09-01 13:34:27,68.01
2026-09-01 13:34:28,68.19
2026-09-01 13:34:29,68.28
2026-09-01 13:34:30,67.73
2026-09-01 13:34:31,68.06
2026-09-01 13:34:32,67.86
2026-09-01 13:34:33,67.74
2026-09-01 13:34:34,68.0
2026-09-01 13:34:35,68.03
2026-09-01 13:34:36,68.14
2026-09-01 13:34:37,67.88
2026-09-01 13:34:38,68.07
2026-09-01 13:34:39,68.58
2026-09-01 13:34:40,67.76
2026-09-01 13:34:41,68.32
2026-09-01 13:34:42,67.91
2026-09-01 13:34:43,68.24
2026-09-01 13:34:44,67.88
2026-09-01 13:34:45,68.22
2026-09-01 13:34:46,67.95
2026-09-01 13:34:47,68.06
2026-09-01 13:34:48,67.49
2026-09-01 13:34:49,67.75
2026-09-01 13:34:50,67.79
2026-09-01 13:34:51,68.06
2026-09-01 13:34:52,68.35
2026-09-01 13:34:53,68.38
2026-09-01 13:34:54,68.34
2026-09-01 13:34:55,67.77
2026-09-01 13:34:56,68.03
2026-09-01 13:34:57,67.64
2026-09-01 13:34:58,67.85
2026-09-01 13:34:59,68.35
2026-09-01 13:35:00,67.98
2026-09-01 13:35:01,68.39
2026-09-01 13:35:02,68.38
2026-09-01 13:35:03,67.93
2026-09-01 13:35:04,68.4
2026-09-01 13:35:05,68.14
2026-09-01 13:35:06,67.68
2026-09-01 13:35:07,67.43
2026-09-01 13:35:08,68.27
2026-09-01 13:35:09,67.9
2026-09-01 13:35:10,68.37
2026-09-01 13:35:11,68.08
2026-09-01 13:35:12,68.15
2026-09-01 13:35:13,68.59
2026-09-01 13:35:14,68.2
2026-09-01 13:35:15,68.15
2026-09-01 13:35:16,67.87
2026-09-01 13:35:17,68.48
2026-09-01 13:35:18,67.97
2026-09-01 13:35:19,68.02
2026-09-01 13:35:20,68.14
2026-09-01 13:35:21,67.94
2026-09-01 13:35:22,68.14
2026-09-01 13:35:23,68.43
2026-09-01 13:35:24,67.7
2026-09-01 13:35:25,67.64
2026-09-01 13:35:26,67.79
2026-09-01 13:35:27,68.07
2026-09-01 13:35:28,68.45
2026-09-01 13:35:29,67.97
2026-09-01 13:35:30,68.08
2026-09-01 13:35:31,67.81
2026-09-01 13:35:32,67.9
2026-09-01 13:35:33,67.74
2026-09-01 13:35:34,67.29
2026-09-01 13:35:35,68.05
2026-09-01 13:35:36,68.1
2026-09-01 13:35:37,68.3
2026-09-01 13:35:38,68.22
2026-09-01 13:35:39,68.03
2026-09-01 13:35:40,68.31
2026-09-01 13:35:41,67.52
2026-09-01 13:35:42,67.62
2026-09-01 13:35:43,68.11
2026-09-01 13:35:44,68.73
2026-09-01 13:35:45,68.2
2026-09-01 13:35:46,68.43
2026-09-01 13:35:47,67.8
2026-09-01 13:35:48,68.27
2026-09-01 13:35:49,67.7
2026-09-01 13:35:50,68.07
2026-09-01 13:35:51,68.03
2026-09-01 13:35:52,67.77
2026-09-01 13:35:53,68.42
2026-09-01 13:35:54,68.38
2026-09-01 13:35:55,68.39
2026-09-01 13:35:56,68.3
2026-09-01 13:35:57,67.84
2026-09-01 13:35:58,67.7
2026-09-01 13:35:59,67.92
2026-09-01 13:36:00,68.03
2026-09-01 13:36:01,67.88
2026-09-01 13:36:02,68.28
2026-09-01 13:36:03,67.65
2026-09-01 13:36:04,67.51
2026-09-01 13:36:05,68.18
2026-09-01 13:36:06,67.86
2026-09-01 13:36:07,68.34
2026-09-01 13:36:08,68.09
2026-09-01 13:36:09,68.31
2026-09-01 13:36:10,68.29
2026-09-01 13:36:11,68.07
2026-09-01 13:36:12,67.49
2026-09-01 13:36:13,67.97
2026-09-01 13:36:14,67.71
2026-09-01 13:36:15,67.67
2026-09-01 13:36:16,68.07
2026-09-01 13:36:17,67.67
2026-09-01 13:36:18,68.17
2026-09-01 13:36:19,68.41
2026-09-01 13:36:20,68.41
2026-09-01 13:36:21,68.0
2026-09-01 13:36:22,68.24
2026-09-01 13:36:23,67.91
2026-09-01 13:36:24,68.41
2026-09-01 13:36:25,68.33
2026-09-01 13:36:26,67.96
2026-09-01 13:36:27,68.37
2026-09-01 13:36:28,68.01
2026-09-01 13:36:29,67.85
2026-09-01 13:36:30,68.4
2026-09-01 13:36:31,67.83
2026-09-01 13:36:32,67.95
2026-09-01 13:36:33,67.51
2026-09-01 13:36:34,68.15
2026-09-01 13:36:35,68.52
2026-09-01 13:36:36,68.02
2026-09-01 13:36:37,67.9
2026-09-01 13:36:38,68.57
2026-09-01 13:36:39,67.66
2026-09-01 13:36:40,67.38
2026-09-01 13:36:41,67.97
2026-09-01 13:36:42,68.48
2026-09-01 13:36:43,67.43
2026-09-01 13:36:44,68.0
2026-09-01 13:36:45,68.04
2026-09-01 13:36:46,68.28
2026-09-01 13:36:47,68.47
2026-09-01 13:36:48,67.69
2026-09-01 13:36:49,68.0
2026-09-01 13:36:50,68.03
2026-09-01 13:36:51,68.07
2026-09-01 13:36:52,68.08
2026-09-01 13:36:53,67.99
2026-09-01 13:36:54,67.89
2026-09-01 13:36:55,68.27
2026-09-01 13:36:56,67.76
2026-09-01 13:36:57,67.57
2026-09-01 13:36:58,68.14
2026-09-01 13:36:59,67.9
2026-09-01 13:37:00,68.09
2026-09-01 13:37:01,68.02
2026-09-01 13:37:02,67.91
2026-09-01 13:37:03,67.56
2026-09-01 13:37:04,67.82
2026-09-01 13:37:05,68.09
2026-09-01 13:37:06,68.39
2026-09-01 13:37:07,68.1
2026-09-01 13:37:08,67.84
2026-09-01 13:37:09,67.08
2026-09-01 13:37:10,67.74
2026-09-01 13:37:11,68.25
2026-09-01 13:37:12,68.33
2026-09-01 13:37:13,67.97
2026-09-01 13:37:14,68.05
2026-09-01 13:37:15,67.43
2026-09-01 13:37:16,67.42
2026-09-01 13:37:17,68.3
2026-09-01 13:37:18,67.93
2026-09-01 13:37:19,67.97
2026-09-01 13:37:20,67.69
2026-09-01 13:37:21,67.88
2026-09-01 13:37:22,67.6
2026-09-01 13:37:23,67.75
2026-09-01 13:37:24,67.7
2026-09-01 13:37:25,68.13
2026-09-01 13:37:26,68.78
2026-09-01 13:37:27,68.26
2026-09-01 13:37:28,67.87
2026-09-01 13:37:29,68.29
2026-09-01 13:37:30,67.48
2026-09-01 13:37:31,68.08
2026-09-01 13:37:32,67.81
2026-09-01 13:37:33,68.2
2026-09-01 13:37:34,68.31
2026-09-01 13:37:35,67.82
2026-09-01 13:37:36,68.2
2026-09-01 13:37:37,67.59
2026-09-01 13:37:38,68.02
2026-09-01 13:37:39,67.76
2026-09-01 13:37:40,67.75
2026-09-01 13:37:41,68.18
2026-09-01 13:37:42,68.18
2026-09-01 13:37:43,68.11
2026-09-01 13:37:44,67.78
2026-09-01 13:37:45,68.0
2026-09-01 13:37:46,68.21
2026-09-01 13:37:47,67.68
2026-09-01 13:37:48,68.08
2026-09-01 13:37:49,67.42
2026-09-01 13:37:50,67.63
2026-09-01 13:37:51,67.61
2026-09-01 13:37:52,68.58
2026-09-01 13:37:53,67.94
2026-09-01 13:37:54,67.99
2026-09-01 13:37:55,68.57
2026-09-01 13:37:56,68.15
2026-09-01 13:37:57,67.96
2026-09-01 13:37:58,68.05
2026-09-01 13:37:59,68.16
2026-09-01 13:38:00,68.2
2026-09-01 13:38:01,67.6
2026-09-01 13:38:02,67.98
2026-09-01 13:38:03,68.02
2026-09-01 13:38:04,67.91
2026-09-01 13:38:05,67.99
2026-09-01 13:38:06,67.7
2026-09-01 13:38:07,67.96
2026-09-01 13:38:08,67.91
2026-09-01 13:38:09,68.01
2026-09-01 13:38:10,68.0
2026-09-01 13:38:11,68.49
2026-09-01 13:38:12,67.64
2026-09-01 13:38:13,68.08
2026-09-01 13:38:14,68.21
2026-09-01 13:38:15,68.53
2026-09-01 13:38:16,67.87
2026-09-01 13:38:17,67.93
2026-09-01 13:38:18,67.82
2026-09-01 13:38:19,67.91
2026-09-01 13:38:20,68.05
2026-09-01 13:38:21,68.13
2026-09-01 13:38:22,68.1
2026-09-01 13:38:23,68.2
2026-09-01 13:38:24,68.04
2026-09-01 13:38:25,68.32
2026-09-01 13:38:26,67.91
2026-09-01 13:38:27,68.27
2026-09-01 13:38:28,67.62
2026-09-01 13:38:29,68.13
2026-09-01 13:38:30,68.39
2026-09-01 13:38:31,68.09
2026-09-01 13:38:32,68.29
2026-09-01 13:38:33,67.8
2026-09-01 13:38:34,67.46
2026-09-01 13:38:35,67.82
2026-09-01 13:38:36,68.23
2026-09-01 13:38:37,67.54
2026-09-01 13:38:38,67.54
2026-09-01 13:38:39,68.19
2026-09-01 13:38:40,67.97
2026-09-01 13:38:41,67.2
2026-09-01 13:38:42,68.47
2026-09-01 13:38:43,68.04
2026-09-01 13:38:44,68.14
2026-09-01 13:38:45,67.72
2026-09-01 13:38:46,68.27
2026-09-01 13:38:47,68.07
2026-09-01 13:38:48,67.35
2026-09-01 13:38:49,67.88
2026-09-01 13:38:50,67.59
2026-09-01 13:38:51,67.87
2026-09-01 13:38:52,68.37
2026-09-01 13:38:53,68.02
2026-09-01 13:38:54,68.15
2026-09-01 13:38:55,67.9
2026-09-01 13:38:56,67.75
2026-09-01 13:38:57,68.3
2026-09-01 13:38:58,67.86
2026-09-01 13:38:59,68.02
2026-09-01 13:39:00,68.27
2026-09-01 13:39:01,68.31
2026-09-01 13:39:02,67.87
2026-09-01 13:39:03,68.23
2026-09-01 13:39:04,67.59
2026-09-01 13:39:05,68.04
2026-09-01 13:39:06,67.55
2026-09-01 13:39:07,67.69
2026-09-01 13:39:08,67.95
2026-09-01 13:39:09,67.99
2026-09-01 13:39:10,68.06
2026-09-01 13:39:11,68.56
2026-09-01 13:39:12,68.06
2026-09-01 13:39:13,68.05
2026-09-01 13:39:14,67.94
2026-09-01 13:39:15,67.97
2026-09-01 13:39:16,68.08
2026-09-01 13:39:17,67.96
2026-09-01 13:39:18,67.93
2026-09-01 13:39:19,68.03
2026-09-01 13:39:20,68.08
2026-09-01 13:39:21,68.34
2026-09-01 13:39:22,68.5
2026-09-01 13:39:23,67.69
2026-09-01 13:39:24,68.47
2026-09-01 13:39:25,68.23
2026-09-01 13:39:26,67.99
2026-09-01 13:39:27,67.88
2026-09-01 13:39:28,67.83
2026-09-01 13:39:29,67.35
2026-09-01 13:39:30,67.61
2026-09-01 13:39:31,67.88
2026-09-01 13:39:32,68.16
2026-09-01 13:39:33,68.21
2026-09-01 13:39:34,67.97
2026-09-01 13:39:35,68.38
2026-09-01 13:39:36,67.85
2026-09-01 13:39:37,68.03
2026-09-01 13:39:38,67.98
2026-09-01 13:39:39,68.09
2026-09-01 13:39:40,67.89
2026-09-01 13:39:41,67.96
2026-09-01 13:39:42,68.41
2026-09-01 13:39:43,68.35
2026-09-01 13:39:44,68.18
2026-09-01 13:39:45,67.97
2026-09-01 13:39:46,68.01
2026-09-01 13:39:47,68.14
2026-09-01 13:39:48,67.98
2026-09-01 13:39:49,67.89
2026-09-01 13:39:50,67.57
2026-09-01 13:39:51,68.11
2026-09-01 13:39:52,67.93
2026-09-01 13:39:53,68.22
2026-09-01 13:39:54,68.64
2026-09-01 13:39:55,67.33
2026-09-01 13:39:56,67.63
2026-09-01 13:39:57,67.82
2026-09-01 13:39:58,68.38
2026-09-01 13:39:59,68.16
2026-09-01 13:40:00,67.68
2026-09-01 13:40:01,67.72
2026-09-01 13:40:02,67.85
2026-09-01 13:40:03,67.82
2026-09-01 13:40:04,68.22
2026-09-01 13:40:05,67.98
2026-09-01 13:40:06,68.07
2026-09-01 13:40:07,68.02
2026-09-01 13:40:08,67.47
2026-09-01 13:40:09,68.24
2026-09-01 13:40:10,67.96
2026-09-01 13:40:11,68.28
2026-09-01 13:40:12,67.44
2026-09-01 13:40:13,67.95
2026-09-01 13:40:14,68.26
2026-09-01 13:40:15,68.04
2026-09-01 13:40:16,67.72
2026-09-01 13:40:17,68.61
2026-09-01 13:40:18,67.85
2026-09-01 13:40:19,67.78
2026-09-01 13:40:20,67.78
2026-09-01 13:40:21,68.53
2026-09-01 13:40:22,67.98
2026-09-01 13:40:23,68.1
2026-09-01 13:40:24,67.96
2026-09-01 13:40:25,68.19
2026-09-01 13:40:26,67.95
2026-09-01 13:40:27,68.08
2026-09-01 13:40:28,67.93
2026-09-01 13:40:29,68.3
2026-09-01 13:40:30,68.07
2026-09-01 13:40:31,67.95
2026-09-01 13:40:32,68.16
2026-09-01 13:40:33,68.44
2026-09-01 13:40:34,68.0
2026-09-01 13:40:35,68.18
2026-09-01 13:40:36,67.75
2026-09-01 13:40:37,67.92
2026-09-01 13:40:38,67.49
2026-09-01 13:40:39,67.99
2026-09-01 13:40:40,68.18
2026-09-01 13:40:41,68.19
2026-09-01 13:40:42,68.41
2026-09-01 13:40:43,68.52
2026-09-01 13:40:44,67.76
2026-09-01 13:40:45,68.47
2026-09-01 13:40:46,68.38
2026-09-01 13:40:47,68.16
2026-09-01 13:40:48,68.44
2026-09-01 13:40:49,68.0
2026-09-01 13:40:50,68.04
2026-09-01 13:40:51,68.46
2026-09-01 13:40:52,67.9
2026-09-01 13:40:53,68.27
2026-09-01 13:40:54,68.2
2026-09-01 13:40:55,67.27
2026-09-01 13:40:56,68.14
2026-09-01 13:40:57,67.75
2026-09-01 13:40:58,68.53
2026-09-01 13:40:59,67.84
2026-09-01 13:41:00,68.55
2026-09-01 13:41:01,67.9
2026-09-01 13:41:02,67.86
2026-09-01 13:41:03,68.44
2026-09-01 13:41:04,67.98
2026-09-01 13:41:05,67.99
2026-09-01 13:41:06,67.72
2026-09-01 13:41:07,68.05
2026-09-01 13:41:08,67.97
2026-09-01 13:41:09,67.76
2026-09-01 13:41:10,68.06
2026-09-01 13:41:11,67.72
2026-09-01 13:41:12,67.94
2026-09-01 13:41:13,68.04
2026-09-01 13:41:14,67.79
2026-09-01 13:41:15,67.79
2026-09-01 13:41:16,68.26
2026-09-01 13:41:17,68.27
2026-09-01 13:41:18,68.14
2026-09-01 13:41:19,67.87
2026-09-01 13:41:20,68.27
2026-09-01 13:41:21,68.28
2026-09-01 13:41:22,68.48
2026-09-01 13:41:23,68.16
2026-09-01 13:41:24,68.03
2026-09-01 13:41:25,68.09
2026-09-01 13:41:26,68.12
2026-09-01 13:41:27,68.48
2026-09-01 13:41:28,67.81
2026-09-01 13:41:29,68.3
2026-09-01 13:41:30,68.36
2026-09-01 13:41:31,68.36
2026-09-01 13:41:32,67.96
2026-09-01 13:41:33,67.76
2026-09-01 13:41:34,68.41
2026-09-01 13:41:35,67.68
2026-09-01 13:41:36,68.12
2026-09-01 13:41:37,67.88
2026-09-01 13:41:38,67.36
2026-09-01 13:41:39,68.18
2026-09-01 13:41:40,67.49
2026-09-01 13:41:41,68.34
2026-09-01 13:41:42,67.89
2026-09-01 13:41:43,68.5
2026-09-01 13:41:44,68.13
2026-09-01 13:41:45,67.78
2026-09-01 13:41:46,68.35
2026-09-01 13:41:47,68.65
2026-09-01 13:41:48,67.79
2026-09-01 13:41:49,68.13
2026-09-01 13:41:50,67.94
2026-09-01 13:41:51,68.15
2026-09-01 13:41:52,67.96
2026-09-01 13:41:53,67.99
2026-09-01 13:41:54,68.13
2026-09-01 13:41:55,67.94
2026-09-01 13:41:56,68.23
2026-09-01 13:41:57,67.89
2026-09-01 13:41:58,68.36
2026-09-01 13:41:59,67.97
2026-09-01 13:42:00,67.72
2026-09-01 13:42:01,68.39
2026-09-01 13:42:02,67.9
2026-09-01 13:42:03,68.34
2026-09-01 13:42:04,68.8
2026-09-01 13:42:05,68.23
2026-09-01 13:42:06,68.24
2026-09-01 13:42:07,67.95
2026-09-01 13:42:08,68.56
2026-09-01 13:42:09,67.81
2026-09-01 13:42:10,68.07
2026-09-01 13:42:11,67.8
2026-09-01 13:42:12,67.77
2026-09-01 13:42:13,68.04
2026-09-01 13:42:14,67.84
2026-09-01 13:42:15,67.84
2026-09-01 13:42:16,68.24
2026-09-01 13:42:17,68.27
2026-09-01 13:42:18,67.76
2026-09-01 13:42:19,67.86
2026-09-01 13:42:20,67.82
2026-09-01 13:42:21,68.01
2026-09-01 13:42:22,68.28
2026-09-01 13:42:23,67.58
2026-09-01 13:42:24,68.11
2026-09-01 13:42:25,68.18
2026-09-01 13:42:26,68.1
2026-09-01 13:42:27,68.49
2026-09-01 13:42:28,68.02
2026-09-01 13:42:29,68.08
2026-09-01 13:42:30,68.34
2026-09-01 13:42:31,68.12
2026-09-01 13:42:32,67.91
2026-09-01 13:42:33,68.14
2026-09-01 13:42:34,67.63
2026-09-01 13:42:35,68.21
2026-09-01 13:42:36,67.89
2026-09-01 13:42:37,67.73
2026-09-01 13:42:38,67.97
2026-09-01 13:42:39,67.91
2026-09-01 13:42:40,67.77
2026-09-01 13:42:41,67.95
2026-09-01 13:42:42,67.75
2026-09-01 13:42:43,67.78
2026-09-01 13:42:44,68.15
2026-09-01 13:42:45,68.26
2026-09-01 13:42:46,68.43
2026-09-01 13:42:47,67.98
2026-09-01 13:42:48,68.27
2026-09-01 13:42:49,67.9
2026-09-01 13:42:50,67.94
2026-09-01 13:42:51,67.89
2026-09-01 13:42:52,67.77
2026-09-01 13:42:53,67.5
2026-09-01 13:42:54,67.87
2026-09-01 13:42:55,68.25
2026-09-01 13:42:56,67.32
2026-09-01 13:42:57,67.91
2026-09-01 13:42:58,67.92
2026-09-01 13:42:59,67.66
2026-09-01 13:43:00,67.93
2026-09-01 13:43:01,67.8
2026-09-01 13:43:02,67.82
2026-09-01 13:43:03,67.71
2026-09-01 13:43:04,67.51
2026-09-01 13:43:05,67.86
2026-09-01 13:43:06,67.66
2026-09-01 13:43:07,67.91
2026-09-01 13:43:08,67.91
2026-09-01 13:43:09,67.85
2026-09-01 13:43:10,68.47
2026-09-01 13:43:11,68.16
2026-09-01 13:43:12,68.23
2026-09-01 13:43:13,67.93
2026-09-01 13:43:14,67.95
2026-09-01 13:43:15,67.64
2026-09-01 13:43:16,67.34
2026-09-01 13:43:17,68.07
2026-09-01 13:43:18,68.31
2026-09-01 13:43:19,68.86
2026-09-01 13:43:20,68.14
2026-09-01 13:43:21,68.09
2026-09-01 13:43:22,68.18
2026-09-01 13:43:23,68.45
2026-09-01 13:43:24,68.74
2026-09-01 13:43:25,67.87
2026-09-01 13:43:26,67.88
2026-09-01 13:43:27,67.03
2026-09-01 13:43:28,67.91
2026-09-01 13:43:29,68.07
2026-09-01 13:43:30,67.96
2026-09-01 13:43:31,67.99
2026-09-01 13:43:32,68.26
2026-09-01 13:43:33,67.89
2026-09-01 13:43:34,68.28
2026-09-01 13:43:35,67.75
2026-09-01 13:43:36,67.72
2026-09-01 13:43:37,68.22
2026-09-01 13:43:38,67.98
2026-09-01 13:43:39,67.81
2026-09-01 13:43:40,67.94
2026-09-01 13:43:41,68.13
2026-09-01 13:43:42,68.36
2026-09-01 13:43:43,68.01
2026-09-01 13:43:44,68.3
2026-09-01 13:43:45,67.5
2026-09-01 13:43:46,68.18
2026-09-01 13:43:47,68.27
2026-09-01 13:43:48,67.66
2026-09-01 13:43:49,67.73
2026-09-01 13:43:50,68.47
2026-09-01 13:43:51,68.21
2026-09-01 13:43:52,68.58
2026-09-01 13:43:53,68.41
2026-09-01 13:43:54,68.29
2026-09-01 13:43:55,68.09
2026-09-01 13:43:56,68.67
2026-09-01 13:43:57,67.99
2026-09-01 13:43:58,68.41
2026-09-01 13:43:59,67.44
2026-09-01 13:44:00,68.2
2026-09-01 13:44:01,68.29
2026-09-01 13:44:02,67.73
2026-09-01 13:44:03,67.97
2026-09-01 13:44:04,67.79
2026-09-01 13:44:05,67.58
2026-09-01 13:44:06,68.04
2026-09-01 13:44:07,68.29
2026-09-01 13:44:08,67.92
2026-09-01 13:44:09,67.79
2026-09-01 13:44:10,68.13
2026-09-01 13:44:11,67.71
2026-09-01 13:44:12,68.56
2026-09-01 13:44:13,68.55
2026-09-01 13:44:14,67.71
2026-09-01 13:44:15,67.82
2026-09-01 13:44:16,68.11
2026-09-01 13:44:17,67.73
2026-09-01 13:44:18,67.72
2026-09-01 13:44:19,68.28
2026-09-01 13:44:20,68.3
2026-09-01 13:44:21,68.34
2026-09-01 13:44:22,68.05
2026-09-01 13:44:23,68.41
2026-09-01 13:44:24,67.79
2026-09-01 13:44:25,68.0
2026-09-01 13:44:26,67.58
2026-09-01 13:44:27,68.41
2026-09-01 13:44:28,68.2
2026-09-01 13:44:29,67.36
2026-09-01 13:44:30,67.82
2026-09-01 13:44:31,68.2
2026-09-01 13:44:32,67.31
2026-09-01 13:44:33,67.91
2026-09-01 13:44:34,68.15
2026-09-01 13:44:35,68.15
2026-09-01 13:44:36,68.37
2026-09-01 13:44:37,67.74
2026-09-01 13:44:38,68.33
2026-09-01 13:44:39,68.45
2026-09-01 13:44:40,68.49
2026-09-01 13:44:41,68.56
2026-09-01 13:44:42,68.1
2026-09-01 13:44:43,67.57
2026-09-01 13:44:44,67.87
2026-09-01 13:44:45,67.61
2026-09-01 13:44:46,68.04
2026-09-01 13:44:47,68.14
2026-09-01 13:44:48,67.78
2026-09-01 13:44:49,68.21
2026-09-01 13:44:50,67.45
2026-09-01 13:44:51,68.65
2026-09-01 13:44:52,68.48
2026-09-01 13:44:53,67.77
2026-09-01 13:44:54,67.98
2026-09-01 13:44:55,67.58
2026-09-01 13:44:56,67.73
2026-09-01 13:44:57,67.74
2026-09-01 13:44:58,68.36
2026-09-01 13:44:59,68.06
2026-09-01 13:45:00,68.28
2026-09-01 13:45:01,67.58
2026-09-01 13:45:02,68.01
2026-09-01 13:45:03,68.17
2026-09-01 13:45:04,67.69
2026-09-01 13:45:05,68.12
2026-09-01 13:45:06,67.86
2026-09-01 13:45:07,68.03
2026-09-01 13:45:08,68.21
2026-09-01 13:45:09,67.86
2026-09-01 13:45:10,68.15
2026-09-01 13:45:11,67.79
2026-09-01 13:45:12,68.26
2026-09-01 13:45:13,68.07
2026-09-01 13:45:14,68.49
2026-09-01 13:45:15,67.57
2026-09-01 13:45:16,67.9
2026-09-01 13:45:17,68.79
2026-09-01 13:45:18,67.9
2026-09-01 13:45:19,67.92
2026-09-01 13:45:20,67.9
2026-09-01 13:45:21,67.91
2026-09-01 13:45:22,67.86
2026-09-01 13:45:23,67.71
2026-09-01 13:45:24,67.85
2026-09-01 13:45:25,67.86
2026-09-01 13:45:26,68.02
2026-09-01 13:45:27,67.56
2026-09-01 13:45:28,68.14
2026-09-01 13:45:29,67.86
2026-09-01 13:45:30,68.03
2026-09-01 13:45:31,68.23
2026-09-01 13:45:32,68.41
2026-09-01 13:45:33,67.7
2026-09-01 13:45:34,68.17
2026-09-01 13:45:35,67.86
2026-09-01 13:45:36,68.23
2026-09-01 13:45:37,67.99
2026-09-01 13:45:38,68.31
2026-09-01 13:45:39,67.68
2026-09-01 13:45:40,68.15
2026-09-01 13:45:41,68.12
2026-09-01 13:45:42,67.87
2026-09-01 13:45:43,68.07
2026-09-01 13:45:44,67.73
2026-09-01 13:45:45,67.95
2026-09-01 13:45:46,68.04
2026-09-01 13:45:47,67.78
2026-09-01 13:45:48,68.28
2026-09-01 13:45:49,68.04
2026-09-01 13:45:50,68.32
2026-09-01 13:45:51,67.72
2026-09-01 13:45:52,68.4
2026-09-01 13:45:53,67.74
2026-09-01 13:45:54,68.68
2026-09-01 13:45:55,68.35
2026-09-01 13:45:56,67.47
2026-09-01 13:45:57,67.66
2026-09-01 13:45:58,68.04
2026-09-01 13:45:59,67.94
2026-09-01 13:46:00,68.02
2026-09-01 13:46:01,68.12
2026-09-01 13:46:02,68.04
2026-09-01 13:46:03,68.02
2026-09-01 13:46:04,68.23
2026-09-01 13:46:05,67.12
2026-09-01 13:46:06,68.65
2026-09-01 13:46:07,67.84
2026-09-01 13:46:08,68.39
2026-09-01 13:46:09,68.22
2026-09-01 13:46:10,68.12
2026-09-01 13:46:11,67.75
2026-09-01 13:46:12,68.07
2026-09-01 13:46:13,67.91
2026-09-01 13:46:14,68.56
2026-09-01 13:46:15,67.43
2026-09-01 13:46:16,67.68
2026-09-01 13:46:17,68.27
2026-09-01 13:46:18,68.18
2026-09-01 13:46:19,67.87
2026-09-01 13:46:20,67.93
2026-09-01 13:46:21,68.31
2026-09-01 13:46:22,68.24
2026-09-01 13:46:23,67.76
2026-09-01 13:46:24,68.22
2026-09-01 13:46:25,68.02
2026-09-01 13:46:26,68.24
2026-09-01 13:46:27,68.45
2026-09-01 13:46:28,67.87
2026-09-01 13:46:29,68.29
2026-09-01 13:46:30,68.2
2026-09-01 13:46:31,68.15
2026-09-01 13:46:32,68.08
2026-09-01 13:46:33,67.96
2026-09-01 13:46:34,67.91
2026-09-01 13:46:35,68.75
2026-09-01 13:46:36,68.18
2026-09-01 13:46:37,67.86
2026-09-01 13:46:38,68.49
2026-09-01 13:46:39,68.26
2026-09-01 13:46:40,68.19
2026-09-01 13:46:41,67.72
2026-09-01 13:46:42,68.03
2026-09-01 13:46:43,68.06
2026-09-01 13:46:44,67.97
2026-09-01 13:46:45,67.83
2026-09-01 13:46:46,67.98
2026-09-01 13:46:47,68.01
2026-09-01 13:46:48,68.24
2026-09-01 13:46:49,67.75
2026-09-01 13:46:50,68.69
2026-09-01 13:46:51,68.08
2026-09-01 13:46:52,68.18
2026-09-01 13:46:53,68.6
2026-09-01 13:46:54,67.98
2026-09-01 13:46:55,68.1
2026-09-01 13:46:56,68.01
2026-09-01 13:46:57,68.11
2026-09-01 13:46:58,67.71
2026-09-01 13:46:59,67.86
2026-09-01 13:47:00,68.08
2026-09-01 13:47:01,68.18
2026-09-01 13:47:02,68.14
2026-09-01 13:47:03,67.48
2026-09-01 13:47:04,68.43
2026-09-01 13:47:05,67.8
2026-09-01 13:47:06,68.02
2026-09-01 13:47:07,68.34
2026-09-01 13:47:08,68.23
2026-09-01 13:47:09,68.08
2026-09-01 13:47:10,68.04
2026-09-01 13:47:11,68.11
2026-09-01 13:47:12,67.84
2026-09-01 13:47:13,67.87
2026-09-01 13:47:14,67.79
2026-09-01 13:47:15,67.99
2026-09-01 13:47:16,67.91
2026-09-01 13:47:17,67.78
2026-09-01 13:47:18,67.94
2026-09-01 13:47:19,68.11
2026-09-01 13:47:20,67.63
2026-09-01 13:47:21,68.08
2026-09-01 13:47:22,68.57
2026-09-01 13:47:23,68.05
2026-09-01 13:47:24,67.85
2026-09-01 13:47:25,68.04
2026-09-01 13:47:26,67.83
2026-09-01 13:47:27,68.21
2026-09-01 13:47:28,67.61
2026-09-01 13:47:29,67.88
2026-09-01 13:47:30,68.12
2026-09-01 13:47:31,67.22
2026-09-01 13:47:32,67.73
2026-09-01 13:47:33,67.74
2026-09-01 13:47:34,68.59
2026-09-01 13:47:35,67.93
2026-09-01 13:47:36,68.02
2026-09-01 13:47:37,67.91
2026-09-01 13:47:38,67.63
2026-09-01 13:47:39,68.08
2026-09-01 13:47:40,68.08
2026-09-01 13:47:41,67.96
2026-09-01 13:47:42,67.86
2026-09-01 13:47:43,67.86
2026-09-01 13:47:44,68.41
2026-09-01 13:47:45,68.08
2026-09-01 13:47:46,68.74
2026-09-01 13:47:47,67.92
2026-09-01 13:47:48,68.36
2026-09-01 13:47:49,68.1
2026-09-01 13:47:50,68.55
2026-09-01 13:47:51,68.21
2026-09-01 13:47:52,68.07
2026-09-01 13:47:53,68.55
2026-09-01 13:47:54,67.91
2026-09-01 13:47:55,67.69
2026-09-01 13:47:56,68.41
2026-09-01 13:47:57,68.11
2026-09-01 13:47:58,68.21
2026-09-01 13:47:59,68.1
2026-09-01 13:48:00,67.85
2026-09-01 13:48:01,68.25
2026-09-01 13:48:02,68.38
2026-09-01 13:48:03,68.49
2026-09-01 13:48:04,67.98
2026-09-01 13:48:05,67.34
2026-09-01 13:48:06,67.53
2026-09-01 13:48:07,68.04
2026-09-01 13:48:08,68.12
2026-09-01 13:48:09,67.76
2026-09-01 13:48:10,67.71
2026-09-01 13:48:11,68.07
2026-09-01 13:48:12,68.02
2026-09-01 13:48:13,68.25
2026-09-01 13:48:14,67.92
2026-09-01 13:48:15,68.51
2026-09-01 13:48:16,67.86
2026-09-01 13:48:17,68.25
2026-09-01 13:48:18,67.89
2026-09-01 13:48:19,68.28
2026-09-01 13:48:20,68.19
2026-09-01 13:48:21,67.82
2026-09-01 13:48:22,67.95
2026-09-01 13:48:23,67.66
2026-09-01 13:48:24,67.99
2026-09-01 13:48:25,68.35
2026-09-01 13:48:26,67.84
2026-09-01 13:48:27,68.47
2026-09-01 13:48:28,67.96
2026-09-01 13:48:29,68.19
2026-09-01 13:48:30,67.84
2026-09-01 13:48:31,68.28
2026-09-01 13:48:32,67.62
2026-09-01 13:48:33,67.45
2026-09-01 13:48:34,68.07
2026-09-01 13:48:35,68.14
2026-09-01 13:48:36,68.06
2026-09-01 13:48:37,68.13
2026-09-01 13:48:38,67.91
2026-09-01 13:48:39,67.86
2026-09-01 13:48:40,68.56
2026-09-01 13:48:41,68.11
2026-09-01 13:48:42,68.3
2026-09-01 13:48:43,67.99
2026-09-01 13:48:44,68.5
2026-09-01 13:48:45,68.07
2026-09-01 13:48:46,68.28
2026-09-01 13:48:47,67.62
2026-09-01 13:48:48,68.1
2026-09-01 13:48:49,68.17
2026-09-01 13:48:50,68.3
2026-09-01 13:48:51,68.1
2026-09-01 13:48:52,68.23
2026-09-01 13:48:53,68.35
2026-09-01 13:48:54,68.38
2026-09-01 13:48:55,67.72
2026-09-01 13:48:56,67.87
2026-09-01 13:48:57,67.84
2026-09-01 13:48:58,68.06
2026-09-01 13:48:59,68.13
2026-09-01 13:49:00,67.92
2026-09-01 13:49:01,67.57
2026-09-01 13:49:02,67.94
2026-09-01 13:49:03,67.55
2026-09-01 13:49:04,67.59
2026-09-01 13:49:05,67.77
2026-09-01 13:49:06,68.55
2026-09-01 13:49:07,68.25
2026-09-01 13:49:08,67.84
2026-09-01 13:49:09,68.31
2026-09-01 13:49:10,67.71
2026-09-01 13:49:11,68.04
2026-09-01 13:49:12,68.37
2026-09-01 13:49:13,68.31
2026-09-01 13:49:14,68.3
2026-09-01 13:49:15,68.28
2026-09-01 13:49:16,67.75
2026-09-01 13:49:17,68.26
2026-09-01 13:49:18,67.94
2026-09-01 13:49:19,68.23
2026-09-01 13:49:20,68.26
2026-09-01 13:49:21,68.19
2026-09-01 13:49:22,67.52
2026-09-01 13:49:23,68.04
2026-09-01 13:49:24,68.28
2026-09-01 13:49:25,67.89
2026-09-01 13:49:26,67.56
2026-09-01 13:49:27,67.8
2026-09-01 13:49:28,67.6
2026-09-01 13:49:29,67.9
2026-09-01 13:49:30,68.35
2026-09-01 13:49:31,67.85
2026-09-01 13:49:32,68.19
2026-09-01 13:49:33,67.88
2026-09-01 13:49:34,67.75
2026-09-01 13:49:35,67.79
2026-09-01 13:49:36,68.39
2026-09-01 13:49:37,68.04
2026-09-01 13:49:38,67.94
2026-09-01 13:49:39,68.03
2026-09-01 13:49:40,68.03
2026-09-01 13:49:41,68.12
2026-09-01 13:49:42,68.11
2026-09-01 13:49:43,67.67
2026-09-01 13:49:44,68.17
2026-09-01 13:49:45,67.97
2026-09-01 13:49:46,68.22
2026-09-01 13:49:47,68.46
2026-09-01 13:49:48,68.33
2026-09-01 13:49:49,67.7
2026-09-01 13:49:50,68.13
2026-09-01 13:49:51,67.8
2026-09-01 13:49:52,67.9
2026-09-01 13:49:53,68.28
2026-09-01 13:49:54,68.13
2026-09-01 13:49:55,68.43
2026-09-01 13:49:56,68.22
2026-09-01 13:49:57,67.68
2026-09-01 13:49:58,68.21
2026-09-01 13:49:59,68.19
2026-09-01 13:50:00,67.84
2026-09-01 13:50:01,67.96
2026-09-01 13:50:02,68.53
2026-09-01 13:50:03,67.93
2026-09-01 13:50:04,68.03
2026-09-01 13:50:05,68.18
2026-09-01 13:50:06,67.78
2026-09-01 13:50:07,67.84
2026-09-01 13:50:08,67.94
2026-09-01 13:50:09,68.45
2026-09-01 13:50:10,67.91
2026-09-01 13:50:11,68.22
2026-09-01 13:50:12,68.18
2026-09-01 13:50:13,68.3
2026-09-01 13:50:14,68.14
2026-09-01 13:50:15,68.48
2026-09-01 13:50:16,68.15
2026-09-01 13:50:17,67.9
2026-09-01 13:50:18,68.07
2026-09-01 13:50:19,68.05
2026-09-01 13:50:20,68.01
2026-09-01 13:50:21,68.35
2026-09-01 13:50:22,68.19
2026-09-01 13:50:23,68.12
2026-09-01 13:50:24,67.74
2026-09-01 13:50:25,67.85
2026-09-01 13:50:26,67.66
2026-09-01 13:50:27,68.17
2026-09-01 13:50:28,67.99
2026-09-01 13:50:29,68.5
2026-09-01 13:50:30,67.89
2026-09-01 13:50:31,67.81
2026-09-01 13:50:32,68.2
2026-09-01 13:50:33,68.37
2026-09-01 13:50:34,68.17
2026-09-01 13:50:35,68.16
2026-09-01 13:50:36,67.74
2026-09-01 13:50:37,67.95
2026-09-01 13:50:38,68.16
2026-09-01 13:50:39,68.12
2026-09-01 13:50:40,67.96
2026-09-01 13:50:41,67.86
2026-09-01 13:50:42,68.13
2026-09-01 13:50:43,68.38
2026-09-01 13:50:44,68.21
2026-09-01 13:50:45,68.0
2026-09-01 13:50:46,67.97
2026-09-01 13:50:47,67.79
2026-09-01 13:50:48,67.91
2026-09-01 13:50:49,68.31
2026-09-01 13:50:50,67.79
2026-09-01 13:50:51,68.05
2026-09-01 13:50:52,68.22
2026-09-01 13:50:53,68.19
2026-09-01 13:50:54,68.19
2026-09-01 13:50:55,68.61
2026-09-01 13:50:56,68.05
2026-09-01 13:50:57,68.0
2026-09-01 13:50:58,68.6
2026-09-01 13:50:59,68.09
2026-09-01 13:51:00,67.98
2026-09-01 13:51:01,68.2
2026-09-01 13:51:02,68.16
2026-09-01 13:51:03,67.89
2026-09-01 13:51:04,67.86
2026-09-01 13:51:05,67.9
2026-09-01 13:51:06,67.96
2026-09-01 13:51:07,68.09
2026-09-01 13:51:08,68.08
2026-09-01 13:51:09,67.9
2026-09-01 13:51:10,68.05
2026-09-01 13:51:11,67.95
2026-09-01 13:51:12,68.48
2026-09-01 13:51:13,68.11
2026-09-01 13:51:14,68.15
2026-09-01 13:51:15,67.73
2026-09-01 13:51:16,67.96
2026-09-01 13:51:17,68.17
2026-09-01 13:51:18,67.79
2026-09-01 13:51:19,68.16
2026-09-01 13:51:20,68.61
2026-09-01 13:51:21,67.9
2026-09-01 13:51:22,68.13
2026-09-01 13:51:23,68.28
2026-09-01 13:51:24,67.77
2026-09-01 13:51:25,68.15
2026-09-01 13:51:26,68.07
2026-09-01 13:51:27,68.3
2026-09-01 13:51:28,68.0
2026-09-01 13:51:29,68.06
2026-09-01 13:51:30,68.99
2026-09-01 13:51:31,67.74
2026-09-01 13:51:32,68.02
2026-09-01 13:51:33,68.12
2026-09-01 13:51:34,68.19
2026-09-01 13:51:35,67.85
2026-09-01 13:51:36,67.72
2026-09-01 13:51:37,67.81
2026-09-01 13:51:38,68.18
2026-09-01 13:51:39,67.58
2026-09-01 13:51:40,67.48
2026-09-01 13:51:41,68.22
2026-09-01 13:51:42,67.84
2026-09-01 13:51:43,68.05
2026-09-01 13:51:44,68.48
2026-09-01 13:51:45,68.23
2026-09-01 13:51:46,67.78
2026-09-01 13:51:47,67.61
2026-09-01 13:51:48,67.88
2026-09-01 13:51:49,67.88
2026-09-01 13:51:50,67.9
2026-09-01 13:51:51,68.07
2026-09-01 13:51:52,68.45
2026-09-01 13:51:53,67.7
2026-09-01 13:51:54,67.79
2026-09-01 13:51:55,68.69
2026-09-01 13:51:56,68.02
2026-09-01 13:51:57,68.41
2026-09-01 13:51:58,68.21
2026-09-01 13:51:59,68.09
2026-09-01 13:52:00,67.64
2026-09-01 13:52:01,68.34
2026-09-01 13:52:02,67.95
2026-09-01 13:52:03,67.87
2026-09-01 13:52:04,67.94
2026-09-01 13:52:05,67.7
2026-09-01 13:52:06,68.15
2026-09-01 13:52:07,67.65
2026-09-01 13:52:08,67.89
2026-09-01 13:52:09,68.14
2026-09-01 13:52:10,67.85
2026-09-01 13:52:11,68.06
2026-09-01 13:52:12,67.59
2026-09-01 13:52:13,68.21
2026-09-01 13:52:14,67.78
2026-09-01 13:52:15,68.29
2026-09-01 13:52:16,67.61
2026-09-01 13:52:17,67.6
2026-09-01 13:52:18,68.0
2026-09-01 13:52:19,68.35
2026-09-01 13:52:20,68.22
2026-09-01 13:52:21,67.54
2026-09-01 13:52:22,67.52
2026-09-01 13:52:23,68.02
2026-09-01 13:52:24,68.3
2026-09-01 13:52:25,67.96
2026-09-01 13:52:26,68.01
2026-09-01 13:52:27,68.34
2026-09-01 13:52:28,68.47
2026-09-01 13:52:29,68.21
2026-09-01 13:52:30,68.16
2026-09-01 13:52:31,67.74
2026-09-01 13:52:32,67.9
2026-09-01 13:52:33,67.72
2026-09-01 13:52:34,68.29
2026-09-01 13:52:35,68.48
2026-09-01 13:52:36,68.12
2026-09-01 13:52:37,67.97
2026-09-01 13:52:38,67.91
2026-09-01 13:52:39,68.15
2026-09-01 13:52:40,67.98
2026-09-01 13:52:41,67.82
2026-09-01 13:52:42,67.95
2026-09-01 13:52:43,68.23
2026-09-01 13:52:44,68.28
2026-09-01 13:52:45,67.53
2026-09-01 13:52:46,67.88
2026-09-01 13:52:47,67.92
2026-09-01 13:52:48,67.58
2026-09-01 13:52:49,68.6
2026-09-01 13:52:50,68.19
2026-09-01 13:52:51,68.1
2026-09-01 13:52:52,68.08
2026-09-01 13:52:53,68.33
2026-09-01 13:52:54,68.24
2026-09-01 13:52:55,68.13
2026-09-01 13:52:56,68.0
2026-09-01 13:52:57,68.31
2026-09-01 13:52:58,68.06
2026-09-01 13:52:59,67.62
2026-09-01 13:53:00,67.98
2026-09-01 13:53:01,67.77
2026-09-01 13:53:02,68.04
2026-09-01 13:53:03,68.53
2026-09-01 13:53:04,68.26
2026-09-01 13:53:05,67.66
2026-09-01 13:53:06,68.15
2026-09-01 13:53:07,68.07
2026-09-01 13:53:08,67.81
2026-09-01 13:53:09,67.79
2026-09-01 13:53:10,67.95
2026-09-01 13:53:11,67.84
2026-09-01 13:53:12,67.57
2026-09-01 13:53:13,68.42
2026-09-01 13:53:14,68.73
2026-09-01 13:53:15,68.38
2026-09-01 13:53:16,67.73
2026-09-01 13:53:17,67.79
2026-09-01 13:53:18,68.11
2026-09-01 13:53:19,67.75
2026-09-01 13:53:20,68.27
2026-09-01 13:53:21,68.14
2026-09-01 13:53:22,68.47
2026-09-01 13:53:23,67.76
2026-09-01 13:53:24,67.75
2026-09-01 13:53:25,68.09
2026-09-01 13:53:26,67.56
2026-09-01 13:53:27,67.74
2026-09-01 13:53:28,67.3
2026-09-01 13:53:29,67.94
2026-09-01 13:53:30,67.97
2026-09-01 13:53:31,68.53
2026-09-01 13:53:32,67.52
2026-09-01 13:53:33,68.69
2026-09-01 13:53:34,68.73
2026-09-01 13:53:35,68.54
2026-09-01 13:53:36,67.72
2026-09-01 13:53:37,67.99
2026-09-01 13:53:38,68.02
2026-09-01 13:53:39,67.3
2026-09-01 13:53:40,68.45
2026-09-01 13:53:41,67.96
2026-09-01 13:53:42,68.59
2026-09-01 13:53:43,68.39
2026-09-01 13:53:44,68.52
2026-09-01 13:53:45,67.41
2026-09-01 13:53:46,68.15
2026-09-01 13:53:47,68.29
2026-09-01 13:53:48,68.17
2026-09-01 13:53:49,68.21
2026-09-01 13:53:50,68.09
2026-09-01 13:53:51,67.93
2026-09-01 13:53:52,68.17
2026-09-01 13:53:53,67.85
2026-09-01 13:53:54,68.32
2026-09-01 13:53:55,67.72
2026-09-01 13:53:56,68.18
2026-09-01 13:53:57,67.99
2026-09-01 13:53:58,68.2
2026-09-01 13:53:59,68.36
2026-09-01 13:54:00,68.15
2026-09-01 13:54:01,67.79
2026-09-01 13:54:02,68.1
2026-09-01 13:54:03,67.8
2026-09-01 13:54:04,67.89
2026-09-01 13:54:05,67.44
2026-09-01 13:54:06,67.8
2026-09-01 13:54:07,67.68
2026-09-01 13:54:08,67.66
2026-09-01 13:54:09,68.17
2026-09-01 13:54:10,67.86
2026-09-01 13:54:11,68.1
2026-09-01 13:54:12,67.78
2026-09-01 13:54:13,68.22
2026-09-01 13:54:14,68.12
2026-09-01 13:54:15,67.89
2026-09-01 13:54:16,67.99
2026-09-01 13:54:17,67.54
2026-09-01 13:54:18,67.85
2026-09-01 13:54:19,67.84
2026-09-01 13:54:20,67.53
2026-09-01 13:54:21,67.93
2026-09-01 13:54:22,68.24
2026-09-01 13:54:23,68.15
2026-09-01 13:54:24,67.52
2026-09-01 13:54:25,68.19
2026-09-01 13:54:26,68.28
2026-09-01 13:54:27,67.96
2026-09-01 13:54:28,67.22
2026-09-01 13:54:29,68.04
2026-09-01 13:54:30,68.31
2026-09-01 13:54:31,67.65
2026-09-01 13:54:32,67.6
2026-09-01 13:54:33,68.45
2026-09-01 13:54:34,67.63
2026-09-01 13:54:35,68.28
2026-09-01 13:54:36,68.34
2026-09-01 13:54:37,68.02
2026-09-01 13:54:38,68.19
2026-09-01 13:54:39,67.81
2026-09-01 13:54:40,67.92
2026-09-01 13:54:41,68.16
2026-09-01 13:54:42,67.82
2026-09-01 13:54:43,68.26
2026-09-01 13:54:44,68.55
2026-09-01 13:54:45,68.31
2026-09-01 13:54:46,68.17
2026-09-01 13:54:47,67.84
2026-09-01 13:54:48,68.15
2026-09-01 13:54:49,67.98
2026-09-01 13:54:50,67.3
2026-09-01 13:54:51,67.9
2026-09-01 13:54:52,67.9
2026-09-01 13:54:53,68.08
2026-09-01 13:54:54,67.92
2026-09-01 13:54:55,67.88
2026-09-01 13:54:56,68.16
2026-09-01 13:54:57,68.22
2026-09-01 13:54:58,67.8
2026-09-01 13:54:59,67.95
2026-09-01 13:55:00,67.87
2026-09-01 13:55:01,67.94
2026-09-01 13:55:02,68.72
2026-09-01 13:55:03,67.86
2026-09-01 13:55:04,67.9
2026-09-01 13:55:05,67.63
2026-09-01 13:55:06,67.73
2026-09-01 13:55:07,68.2
2026-09-01 13:55:08,67.51
2026-09-01 13:55:09,68.11
2026-09-01 13:55:10,68.66
2026-09-01 13:55:11,67.33
2026-09-01 13:55:12,67.71
2026-09-01 13:55:13,67.88
2026-09-01 13:55:14,68.17
2026-09-01 13:55:15,68.22
2026-09-01 13:55:16,68.19
2026-09-01 13:55:17,68.32
2026-09-01 13:55:18,68.07
2026-09-01 13:55:19,67.86
2026-09-01 13:55:20,67.8
2026-09-01 13:55:21,68.01
2026-09-01 13:55:22,68.45
2026-09-01 13:55:23,67.78
2026-09-01 13:55:24,67.81
2026-09-01 13:55:25,67.62
2026-09-01 13:55:26,68.25
2026-09-01 13:55:27,67.93
2026-09-01 13:55:28,67.83
2026-09-01 13:55:29,68.04
2026-09-01 13:55:30,68.2
2026-09-01 13:55:31,68.37
2026-09-01 13:55:32,67.97
2026-09-01 13:55:33,67.81
2026-09-01 13:55:34,67.69
2026-09-01 13:55:35,67.84
2026-09-01 13:55:36,67.88
2026-09-01 13:55:37,67.46
2026-09-01 13:55:38,68.42
2026-09-01 13:55:39,67.69
2026-09-01 13:55:40,68.0
2026-09-01 13:55:41,68.13
2026-09-01 13:55:42,68.57
2026-09-01 13:55:43,68.35
2026-09-01 13:55:44,67.69
2026-09-01 13:55:45,68.42
2026-09-01 13:55:46,67.72
2026-09-01 13:55:47,68.55
2026-09-01 13:55:48,67.75
2026-09-01 13:55:49,68.26
2026-09-01 13:55:50,67.69
2026-09-01 13:55:51,68.09
2026-09-01 13:55:52,67.9
2026-09-01 13:55:53,67.39
2026-09-01 13:55:54,68.06
2026-09-01 13:55:55,68.2
2026-09-01 13:55:56,68.52
2026-09-01 13:55:57,67.44
2026-09-01 13:55:58,68.11
2026-09-01 13:55:59,68.01
2026-09-01 13:56:00,67.72
2026-09-01 13:56:01,67.83
2026-09-01 13:56:02,67.96
2026-09-01 13:56:03,68.39
2026-09-01 13:56:04,67.98
2026-09-01 13:56:05,68.03
2026-09-01 13:56:06,68.33
2026-09-01 13:56:07,67.95
2026-09-01 13:56:08,68.08
2026-09-01 13:56:09,68.1
2026-09-01 13:56:10,68.15
2026-09-01 13:56:11,68.33
2026-09-01 13:56:12,68.14
2026-09-01 13:56:13,68.49
2026-09-01 13:56:14,68.18
2026-09-01 13:56:15,67.83
2026-09-01 13:56:16,68.03
2026-09-01 13:56:17,68.04
2026-09-01 13:56:18,68.0
2026-09-01 13:56:19,68.46
2026-09-01 13:56:20,67.89
2026-09-01 13:56:21,67.96
2026-09-01 13:56:22,67.85
2026-09-01 13:56:23,67.92
2026-09-01 13:56:24,67.69
2026-09-01 13:56:25,67.62
2026-09-01 13:56:26,68.02
2026-09-01 13:56:27,68.44
2026-09-01 13:56:28,68.16
2026-09-01 13:56:29,67.94
2026-09-01 13:56:30,68.62
2026-09-01 13:56:31,67.7
2026-09-01 13:56:32,68.18
2026-09-01 13:56:33,68.2
2026-09-01 13:56:34,68.28
2026-09-01 13:56:35,68.02
2026-09-01 13:56:36,67.32
2026-09-01 13:56:37,68.15
2026-09-01 13:56:38,68.04
2026-09-01 13:56:39,68.13
2026-09-01 13:56:40,68.02
2026-09-01 13:56:41,67.34
2026-09-01 13:56:42,67.9
2026-09-01 13:56:43,68.16
2026-09-01 13:56:44,67.58
2026-09-01 13:56:45,67.62
2026-09-01 13:56:46,68.0
2026-09-01 13:56:47,67.96
2026-09-01 13:56:48,68.1
2026-09-01 13:56:49,67.88
2026-09-01 13:56:50,67.87
2026-09-01 13:56:51,68.01
2026-09-01 13:56:52,68.16
2026-09-01 13:56:53,67.49
2026-09-01 13:56:54,68.31
2026-09-01 13:56:55,68.38
2026-09-01 13:56:56,68.04
2026-09-01 13:56:57,68.04
2026-09-01 13:56:58,68.24
2026-09-01 13:56:59,67.69
2026-09-01 13:57:00,68.18
2026-09-01 13:57:01,68.31
2026-09-01 13:57:02,68.48
2026-09-01 13:57:03,68.34
2026-09-01 13:57:04,68.45
2026-09-01 13:57:05,67.35
2026-09-01 13:57:06,68.24
2026-09-01 13:57:07,67.98
2026-09-01 13:57:08,68.66
2026-09-01 13:57:09,67.96
2026-09-01 13:57:10,68.28
2026-09-01 13:57:11,68.18
2026-09-01 13:57:12,68.24
2026-09-01 13:57:13,67.87
2026-09-01 13:57:14,67.87
2026-09-01 13:57:15,68.4
2026-09-01 13:57:16,68.22
2026-09-01 13:57:17,67.62
2026-09-01 13:57:18,67.62
2026-09-01 13:57:19,67.73
2026-09-01 13:57:20,68.53
2026-09-01 13:57:21,68.01
2026-09-01 13:57:22,68.17
2026-09-01 13:57:23,68.05
2026-09-01 13:57:24,67.86
2026-09-01 13:57:25,68.31
2026-09-01 13:57:26,67.68
2026-09-01 13:57:27,67.84
2026-09-01 13:57:28,67.87
2026-09-01 13:57:29,68.17
2026-09-01 13:57:30,68.48
2026-09-01 13:57:31,68.18
2026-09-01 13:57:32,67.94
2026-09-01 13:57:33,67.55
2026-09-01 13:57:34,68.16
2026-09-01 13:57:35,67.68
2026-09-01 13:57:36,68.33
2026-09-01 13:57:37,67.84
2026-09-01 13:57:38,68.26
2026-09-01 13:57:39,68.03
2026-09-01 13:57:40,68.38
2026-09-01 13:57:41,67.65
2026-09-01 13:57:42,68.07
2026-09-01 13:57:43,67.96
2026-09-01 13:57:44,67.82
2026-09-01 13:57:45,67.67
2026-09-01 13:57:46,68.24
2026-09-01 13:57:47,67.96
2026-09-01 13:57:48,68.03
2026-09-01 13:57:49,68.15
2026-09-01 13:57:50,67.83
2026-09-01 13:57:51,68.12
2026-09-01 13:57:52,68.08
2026-09-01 13:57:53,68.35
2026-09-01 13:57:54,67.79
2026-09-01 13:57:55,68.19
2026-09-01 13:57:56,68.04
2026-09-01 13:57:57,67.89
2026-09-01 13:57:58,67.83
2026-09-01 13:57:59,67.65
2026-09-01 13:58:00,68.19
2026-09-01 13:58:01,67.73
2026-09-01 13:58:02,67.72
2026-09-01 13:58:03,68.36
2026-09-01 13:58:04,68.39
2026-09-01 13:58:05,67.81
2026-09-01 13:58:06,68.14
2026-09-01 13:58:07,68.18
2026-09-01 13:58:08,68.63
2026-09-01 13:58:09,67.52
2026-09-01 13:58:10,68.25
2026-09-01 13:58:11,67.55
2026-09-01 13:58:12,68.1
2026-09-01 13:58:13,68.35
2026-09-01 13:58:14,68.06
2026-09-01 13:58:15,67.97
2026-09-01 13:58:16,68.24
2026-09-01 13:58:17,67.55
2026-09-01 13:58:18,68.64
2026-09-01 13:58:19,67.99
2026-09-01 13:58:20,68.11
2026-09-01 13:58:21,68.02
2026-09-01 13:58:22,68.25
2026-09-01 13:58:23,67.74
2026-09-01 13:58:24,68.04
2026-09-01 13:58:25,68.3
2026-09-01 13:58:26,68.01
2026-09-01 13:58:27,68.02
2026-09-01 13:58:28,68.11
2026-09-01 13:58:29,68.43
2026-09-01 13:58:30,68.21
2026-09-01 13:58:31,68.07
2026-09-01 13:58:32,68.09
2026-09-01 13:58:33,68.5
2026-09-01 13:58:34,68.45
2026-09-01 13:58:35,68.41
2026-09-01 13:58:36,67.97
2026-09-01 13:58:37,67.78
2026-09-01 13:58:38,68.15
2026-09-01 13:58:39,68.16
2026-09-01 13:58:40,68.22
2026-09-01 13:58:41,68.1
2026-09-01 13:58:42,68.03
2026-09-01 13:58:43,68.21
2026-09-01 13:58:44,68.16
2026-09-01 13:58:45,68.51
2026-09-01 13:58:46,67.9
2026-09-01 13:58:47,68.36
2026-09-01 13:58:48,67.69
2026-09-01 13:58:49,67.47
2026-09-01 13:58:50,67.51
2026-09-01 13:58:51,68.08
2026-09-01 13:58:52,68.06
2026-09-01 13:58:53,67.57
2026-09-01 13:58:54,68.08
2026-09-01 13:58:55,67.99
2026-09-01 13:58:56,68.27
2026-09-01 13:58:57,67.45
2026-09-01 13:58:58,67.85
2026-09-01 13:58:59,67.87
2026-09-01 13:59:00,68.17
2026-09-01 13:59:01,67.98
2026-09-01 13:59:02,68.44
2026-09-01 13:59:03,68.06
2026-09-01 13:59:04,67.9
2026-09-01 13:59:05,67.8
2026-09-01 13:59:06,68.17
2026-09-01 13:59:07,68.15
2026-09-01 13:59:08,67.78
2026-09-01 13:59:09,68.52
2026-09-01 13:59:10,67.88
2026-09-01 13:59:11,67.9
2026-09-01 13:59:12,68.11
2026-09-01 13:59:13,67.74
2026-09-01 13:59:14,68.61
2026-09-01 13:59:15,68.22
2026-09-01 13:59:16,67.37
2026-09-01 13:59:17,67.96
2026-09-01 13:59:18,67.7
2026-09-01 13:59:19,68.13
2026-09-01 13:59:20,68.11
2026-09-01 13:59:21,68.01
2026-09-01 13:59:22,67.93
2026-09-01 13:59:23,68.14
2026-09-01 13:59:24,68.33
2026-09-01 13:59:25,68.4
2026-09-01 13:59:26,67.6
2026-09-01 13:59:27,68.27
2026-09-01 13:59:28,67.69
2026-09-01 13:59:29,67.8
2026-09-01 13:59:30,67.97
2026-09-01 13:59:31,67.79
2026-09-01 13:59:32,68.01
2026-09-01 13:59:33,67.35
2026-09-01 13:59:34,67.76
2026-09-01 13:59:35,67.62
2026-09-01 13:59:36,68.06
2026-09-01 13:59:37,67.64
2026-09-01 13:59:38,68.07
2026-09-01 13:59:39,68.21
2026-09-01 13:59:40,67.62
2026-09-01 13:59:41,67.95
2026-09-01 13:59:42,68.28
2026-09-01 13:59:43,68.06
2026-09-01 13:59:44,68.12
2026-09-01 13:59:45,67.97
2026-09-01 13:59:46,68.03
2026-09-01 13:59:47,68.4
2026-09-01 13:59:48,68.75
2026-09-01 13:59:49,68.44
2026-09-01 13:59:50,68.04
2026-09-01 13:59:51,68.18
2026-09-01 13:59:52,68.47
2026-09-01 13:59:53,68.16
2026-09-01 13:59:54,68.42
2026-09-01 13:59:55,68.01
2026-09-01 13:59:56,67.72
2026-09-01 13:59:57,67.92
2026-09-01 13:59:58,68.18
2026-09-01 13:59:59,68.48
2026-09-01 14:00:00,68.03
2026-09-01 14:00:01,68.07
2026-09-01 14:00:02,68.15
2026-09-01 14:00:03,68.51
2026-09-01 14:00:04,67.61
2026-09-01 14:00:05,68.2
2026-09-01 14:00:06,68.42
2026-09-01 14:00:07,68.06
2026-09-01 14:00:08,68.4
2026-09-01 14:00:09,68.1
2026-09-01 14:00:10,68.55
2026-09-01 14:00:11,67.92
2026-09-01 14:00:12,67.38
2026-09-01 14:00:13,67.67
2026-09-01 14:00:14,67.94
2026-09-01 14:00:15,68.65
2026-09-01 14:00:16,67.69
2026-09-01 14:00:17,68.02
2026-09-01 14:00:18,68.36
2026-09-01 14:00:19,68.2
2026-09-01 14:00:20,67.9
2026-09-01 14:00:21,68.3
2026-09-01 14:00:22,68.31
2026-09-01 14:00:23,68.11
2026-09-01 14:00:24,68.03
2026-09-01 14:00:25,67.98
2026-09-01 14:00:26,67.75
2026-09-01 14:00:27,67.99
2026-09-01 14:00:28,68.29
2026-09-01 14:00:29,68.1
2026-09-01 14:00:30,68.07
2026-09-01 14:00:31,68.23
2026-09-01 14:00:32,68.43
2026-09-01 14:00:33,67.82
2026-09-01 14:00:34,68.1
2026-09-01 14:00:35,68.37
2026-09-01 14:00:36,68.01
2026-09-01 14:00:37,67.67
2026-09-01 14:00:38,67.85
2026-09-01 14:00:39,67.99
2026-09-01 14:00:40,67.81
2026-09-01 14:00:41,67.87
2026-09-01 14:00:42,68.06
2026-09-01 14:00:43,68.09
2026-09-01 14:00:44,68.02
2026-09-01 14:00:45,67.6
2026-09-01 14:00:46,68.35
2026-09-01 14:00:47,68.35
2026-09-01 14:00:48,67.54
2026-09-01 14:00:49,67.67
2026-09-01 14:00:50,68.03
2026-09-01 14:00:51,67.74
2026-09-01 14:00:52,68.37
2026-09-01 14:00:53,68.04
2026-09-01 14:00:54,67.58
2026-09-01 14:00:55,67.99
2026-09-01 14:00:56,67.94
2026-09-01 14:00:57,67.95
2026-09-01 14:00:58,68.06
2026-09-01 14:00:59,68.11
2026-09-01 14:01:00,68.21
2026-09-01 14:01:01,68.73
2026-09-01 14:01:02,67.63
2026-09-01 14:01:03,68.14
2026-09-01 14:01:04,67.97
2026-09-01 14:01:05,67.84
2026-09-01 14:01:06,67.43
2026-09-01 14:01:07,68.65
2026-09-01 14:01:08,67.56
2026-09-01 14:01:09,67.89
2026-09-01 14:01:10,68.42
2026-09-01 14:01:11,68.15
2026-09-01 14:01:12,68.2
2026-09-01 14:01:13,67.63
2026-09-01 14:01:14,67.9
2026-09-01 14:01:15,68.03
2026-09-01 14:01:16,68.24
2026-09-01 14:01:17,67.71
2026-09-01 14:01:18,68.15
2026-09-01 14:01:19,67.83
2026-09-01 14:01:20,67.49
2026-09-01 14:01:21,68.16
2026-09-01 14:01:22,68.0
2026-09-01 14:01:23,68.0
2026-09-01 14:01:24,68.28
2026-09-01 14:01:25,67.73
2026-09-01 14:01:26,67.46
2026-09-01 14:01:27,67.69
2026-09-01 14:01:28,67.35
2026-09-01 14:01:29,68.17
2026-09-01 14:01:30,68.06
2026-09-01 14:01:31,68.18
2026-09-01 14:01:32,67.73
2026-09-01 14:01:33,67.63
2026-09-01 14:01:34,68.27
2026-09-01 14:01:35,67.94
2026-09-01 14:01:36,67.16
2026-09-01 14:01:37,67.92
2026-09-01 14:01:38,67.9
2026-09-01 14:01:39,67.74
2026-09-01 14:01:40,68.18
2026-09-01 14:01:41,68.37
2026-09-01 14:01:42,68.08
2026-09-01 14:01:43,68.57
2026-09-01 14:01:44,68.22
2026-09-01 14:01:45,68.0
2026-09-01 14:01:46,68.03
2026-09-01 14:01:47,67.61
2026-09-01 14:01:48,68.52
2026-09-01 14:01:49,68.09
2026-09-01 14:01:50,68.31
2026-09-01 14:01:51,68.33
2026-09-01 14:01:52,68.2
2026-09-01 14:01:53,68.27
2026-09-01 14:01:54,67.64
2026-09-01 14:01:55,68.81
2026-09-01 14:01:56,67.77
2026-09-01 14:01:57,68.07
2026-09-01 14:01:58,68.18
2026-09-01 14:01:59,68.0
2026-09-01 14:02:00,68.07
2026-09-01 14:02:01,67.73
2026-09-01 14:02:02,67.76
2026-09-01 14:02:03,68.21
2026-09-01 14:02:04,67.84
2026-09-01 14:02:05,68.96
2026-09-01 14:02:06,68.47
2026-09-01 14:02:07,68.06
2026-09-01 14:02:08,68.1
2026-09-01 14:02:09,68.04
2026-09-01 14:02:10,68.08
2026-09-01 14:02:11,67.94
2026-09-01 14:02:12,68.25
2026-09-01 14:02:13,68.28
2026-09-01 14:02:14,67.59
2026-09-01 14:02:15,69.04
2026-09-01 14:02:16,68.14
2026-09-01 14:02:17,68.02
2026-09-01 14:02:18,68.08
2026-09-01 14:02:19,68.3
2026-09-01 14:02:20,68.18
2026-09-01 14:02:21,68.46
2026-09-01 14:02:22,68.35
2026-09-01 14:02:23,68.08
2026-09-01 14:02:24,67.87
2026-09-01 14:02:25,68.47
2026-09-01 14:02:26,68.21
2026-09-01 14:02:27,67.99
2026-09-01 14:02:28,68.29
2026-09-01 14:02:29,68.07
2026-09-01 14:02:30,67.84
2026-09-01 14:02:31,68.63
2026-09-01 14:02:32,68.13
2026-09-01 14:02:33,68.08
2026-09-01 14:02:34,67.6
2026-09-01 14:02:35,68.01
2026-09-01 14:02:36,67.94
2026-09-01 14:02:37,68.29
2026-09-01 14:02:38,68.08
2026-09-01 14:02:39,68.05
2026-09-01 14:02:40,68.12
2026-09-01 14:02:41,67.88
2026-09-01 14:02:42,68.15
2026-09-01 14:02:43,68.13
2026-09-01 14:02:44,67.89
2026-09-01 14:02:45,67.74
2026-09-01 14:02:46,67.79
2026-09-01 14:02:47,68.67
2026-09-01 14:02:48,67.57
2026-09-01 14:02:49,67.82
2026-09-01 14:02:50,68.42
2026-09-01 14:02:51,67.93
2026-09-01 14:02:52,68.51
2026-09-01 14:02:53,67.99
2026-09-01 14:02:54,68.02
2026-09-01 14:02:55,67.52
2026-09-01 14:02:56,68.2
2026-09-01 14:02:57,68.31
2026-09-01 14:02:58,68.34
2026-09-01 14:02:59,67.93
2026-09-01 14:03:00,67.57
2026-09-01 14:03:01,68.0
2026-09-01 14:03:02,67.98
2026-09-01 14:03:03,68.21
2026-09-01 14:03:04,68.03
2026-09-01 14:03:05,68.05
2026-09-01 14:03:06,68.14
2026-09-01 14:03:07,67.82
2026-09-01 14:03:08,68.0
2026-09-01 14:03:09,67.85
2026-09-01 14:03:10,67.91
2026-09-01 14:03:11,68.18
2026-09-01 14:03:12,67.64
2026-09-01 14:03:13,68.45
2026-09-01 14:03:14,67.86
2026-09-01 14:03:15,68.28
2026-09-01 14:03:16,67.28
2026-09-01 14:03:17,68.0
2026-09-01 14:03:18,67.72
2026-09-01 14:03:19,68.1
2026-09-01 14:03:20,68.1
2026-09-01 14:03:21,68.61
2026-09-01 14:03:22,68.54
2026-09-01 14:03:23,68.42
2026-09-01 14:03:24,68.29
2026-09-01 14:03:25,68.07
2026-09-01 14:03:26,68.41
2026-09-01 14:03:27,67.14
2026-09-01 14:03:28,68.15
2026-09-01 14:03:29,68.24
2026-09-01 14:03:30,67.55
2026-09-01 14:03:31,68.58
2026-09-01 14:03:32,68.22
2026-09-01 14:03:33,68.24
2026-09-01 14:03:34,68.08
2026-09-01 14:03:35,68.43
2026-09-01 14:03:36,69.05
2026-09-01 14:03:37,68.08
2026-09-01 14:03:38,68.18
2026-09-01 14:03:39,68.17
2026-09-01 14:03:40,68.25
2026-09-01 14:03:41,67.85
2026-09-01 14:03:42,68.25
2026-09-01 14:03:43,68.7
2026-09-01 14:03:44,68.39
2026-09-01 14:03:45,67.27
2026-09-01 14:03:46,67.99
2026-09-01 14:03:47,67.97
2026-09-01 14:03:48,68.57
2026-09-01 14:03:49,67.92
2026-09-01 14:03:50,67.43
2026-09-01 14:03:51,68.54
2026-09-01 14:03:52,68.0
2026-09-01 14:03:53,67.95
2026-09-01 14:03:54,68.02
2026-09-01 14:03:55,67.49
2026-09-01 14:03:56,68.34
2026-09-01 14:03:57,68.09
2026-09-01 14:03:58,67.99
2026-09-01 14:03:59,67.89
2026-09-01 14:04:00,67.8
2026-09-01 14:04:01,68.52
2026-09-01 14:04:02,67.79
2026-09-01 14:04:03,68.04
2026-09-01 14:04:04,68.15
2026-09-01 14:04:05,67.85
2026-09-01 14:04:06,67.9
2026-09-01 14:04:07,68.38
2026-09-01 14:04:08,68.08
2026-09-01 14:04:09,67.85
2026-09-01 14:04:10,67.74
2026-09-01 14:04:11,67.97
2026-09-01 14:04:12,68.59
2026-09-01 14:04:13,68.59
2026-09-01 14:04:14,67.78
2026-09-01 14:04:15,67.48
2026-09-01 14:04:16,67.8
2026-09-01 14:04:17,68.32
2026-09-01 14:04:18,68.4
2026-09-01 14:04:19,67.5
2026-09-01 14:04:20,68.54
2026-09-01 14:04:21,67.88
2026-09-01 14:04:22,68.19
2026-09-01 14:04:23,68.05
2026-09-01 14:04:24,68.64
2026-09-01 14:04:25,68.37
2026-09-01 14:04:26,68.39
2026-09-01 14:04:27,67.72
2026-09-01 14:04:28,68.38
2026-09-01 14:04:29,67.76
2026-09-01 14:04:30,68.26
2026-09-01 14:04:31,67.85
2026-09-01 14:04:32,68.31
2026-09-01 14:04:33,68.31
2026-09-01 14:04:34,68.25
2026-09-01 14:04:35,68.52
2026-09-01 14:04:36,68.17
2026-09-01 14:04:37,68.21
2026-09-01 14:04:38,67.75
2026-09-01 14:04:39,67.97
2026-09-01 14:04:40,68.24
2026-09-01 14:04:41,68.08
2026-09-01 14:04:42,67.7
2026-09-01 14:04:43,67.86
2026-09-01 14:04:44,68.15
2026-09-01 14:04:45,68.3
2026-09-01 14:04:46,67.4
2026-09-01 14:04:47,68.04
2026-09-01 14:04:48,68.1
2026-09-01 14:04:49,67.58
2026-09-01 14:04:50,68.04
2026-09-01 14:04:51,67.66
2026-09-01 14:04:52,67.87
2026-09-01 14:04:53,67.94
2026-09-01 14:04:54,68.33
2026-09-01 14:04:55,67.63
2026-09-01 14:04:56,68.08
2026-09-01 14:04:57,68.01
2026-09-01 14:04:58,68.53
2026-09-01 14:04:59,68.3
2026-09-01 14:05:00,67.46
2026-09-01 14:05:01,68.03
2026-09-01 14:05:02,68.05
2026-09-01 14:05:03,68.55
2026-09-01 14:05:04,68.42
2026-09-01 14:05:05,67.67
2026-09-01 14:05:06,68.16
2026-09-01 14:05:07,68.08
2026-09-01 14:05:08,68.21
2026-09-01 14:05:09,68.31
2026-09-01 14:05:10,68.35
2026-09-01 14:05:11,68.21
2026-09-01 14:05:12,68.24
2026-09-01 14:05:13,68.08
2026-09-01 14:05:14,67.92
2026-09-01 14:05:15,67.35
2026-09-01 14:05:16,68.01
2026-09-01 14:05:17,67.71
2026-09-01 14:05:18,67.91
2026-09-01 14:05:19,68.36
2026-09-01 14:05:20,68.29
2026-09-01 14:05:21,68.27
2026-09-01 14:05:22,67.82
2026-09-01 14:05:23,68.25
2026-09-01 14:05:24,68.03
2026-09-01 14:05:25,68.01
2026-09-01 14:05:26,67.62
2026-09-01 14:05:27,68.12
2026-09-01 14:05:28,68.28
2026-09-01 14:05:29,67.53
2026-09-01 14:05:30,68.1
2026-09-01 14:05:31,68.1
2026-09-01 14:05:32,68.43
2026-09-01 14:05:33,68.32
2026-09-01 14:05:34,67.79
2026-09-01 14:05:35,68.12
2026-09-01 14:05:36,67.6
2026-09-01 14:05:37,68.0
2026-09-01 14:05:38,68.18
2026-09-01 14:05:39,67.9
2026-09-01 14:05:40,68.11
2026-09-01 14:05:41,68.31
2026-09-01 14:05:42,68.39
2026-09-01 14:05:43,67.58
2026-09-01 14:05:44,68.34
2026-09-01 14:05:45,68.36
2026-09-01 14:05:46,68.27
2026-09-01 14:05:47,68.4
2026-09-01 14:05:48,67.72
2026-09-01 14:05:49,68.32
2026-09-01 14:05:50,67.96
2026-09-01 14:05:51,67.71
2026-09-01 14:05:52,67.82
2026-09-01 14:05:53,67.83
2026-09-01 14:05:54,67.98
2026-09-01 14:05:55,68.3
2026-09-01 14:05:56,68.25
2026-09-01 14:05:57,68.41
2026-09-01 14:05:58,68.03
2026-09-01 14:05:59,68.54
2026-09-01 14:06:00,68.05
2026-09-01 14:06:01,68.38
2026-09-01 14:06:02,68.15
2026-09-01 14:06:03,67.55
2026-09-01 14:06:04,67.44
2026-09-01 14:06:05,67.88
2026-09-01 14:06:06,68.0
2026-09-01 14:06:07,67.85
2026-09-01 14:06:08,68.16
2026-09-01 14:06:09,67.37
2026-09-01 14:06:10,68.04
2026-09-01 14:06:11,67.87
2026-09-01 14:06:12,67.53
2026-09-01 14:06:13,67.52
2026-09-01 14:06:14,67.76
2026-09-01 14:06:15,68.28
2026-09-01 14:06:16,68.04
2026-09-01 14:06:17,67.76
2026-09-01 14:06:18,67.96
2026-09-01 14:06:19,67.76
2026-09-01 14:06:20,67.81
2026-09-01 14:06:21,68.0
2026-09-01 14:06:22,68.12
2026-09-01 14:06:23,67.71
2026-09-01 14:06:24,68.15
2026-09-01 14:06:25,67.75
2026-09-01 14:06:26,68.68
2026-09-01 14:06:27,67.6
2026-09-01 14:06:28,68.2
2026-09-01 14:06:29,68.08
2026-09-01 14:06:30,67.35
2026-09-01 14:06:31,68.08
2026-09-01 14:06:32,68.22
2026-09-01 14:06:33,68.21
2026-09-01 14:06:34,67.61
2026-09-01 14:06:35,67.93
2026-09-01 14:06:36,68.15
2026-09-01 14:06:37,67.4
2026-09-01 14:06:38,68.26
2026-09-01 14:06:39,67.92
2026-09-01 14:06:40,68.14
2026-09-01 14:06:41,68.03
2026-09-01 14:06:42,68.54
2026-09-01 14:06:43,67.76
2026-09-01 14:06:44,68.08
2026-09-01 14:06:45,67.77
2026-09-01 14:06:46,68.58
2026-09-01 14:06:47,68.28
2026-09-01 14:06:48,68.02
2026-09-01 14:06:49,68.42
2026-09-01 14:06:50,67.8
2026-09-01 14:06:51,67.67
2026-09-01 14:06:52,67.92
2026-09-01 14:06:53,67.99
2026-09-01 14:06:54,68.01
2026-09-01 14:06:55,68.07
2026-09-01 14:06:56,68.22
2026-09-01 14:06:57,68.28
2026-09-01 14:06:58,68.2
2026-09-01 14:06:59,67.75
2026-09-01 14:07:00,68.12
2026-09-01 14:07:01,67.71
2026-09-01 14:07:02,67.9
2026-09-01 14:07:03,68.04
2026-09-01 14:07:04,67.86
2026-09-01 14:07:05,68.36
2026-09-01 14:07:06,68.41
2026-09-01 14:07:07,67.85
2026-09-01 14:07:08,67.78
2026-09-01 14:07:09,67.92
2026-09-01 14:07:10,68.6
2026-09-01 14:07:11,68.24
2026-09-01 14:07:12,67.93
2026-09-01 14:07:13,67.42
2026-09-01 14:07:14,68.02
2026-09-01 14:07:15,68.03
2026-09-01 14:07:16,68.57
2026-09-01 14:07:17,67.72
2026-09-01 14:07:18,68.37
2026-09-01 14:07:19,68.28
2026-09-01 14:07:20,68.05
2026-09-01 14:07:21,67.97
2026-09-01 14:07:22,68.12
2026-09-01 14:07:23,68.03
2026-09-01 14:07:24,68.38
2026-09-01 14:07:25,68.52
2026-09-01 14:07:26,68.39
2026-09-01 14:07:27,67.89
2026-09-01 14:07:28,68.25
2026-09-01 14:07:29,68.68
2026-09-01 14:07:30,68.23
2026-09-01 14:07:31,67.88
2026-09-01 14:07:32,67.7
2026-09-01 14:07:33,67.78
2026-09-01 14:07:34,68.33
2026-09-01 14:07:35,68.15
2026-09-01 14:07:36,68.2
2026-09-01 14:07:37,68.22
2026-09-01 14:07:38,68.04
2026-09-01 14:07:39,68.7
2026-09-01 14:07:40,68.37
2026-09-01 14:07:41,68.03
2026-09-01 14:07:42,67.69
2026-09-01 14:07:43,67.89
2026-09-01 14:07:44,68.12
2026-09-01 14:07:45,68.57
2026-09-01 14:07:46,67.34
2026-09-01 14:07:47,68.04
2026-09-01 14:07:48,68.11
2026-09-01 14:07:49,67.68
2026-09-01 14:07:50,68.17
2026-09-01 14:07:51,68.36
2026-09-01 14:07:52,68.08
2026-09-01 14:07:53,67.95
2026-09-01 14:07:54,68.62
2026-09-01 14:07:55,68.02
2026-09-01 14:07:56,68.09
2026-09-01 14:07:57,68.26
2026-09-01 14:07:58,67.99
2026-09-01 14:07:59,68.04
2026-09-01 14:08:00,68.04
2026-09-01 14:08:01,68.05
2026-09-01 14:08:02,68.17
2026-09-01 14:08:03,67.84
2026-09-01 14:08:04,67.85
2026-09-01 14:08:05,68.14
2026-09-01 14:08:06,68.15
2026-09-01 14:08:07,68.18
2026-09-01 14:08:08,67.9
2026-09-01 14:08:09,68.42
2026-09-01 14:08:10,67.64
2026-09-01 14:08:11,68.25
2026-09-01 14:08:12,67.76
2026-09-01 14:08:13,67.66
2026-09-01 14:08:14,67.85
2026-09-01 14:08:15,68.35
2026-09-01 14:08:16,68.05
2026-09-01 14:08:17,68.27
2026-09-01 14:08:18,67.61
2026-09-01 14:08:19,68.03
2026-09-01 14:08:20,68.5
2026-09-01 14:08:21,68.02
2026-09-01 14:08:22,68.34
2026-09-01 14:08:23,67.88
2026-09-01 14:08:24,68.24
2026-09-01 14:08:25,68.29
2026-09-01 14:08:26,67.26
2026-09-01 14:08:27,68.21
2026-09-01 14:08:28,68.02
2026-09-01 14:08:29,68.01
2026-09-01 14:08:30,68.59
2026-09-01 14:08:31,67.52
2026-09-01 14:08:32,67.91
2026-09-01 14:08:33,67.85
2026-09-01 14:08:34,68.16
2026-09-01 14:08:35,68.31
2026-09-01 14:08:36,68.18
2026-09-01 14:08:37,67.92
2026-09-01 14:08:38,67.91
2026-09-01 14:08:39,67.94
2026-09-01 14:08:40,68.23
2026-09-01 14:08:41,68.01
2026-09-01 14:08:42,68.05
2026-09-01 14:08:43,67.7
2026-09-01 14:08:44,68.48
2026-09-01 14:08:45,67.75
2026-09-01 14:08:46,67.88
2026-09-01 14:08:47,67.79
2026-09-01 14:08:48,68.05
2026-09-01 14:08:49,68.1
2026-09-01 14:08:50,68.35
2026-09-01 14:08:51,68.06
2026-09-01 14:08:52,68.43
2026-09-01 14:08:53,67.79
2026-09-01 14:08:54,68.0
2026-09-01 14:08:55,68.05
2026-09-01 14:08:56,68.28
2026-09-01 14:08:57,67.91
2026-09-01 14:08:58,68.4
2026-09-01 14:08:59,67.46
2026-09-01 14:09:00,67.59
2026-09-01 14:09:01,68.25
2026-09-01 14:09:02,67.83
2026-09-01 14:09:03,68.0
2026-09-01 14:09:04,68.17
2026-09-01 14:09:05,68.21
2026-09-01 14:09:06,67.69
2026-09-01 14:09:07,67.84
2026-09-01 14:09:08,67.95
2026-09-01 14:09:09,67.65
2026-09-01 14:09:10,68.0
2026-09-01 14:09:11,68.21
2026-09-01 14:09:12,68.08
2026-09-01 14:09:13,68.51
2026-09-01 14:09:14,68.32
2026-09-01 14:09:15,68.22
2026-09-01 14:09:16,68.14
2026-09-01 14:09:17,68.23
2026-09-01 14:09:18,67.89
2026-09-01 14:09:19,67.64
2026-09-01 14:09:20,67.92
2026-09-01 14:09:21,68.06
2026-09-01 14:09:22,67.9
2026-09-01 14:09:23,67.68
2026-09-01 14:09:24,68.08
2026-09-01 14:09:25,68.08
2026-09-01 14:09:26,68.41
2026-09-01 14:09:27,68.15
2026-09-01 14:09:28,68.31
2026-09-01 14:09:29,68.35
2026-09-01 14:09:30,67.75
2026-09-01 14:09:31,68.23
2026-09-01 14:09:32,67.96
2026-09-01 14:09:33,67.98
2026-09-01 14:09:34,67.9
2026-09-01 14:09:35,67.89
2026-09-01 14:09:36,67.66
2026-09-01 14:09:37,68.52
2026-09-01 14:09:38,68.01
2026-09-01 14:09:39,67.83
2026-09-01 14:09:40,68.42
2026-09-01 14:09:41,67.83
2026-09-01 14:09:42,67.56
2026-09-01 14:09:43,68.09
2026-09-01 14:09:44,68.15
2026-09-01 14:09:45,68.13
2026-09-01 14:09:46,68.18
2026-09-01 14:09:47,67.83
2026-09-01 14:09:48,68.29
2026-09-01 14:09:49,67.63
2026-09-01 14:09:50,67.83
2026-09-01 14:09:51,68.45
2026-09-01 14:09:52,67.98
2026-09-01 14:09:53,67.58
2026-09-01 14:09:54,68.0
2026-09-01 14:09:55,68.1
2026-09-01 14:09:56,67.63
2026-09-01 14:09:57,67.86
2026-09-01 14:09:58,68.03
2026-09-01 14:09:59,67.98
2026-09-01 14:10:00,68.51
2026-09-01 14:10:01,68.51
2026-09-01 14:10:02,68.7
2026-09-01 14:10:03,68.22
2026-09-01 14:10:04,68.12
2026-09-01 14:10:05,67.85
2026-09-01 14:10:06,68.15
2026-09-01 14:10:07,68.51
2026-09-01 14:10:08,67.79
2026-09-01 14:10:09,67.88
2026-09-01 14:10:10,67.8
2026-09-01 14:10:11,68.43
2026-09-01 14:10:12,68.14
2026-09-01 14:10:13,68.15
2026-09-01 14:10:14,67.94
2026-09-01 14:10:15,67.62
2026-09-01 14:10:16,68.21
2026-09-01 14:10:17,68.21
2026-09-01 14:10:18,68.06
2026-09-01 14:10:19,67.83
2026-09-01 14:10:20,67.8
2026-09-01 14:10:21,68.35
2026-09-01 14:10:22,68.14
2026-09-01 14:10:23,67.6
2026-09-01 14:10:24,68.13
2026-09-01 14:10:25,67.78
2026-09-01 14:10:26,68.18
2026-09-01 14:10:27,67.78
2026-09-01 14:10:28,67.76
2026-09-01 14:10:29,67.33
2026-09-01 14:10:30,68.0
2026-09-01 14:10:31,68.16
2026-09-01 14:10:32,68.76
2026-09-01 14:10:33,67.86
2026-09-01 14:10:34,68.2
2026-09-01 14:10:35,68.18
2026-09-01 14:10:36,68.06
2026-09-01 14:10:37,68.3
2026-09-01 14:10:38,68.39
2026-09-01 14:10:39,67.77
2026-09-01 14:10:40,67.66
2026-09-01 14:10:41,67.6
2026-09-01 14:10:42,67.83
2026-09-01 14:10:43,68.14
2026-09-01 14:10:44,67.4
2026-09-01 14:10:45,68.18
2026-09-01 14:10:46,68.02
2026-09-01 14:10:47,68.36
2026-09-01 14:10:48,67.92
2026-09-01 14:10:49,67.84
2026-09-01 14:10:50,67.91
2026-09-01 14:10:51,68.09
2026-09-01 14:10:52,68.55
2026-09-01 14:10:53,68.29
2026-09-01 14:10:54,68.12
2026-09-01 14:10:55,67.73
2026-09-01 14:10:56,68.33
2026-09-01 14:10:57,67.78
2026-09-01 14:10:58,68.03
2026-09-01 14:10:59,68.27
2026-09-01 14:11:00,67.57
2026-09-01 14:11:01,68.12
2026-09-01 14:11:02,68.01
2026-09-01 14:11:03,67.98
2026-09-01 14:11:04,68.08
2026-09-01 14:11:05,67.88
2026-09-01 14:11:06,67.77
2026-09-01 14:11:07,68.13
2026-09-01 14:11:08,67.64
2026-09-01 14:11:09,68.21
2026-09-01 14:11:10,67.83
2026-09-01 14:11:11,68.0
2026-09-01 14:11:12,67.53
2026-09-01 14:11:13,67.74
2026-09-01 14:11:14,68.21
2026-09-01 14:11:15,68.17
2026-09-01 14:11:16,67.73
2026-09-01 14:11:17,68.03
2026-09-01 14:11:18,68.17
2026-09-01 14:11:19,68.32
2026-09-01 14:11:20,68.05
2026-09-01 14:11:21,67.69
2026-09-01 14:11:22,67.22
2026-09-01 14:11:23,67.99
2026-09-01 14:11:24,68.03
2026-09-01 14:11:25,68.34
2026-09-01 14:11:26,68.56
2026-09-01 14:11:27,68.2
2026-09-01 14:11:28,67.59
2026-09-01 14:11:29,67.49
2026-09-01 14:11:30,68.24
2026-09-01 14:11:31,67.76
2026-09-01 14:11:32,68.04
2026-09-01 14:11:33,68.57
2026-09-01 14:11:34,68.19
2026-09-01 14:11:35,68.21
2026-09-01 14:11:36,68.08
2026-09-01 14:11:37,68.0
2026-09-01 14:11:38,67.98
2026-09-01 14:11:39,67.83
2026-09-01 14:11:40,67.6
2026-09-01 14:11:41,67.46
2026-09-01 14:11:42,68.08
2026-09-01 14:11:43,67.69
2026-09-01 14:11:44,68.26
2026-09-01 14:11:45,68.02
2026-09-01 14:11:46,68.31
2026-09-01 14:11:47,67.83
2026-09-01 14:11:48,67.44
2026-09-01 14:11:49,67.72
2026-09-01 14:11:50,68.12
2026-09-01 14:11:51,68.69
2026-09-01 14:11:52,68.17
2026-09-01 14:11:53,68.16
2026-09-01 14:11:54,68.27
2026-09-01 14:11:55,68.19
2026-09-01 14:11:56,68.01
2026-09-01 14:11:57,67.72
2026-09-01 14:11:58,68.53
2026-09-01 14:11:59,67.97
2026-09-01 14:12:00,68.52
2026-09-01 14:12:01,67.84
2026-09-01 14:12:02,68.1
2026-09-01 14:12:03,67.37
2026-09-01 14:12:04,67.96
2026-09-01 14:12:05,67.95
2026-09-01 14:12:06,67.9
2026-09-01 14:12:07,68.05
2026-09-01 14:12:08,67.7
2026-09-01 14:12:09,68.61
2026-09-01 14:12:10,67.95
2026-09-01 14:12:11,67.81
2026-09-01 14:12:12,67.91
2026-09-01 14:12:13,67.51
2026-09-01 14:12:14,68.23
2026-09-01 14:12:15,68.25
2026-09-01 14:12:16,68.27
2026-09-01 14:12:17,67.85
2026-09-01 14:12:18,67.92
2026-09-01 14:12:19,67.84
2026-09-01 14:12:20,68.06
2026-09-01 14:12:21,67.96
2026-09-01 14:12:22,67.88
2026-09-01 14:12:23,68.09
2026-09-01 14:12:24,68.24
2026-09-01 14:12:25,68.24
2026-09-01 14:12:26,68.41
2026-09-01 14:12:27,67.38
2026-09-01 14:12:28,68.04
2026-09-01 14:12:29,68.27
2026-09-01 14:12:30,68.64
2026-09-01 14:12:31,68.55
2026-09-01 14:12:32,67.97
2026-09-01 14:12:33,68.06
2026-09-01 14:12:34,67.5
2026-09-01 14:12:35,67.35
2026-09-01 14:12:36,68.19
2026-09-01 14:12:37,67.86
2026-09-01 14:12:38,67.7
2026-09-01 14:12:39,68.58
2026-09-01 14:12:40,68.63
2026-09-01 14:12:41,67.78
2026-09-01 14:12:42,67.57
2026-09-01 14:12:43,68.48
2026-09-01 14:12:44,68.64
2026-09-01 14:12:45,67.49
2026-09-01 14:12:46,68.08
2026-09-01 14:12:47,67.71
2026-09-01 14:12:48,68.01
2026-09-01 14:12:49,68.37
2026-09-01 14:12:50,67.45
2026-09-01 14:12:51,67.17
2026-09-01 14:12:52,68.06
2026-09-01 14:12:53,67.76
2026-09-01 14:12:54,67.52
2026-09-01 14:12:55,67.88
2026-09-01 14:12:56,67.9
2026-09-01 14:12:57,67.99
2026-09-01 14:12:58,68.38
2026-09-01 14:12:59,68.18
2026-09-01 14:13:00,68.08
2026-09-01 14:13:01,67.56
2026-09-01 14:13:02,68.21
2026-09-01 14:13:03,67.75
2026-09-01 14:13:04,68.01
2026-09-01 14:13:05,68.07
2026-09-01 14:13:06,68.07
2026-09-01 14:13:07,67.79
2026-09-01 14:13:08,67.82
2026-09-01 14:13:09,68.34
2026-09-01 14:13:10,68.0
2026-09-01 14:13:11,68.19
2026-09-01 14:13:12,68.32
2026-09-01 14:13:13,68.48
2026-09-01 14:13:14,67.89
2026-09-01 14:13:15,68.06
2026-09-01 14:13:16,68.33
2026-09-01 14:13:17,68.6
2026-09-01 14:13:18,67.83
2026-09-01 14:13:19,68.18
2026-09-01 14:13:20,68.4
2026-09-01 14:13:21,68.39
2026-09-01 14:13:22,67.53
2026-09-01 14:13:23,67.86
2026-09-01 14:13:24,67.76
2026-09-01 14:13:25,68.02
2026-09-01 14:13:26,68.16
2026-09-01 14:13:27,67.59
2026-09-01 14:13:28,67.81
2026-09-01 14:13:29,67.81
2026-09-01 14:13:30,67.48
2026-09-01 14:13:31,68.22
2026-09-01 14:13:32,67.69
2026-09-01 14:13:33,68.26
2026-09-01 14:13:34,67.7
2026-09-01 14:13:35,68.5
2026-09-01 14:13:36,68.02
2026-09-01 14:13:37,68.14
2026-09-01 14:13:38,67.44
2026-09-01 14:13:39,68.09
2026-09-01 14:13:40,68.22
2026-09-01 14:13:41,68.53
2026-09-01 14:13:42,68.23
2026-09-01 14:13:43,68.09
2026-09-01 14:13:44,68.32
2026-09-01 14:13:45,67.79
2026-09-01 14:13:46,68.3
2026-09-01 14:13:47,68.09
2026-09-01 14:13:48,68.56
2026-09-01 14:13:49,68.3
2026-09-01 14:13:50,67.72
2026-09-01 14:13:51,67.95
2026-09-01 14:13:52,68.21
2026-09-01 14:13:53,67.9
2026-09-01 14:13:54,68.0
2026-09-01 14:13:55,67.65
2026-09-01 14:13:56,67.67
2026-09-01 14:13:57,67.77
2026-09-01 14:13:58,69.11
2026-09-01 14:13:59,68.53
2026-09-01 14:14:00,67.82
2026-09-01 14:14:01,67.65
2026-09-01 14:14:02,68.07
2026-09-01 14:14:03,67.83
2026-09-01 14:14:04,67.75
2026-09-01 14:14:05,68.13
2026-09-01 14:14:06,68.23
2026-09-01 14:14:07,68.53
2026-09-01 14:14:08,68.65
2026-09-01 14:14:09,68.42
2026-09-01 14:14:10,68.05
2026-09-01 14:14:11,67.71
2026-09-01 14:14:12,68.21
2026-09-01 14:14:13,67.76
2026-09-01 14:14:14,68.16
2026-09-01 14:14:15,67.7
2026-09-01 14:14:16,67.87
2026-09-01 14:14:17,67.99
2026-09-01 14:14:18,68.25
2026-09-01 14:14:19,67.6
2026-09-01 14:14:20,67.41
2026-09-01 14:14:21,67.92
2026-09-01 14:14:22,68.2
2026-09-01 14:14:23,68.03
2026-09-01 14:14:24,67.51
2026-09-01 14:14:25,67.69
2026-09-01 14:14:26,68.21
2026-09-01 14:14:27,68.4
2026-09-01 14:14:28,67.72
2026-09-01 14:14:29,68.16
2026-09-01 14:14:30,67.63
2026-09-01 14:14:31,68.05
2026-09-01 14:14:32,67.92
2026-09-01 14:14:33,68.29
2026-09-01 14:14:34,68.12
2026-09-01 14:14:35,67.68
2026-09-01 14:14:36,68.35
2026-09-01 14:14:37,67.75
2026-09-01 14:14:38,67.96
2026-09-01 14:14:39,68.07
2026-09-01 14:14:40,68.04
2026-09-01 14:14:41,67.82
2026-09-01 14:14:42,67.87
2026-09-01 14:14:43,68.25
2026-09-01 14:14:44,68.09
2026-09-01 14:14:45,68.56
2026-09-01 14:14:46,68.37
2026-09-01 14:14:47,68.22
2026-09-01 14:14:48,67.8
2026-09-01 14:14:49,68.42
2026-09-01 14:14:50,68.1
2026-09-01 14:14:51,68.53
2026-09-01 14:14:52,67.76
2026-09-01 14:14:53,68.39
2026-09-01 14:14:54,67.74
2026-09-01 14:14:55,68.22
2026-09-01 14:14:56,67.99
2026-09-01 14:14:57,68.5
2026-09-01 14:14:58,68.23
2026-09-01 14:14:59,68.05
2026-09-01 14:15:00,67.64
2026-09-01 14:15:01,67.83
2026-09-01 14:15:02,67.43
2026-09-01 14:15:03,68.38
2026-09-01 14:15:04,68.25
2026-09-01 14:15:05,68.23
2026-09-01 14:15:06,67.65
2026-09-01 14:15:07,68.14
2026-09-01 14:15:08,68.31
2026-09-01 14:15:09,68.15
2026-09-01 14:15:10,68.25
2026-09-01 14:15:11,67.72
2026-09-01 14:15:12,67.8
2026-09-01 14:15:13,68.33
2026-09-01 14:15:14,68.14
2026-09-01 14:15:15,67.72
2026-09-01 14:15:16,68.31
2026-09-01 14:15:17,67.77
2026-09-01 14:15:18,67.84
2026-09-01 14:15:19,68.33
2026-09-01 14:15:20,68.65
2026-09-01 14:15:21,68.64
2026-09-01 14:15:22,68.46
2026-09-01 14:15:23,67.98
2026-09-01 14:15:24,68.58
2026-09-01 14:15:25,67.54
2026-09-01 14:15:26,67.53
2026-09-01 14:15:27,68.26
2026-09-01 14:15:28,67.55
2026-09-01 14:15:29,67.78
2026-09-01 14:15:30,67.96
2026-09-01 14:15:31,68.48
2026-09-01 14:15:32,68.41
2026-09-01 14:15:33,67.79
2026-09-01 14:15:34,67.65
2026-09-01 14:15:35,67.76
2026-09-01 14:15:36,67.54
2026-09-01 14:15:37,67.77
2026-09-01 14:15:38,68.02
2026-09-01 14:15:39,67.66
2026-09-01 14:15:40,68.57
2026-09-01 14:15:41,67.9
2026-09-01 14:15:42,68.1
2026-09-01 14:15:43,67.76
2026-09-01 14:15:44,67.84
2026-09-01 14:15:45,68.34
2026-09-01 14:15:46,68.52
2026-09-01 14:15:47,68.42
2026-09-01 14:15:48,68.47
2026-09-01 14:15:49,68.45
2026-09-01 14:15:50,68.02
2026-09-01 14:15:51,68.03
2026-09-01 14:15:52,67.89
2026-09-01 14:15:53,68.33
2026-09-01 14:15:54,68.0
2026-09-01 14:15:55,68.31
2026-09-01 14:15:56,67.58
2026-09-01 14:15:57,68.13
2026-09-01 14:15:58,68.3
2026-09-01 14:15:59,68.19
2026-09-01 14:16:00,67.87
2026-09-01 14:16:01,68.17
2026-09-01 14:16:02,68.43
2026-09-01 14:16:03,67.91
2026-09-01 14:16:04,67.83
2026-09-01 14:16:05,67.7
2026-09-01 14:16:06,67.93
2026-09-01 14:16:07,68.28
2026-09-01 14:16:08,67.76
2026-09-01 14:16:09,68.19
2026-09-01 14:16:10,68.0
2026-09-01 14:16:11,67.89
2026-09-01 14:16:12,67.81
2026-09-01 14:16:13,67.64
2026-09-01 14:16:14,68.34
2026-09-01 14:16:15,68.01
2026-09-01 14:16:16,68.33
2026-09-01 14:16:17,68.3
2026-09-01 14:16:18,68.03
2026-09-01 14:16:19,67.83
2026-09-01 14:16:20,67.71
2026-09-01 14:16:21,67.94
2026-09-01 14:16:22,68.01
2026-09-01 14:16:23,67.75
2026-09-01 14:16:24,67.89
2026-09-01 14:16:25,67.86
2026-09-01 14:16:26,67.51
2026-09-01 14:16:27,68.0
2026-09-01 14:16:28,68.23
2026-09-01 14:16:29,68.28
2026-09-01 14:16:30,68.3
2026-09-01 14:16:31,68.29
2026-09-01 14:16:32,68.01
2026-09-01 14:16:33,67.44
2026-09-01 14:16:34,68.07
2026-09-01 14:16:35,68.31
2026-09-01 14:16:36,68.24
2026-09-01 14:16:37,67.55
2026-09-01 14:16:38,68.18
2026-09-01 14:16:39,67.69
2026-09-01 14:16:40,68.38
2026-09-01 14:16:41,67.81
2026-09-01 14:16:42,67.98
2026-09-01 14:16:43,68.21
2026-09-01 14:16:44,68.36
2026-09-01 14:16:45,68.19
2026-09-01 14:16:46,67.83
2026-09-01 14:16:47,68.41
2026-09-01 14:16:48,68.28
2026-09-01 14:16:49,68.1
2026-09-01 14:16:50,68.15
2026-09-01 14:16:51,67.82
2026-09-01 14:16:52,68.3
2026-09-01 14:16:53,68.5
2026-09-01 14:16:54,67.87
2026-09-01 14:16:55,67.86
2026-09-01 14:16:56,68.42
2026-09-01 14:16:57,68.06
2026-09-01 14:16:58,68.3
2026-09-01 14:16:59,68.06
2026-09-01 14:17:00,67.96
2026-09-01 14:17:01,68.23
2026-09-01 14:17:02,67.95
2026-09-01 14:17:03,67.56
2026-09-01 14:17:04,68.09
2026-09-01 14:17:05,67.91
2026-09-01 14:17:06,67.66
2026-09-01 14:17:07,68.07
2026-09-01 14:17:08,67.53
2026-09-01 14:17:09,67.34
2026-09-01 14:17:10,67.67
2026-09-01 14:17:11,68.81
2026-09-01 14:17:12,68.22
2026-09-01 14:17:13,68.11
2026-09-01 14:17:14,68.35
2026-09-01 14:17:15,68.0
2026-09-01 14:17:16,68.12
2026-09-01 14:17:17,67.74
2026-09-01 14:17:18,68.01
2026-09-01 14:17:19,68.18
2026-09-01 14:17:20,67.6
2026-09-01 14:17:21,68.5
2026-09-01 14:17:22,68.07
2026-09-01 14:17:23,67.41
2026-09-01 14:17:24,67.85
2026-09-01 14:17:25,68.07
2026-09-01 14:17:26,67.9
2026-09-01 14:17:27,67.56
2026-09-01 14:17:28,68.33
2026-09-01 14:17:29,67.72
2026-09-01 14:17:30,68.16
2026-09-01 14:17:31,67.61
2026-09-01 14:17:32,67.3
2026-09-01 14:17:33,68.36
2026-09-01 14:17:34,68.05
2026-09-01 14:17:35,67.73
2026-09-01 14:17:36,68.23
2026-09-01 14:17:37,68.44
2026-09-01 14:17:38,67.96
2026-09-01 14:17:39,67.55
2026-09-01 14:17:40,67.91
2026-09-01 14:17:41,68.41
2026-09-01 14:17:42,68.12
2026-09-01 14:17:43,67.53
2026-09-01 14:17:44,68.17
2026-09-01 14:17:45,68.33
2026-09-01 14:17:46,67.77
2026-09-01 14:17:47,68.12
2026-09-01 14:17:48,67.89
2026-09-01 14:17:49,68.02
2026-09-01 14:17:50,68.21
2026-09-01 14:17:51,68.31
2026-09-01 14:17:52,67.5
2026-09-01 14:17:53,68.06
2026-09-01 14:17:54,68.58
2026-09-01 14:17:55,67.88
2026-09-01 14:17:56,68.34
2026-09-01 14:17:57,68.43
2026-09-01 14:17:58,67.85
2026-09-01 14:17:59,68.13
2026-09-01 14:18:00,67.98
2026-09-01 14:18:01,67.75
2026-09-01 14:18:02,68.21
2026-09-01 14:18:03,67.94
2026-09-01 14:18:04,67.72
2026-09-01 14:18:05,68.28
2026-09-01 14:18:06,68.04
2026-09-01 14:18:07,68.19
2026-09-01 14:18:08,67.85
2026-09-01 14:18:09,68.21
2026-09-01 14:18:10,68.14
2026-09-01 14:18:11,67.86
2026-09-01 14:18:12,67.82
2026-09-01 14:18:13,68.42
2026-09-01 14:18:14,68.13
2026-09-01 14:18:15,68.33
2026-09-01 14:18:16,67.87
2026-09-01 14:18:17,67.85
2026-09-01 14:18:18,67.87
2026-09-01 14:18:19,67.48
2026-09-01 14:18:20,67.51
2026-09-01 14:18:21,68.04
2026-09-01 14:18:22,67.99
2026-09-01 14:18:23,68.12
2026-09-01 14:18:24,67.53
2026-09-01 14:18:25,67.89
2026-09-01 14:18:26,67.54
2026-09-01 14:18:27,67.55
2026-09-01 14:18:28,67.73
2026-09-01 14:18:29,67.92
2026-09-01 14:18:30,67.8
2026-09-01 14:18:31,67.32
2026-09-01 14:18:32,67.92
2026-09-01 14:18:33,68.16
2026-09-01 14:18:34,68.12
2026-09-01 14:18:35,67.98
2026-09-01 14:18:36,68.02
2026-09-01 14:18:37,67.89
2026-09-01 14:18:38,67.46
2026-09-01 14:18:39,67.98
2026-09-01 14:18:40,68.78
2026-09-01 14:18:41,68.2
2026-09-01 14:18:42,67.93
2026-09-01 14:18:43,67.66
2026-09-01 14:18:44,67.33
2026-09-01 14:18:45,68.14
2026-09-01 14:18:46,68.47
2026-09-01 14:18:47,67.69
2026-09-01 14:18:48,67.96
2026-09-01 14:18:49,68.43
2026-09-01 14:18:50,67.85
2026-09-01 14:18:51,68.25
2026-09-01 14:18:52,68.09
2026-09-01 14:18:53,68.17
2026-09-01 14:18:54,67.77
2026-09-01 14:18:55,68.52
2026-09-01 14:18:56,68.22
2026-09-01 14:18:57,68.93
2026-09-01 14:18:58,67.92
2026-09-01 14:18:59,68.15
2026-09-01 14:19:00,68.11
2026-09-01 14:19:01,68.14
2026-09-01 14:19:02,67.95
2026-09-01 14:19:03,68.3
2026-09-01 14:19:04,67.57
2026-09-01 14:19:05,67.81
2026-09-01 14:19:06,68.12
2026-09-01 14:19:07,68.93
2026-09-01 14:19:08,68.18
2026-09-01 14:19:09,68.31
2026-09-01 14:19:10,68.08
2026-09-01 14:19:11,67.89
2026-09-01 14:19:12,67.82
2026-09-01 14:19:13,68.15
2026-09-01 14:19:14,68.1
2026-09-01 14:19:15,67.94
2026-09-01 14:19:16,68.36
2026-09-01 14:19:17,67.92
2026-09-01 14:19:18,67.82
2026-09-01 14:19:19,68.03
2026-09-01 14:19:20,68.45
2026-09-01 14:19:21,68.29
2026-09-01 14:19:22,68.04
2026-09-01 14:19:23,68.64
2026-09-01 14:19:24,68.07
2026-09-01 14:19:25,68.17
2026-09-01 14:19:26,67.37
2026-09-01 14:19:27,67.93
2026-09-01 14:19:28,67.93
2026-09-01 14:19:29,68.23
2026-09-01 14:19:30,67.64
2026-09-01 14:19:31,68.27
2026-09-01 14:19:32,68.1
2026-09-01 14:19:33,68.23
2026-09-01 14:19:34,67.94
2026-09-01 14:19:35,67.77
2026-09-01 14:19:36,68.62
2026-09-01 14:19:37,67.73
2026-09-01 14:19:38,68.46
2026-09-01 14:19:39,67.85
2026-09-01 14:19:40,68.46
2026-09-01 14:19:41,68.08
2026-09-01 14:19:42,67.57
2026-09-01 14:19:43,68.27
2026-09-01 14:19:44,67.8
2026-09-01 14:19:45,68.08
2026-09-01 14:19:46,67.73
2026-09-01 14:19:47,67.83
2026-09-01 14:19:48,67.96
2026-09-01 14:19:49,68.4
2026-09-01 14:19:50,68.16
2026-09-01 14:19:51,67.93
2026-09-01 14:19:52,67.68
2026-09-01 14:19:53,68.06
2026-09-01 14:19:54,67.64
2026-09-01 14:19:55,68.1
2026-09-01 14:19:56,67.86
2026-09-01 14:19:57,67.83
2026-09-01 14:19:58,68.58
2026-09-01 14:19:59,68.55
2026-09-01 14:20:00,71.86
2026-09-01 14:20:01,71.91
2026-09-01 14:20:02,72.55
2026-09-01 14:20:03,71.62
2026-09-01 14:20:04,72.05
2026-09-01 14:20:05,72.2
2026-09-01 14:20:06,71.97
2026-09-01 14:20:07,71.82
2026-09-01 14:20:08,71.79
2026-09-01 14:20:09,71.81
2026-09-01 14:20:10,71.97
2026-09-01 14:20:11,71.87
2026-09-01 14:20:12,71.8
2026-09-01 14:20:13,71.94
2026-09-01 14:20:14,72.35
2026-09-01 14:20:15,72.14
2026-09-01 14:20:16,72.27
2026-09-01 14:20:17,71.97
2026-09-01 14:20:18,71.92
2026-09-01 14:20:19,71.88
2026-09-01 14:20:20,71.93
2026-09-01 14:20:21,71.86
2026-09-01 14:20:22,72.67
2026-09-01 14:20:23,71.96
2026-09-01 14:20:24,71.7
2026-09-01 14:20:25,72.22
2026-09-01 14:20:26,72.28
2026-09-01 14:20:27,71.88
2026-09-01 14:20:28,72.19
2026-09-01 14:20:29,72.49
2026-09-01 14:20:30,72.77
2026-09-01 14:20:31,71.86
2026-09-01 14:20:32,72.08
2026-09-01 14:20:33,72.53
2026-09-01 14:20:34,71.55
2026-09-01 14:20:35,71.7
2026-09-01 14:20:36,71.84
2026-09-01 14:20:37,72.28
2026-09-01 14:20:38,71.96
2026-09-01 14:20:39,72.24
2026-09-01 14:20:40,71.99
2026-09-01 14:20:41,72.18
2026-09-01 14:20:42,72.03
2026-09-01 14:20:43,72.11
2026-09-01 14:20:44,72.22
2026-09-01 14:20:45,72.77
2026-09-01 14:20:46,72.05
2026-09-01 14:20:47,72.02
2026-09-01 14:20:48,72.32
2026-09-01 14:20:49,71.99
2026-09-01 14:20:50,71.89
2026-09-01 14:20:51,72.24
2026-09-01 14:20:52,71.43
2026-09-01 14:20:53,72.18
2026-09-01 14:20:54,71.98
2026-09-01 14:20:55,72.63
2026-09-01 14:20:56,72.35
2026-09-01 14:20:57,71.71
2026-09-01 14:20:58,72.4
2026-09-01 14:20:59,71.9
2026-09-01 14:21:00,71.96
2026-09-01 14:21:01,71.82
2026-09-01 14:21:02,72.32
2026-09-01 14:21:03,71.77
2026-09-01 14:21:04,72.02
2026-09-01 14:21:05,72.46
2026-09-01 14:21:06,72.42
2026-09-01 14:21:07,72.2
2026-09-01 14:21:08,71.89
2026-09-01 14:21:09,71.33
2026-09-01 14:21:10,72.01
2026-09-01 14:21:11,72.38
2026-09-01 14:21:12,72.0
2026-09-01 14:21:13,71.99
2026-09-01 14:21:14,72.12
2026-09-01 14:21:15,72.06
2026-09-01 14:21:16,71.9
2026-09-01 14:21:17,71.83
2026-09-01 14:21:18,72.31
2026-09-01 14:21:19,71.57
2026-09-01 14:21:20,71.83
2026-09-01 14:21:21,71.87
2026-09-01 14:21:22,72.12
2026-09-01 14:21:23,72.34
2026-09-01 14:21:24,72.02
2026-09-01 14:21:25,71.71
2026-09-01 14:21:26,72.37
2026-09-01 14:21:27,71.65
2026-09-01 14:21:28,71.93
2026-09-01 14:21:29,71.53
2026-09-01 14:21:30,71.86
2026-09-01 14:21:31,71.57
2026-09-01 14:21:32,72.65
2026-09-01 14:21:33,72.24
2026-09-01 14:21:34,72.05
2026-09-01 14:21:35,72.02
2026-09-01 14:21:36,72.25
2026-09-01 14:21:37,71.95
2026-09-01 14:21:38,72.17
2026-09-01 14:21:39,72.06
2026-09-01 14:21:40,71.7
2026-09-01 14:21:41,71.83
2026-09-01 14:21:42,72.16
2026-09-01 14:21:43,72.19
2026-09-01 14:21:44,72.26
2026-09-01 14:21:45,72.15
2026-09-01 14:21:46,71.83
2026-09-01 14:21:47,71.89
2026-09-01 14:21:48,72.01
2026-09-01 14:21:49,72.02
2026-09-01 14:21:50,71.72
2026-09-01 14:21:51,72.11
2026-09-01 14:21:52,71.3
2026-09-01 14:21:53,72.27
2026-09-01 14:21:54,72.31
2026-09-01 14:21:55,72.07
2026-09-01 14:21:56,72.53
2026-09-01 14:21:57,71.67
2026-09-01 14:21:58,72.55
2026-09-01 14:21:59,71.66
2026-09-01 14:22:00,72.01
2026-09-01 14:22:01,72.36
2026-09-01 14:22:02,71.86
2026-09-01 14:22:03,71.86
2026-09-01 14:22:04,71.73
2026-09-01 14:22:05,72.06
2026-09-01 14:22:06,72.11
2026-09-01 14:22:07,71.54
2026-09-01 14:22:08,71.84
2026-09-01 14:22:09,72.32
2026-09-01 14:22:10,72.09
2026-09-01 14:22:11,71.88
2026-09-01 14:22:12,72.39
2026-09-01 14:22:13,72.41
2026-09-01 14:22:14,71.59
2026-09-01 14:22:15,71.88
2026-09-01 14:22:16,71.86
2026-09-01 14:22:17,71.8
2026-09-01 14:22:18,72.22
2026-09-01 14:22:19,71.39
2026-09-01 14:22:20,72.38
2026-09-01 14:22:21,71.83
2026-09-01 14:22:22,72.13
2026-09-01 14:22:23,72.02
2026-09-01 14:22:24,71.7
2026-09-01 14:22:25,72.63
2026-09-01 14:22:26,72.09
2026-09-01 14:22:27,71.71
2026-09-01 14:22:28,72.01
2026-09-01 14:22:29,72.02
2026-09-01 14:22:30,72.53
2026-09-01 14:22:31,71.84
2026-09-01 14:22:32,71.65
2026-09-01 14:22:33,72.08
2026-09-01 14:22:34,72.14
2026-09-01 14:22:35,72.77
2026-09-01 14:22:36,71.74
2026-09-01 14:22:37,71.87
2026-09-01 14:22:38,71.84
2026-09-01 14:22:39,71.9
2026-09-01 14:22:40,71.54
2026-09-01 14:22:41,72.05
2026-09-01 14:22:42,71.57
2026-09-01 14:22:43,72.37
2026-09-01 14:22:44,72.16
2026-09-01 14:22:45,71.68
2026-09-01 14:22:46,71.87
2026-09-01 14:22:47,72.62
2026-09-01 14:22:48,72.43
2026-09-01 14:22:49,72.88
2026-09-01 14:22:50,71.89
2026-09-01 14:22:51,72.04
2026-09-01 14:22:52,72.09
2026-09-01 14:22:53,71.99
2026-09-01 14:22:54,72.2
2026-09-01 14:22:55,72.65
2026-09-01 14:22:56,72.04
2026-09-01 14:22:57,72.13
2026-09-01 14:22:58,72.01
2026-09-01 14:22:59,71.94
2026-09-01 14:23:00,72.21
2026-09-01 14:23:01,71.68
2026-09-01 14:23:02,72.03
2026-09-01 14:23:03,71.93
2026-09-01 14:23:04,72.12
2026-09-01 14:23:05,71.98
2026-09-01 14:23:06,71.68
2026-09-01 14:23:07,71.62
2026-09-01 14:23:08,72.0
2026-09-01 14:23:09,71.86
2026-09-01 14:23:10,72.2
2026-09-01 14:23:11,71.88
2026-09-01 14:23:12,71.8
2026-09-01 14:23:13,71.72
2026-09-01 14:23:14,72.22
2026-09-01 14:23:15,71.89
2026-09-01 14:23:16,71.79
2026-09-01 14:23:17,72.24
2026-09-01 14:23:18,72.01
2026-09-01 14:23:19,71.89
2026-09-01 14:23:20,72.25
2026-09-01 14:23:21,71.72
2026-09-01 14:23:22,72.34
2026-09-01 14:23:23,72.33
2026-09-01 14:23:24,71.53
2026-09-01 14:23:25,71.89
2026-09-01 14:23:26,71.91
2026-09-01 14:23:27,71.61
2026-09-01 14:23:28,71.72
2026-09-01 14:23:29,72.18
2026-09-01 14:23:30,71.98
2026-09-01 14:23:31,71.9
2026-09-01 14:23:32,72.04
2026-09-01 14:23:33,72.25
2026-09-01 14:23:34,71.42
2026-09-01 14:23:35,72.2
2026-09-01 14:23:36,71.97
2026-09-01 14:23:37,71.85
2026-09-01 14:23:38,72.03
2026-09-01 14:23:39,71.69
2026-09-01 14:23:40,71.62
2026-09-01 14:23:41,71.66
2026-09-01 14:23:42,72.25
2026-09-01 14:23:43,72.06
2026-09-01 14:23:44,72.12
2026-09-01 14:23:45,72.09
2026-09-01 14:23:46,72.07
2026-09-01 14:23:47,72.16
2026-09-01 14:23:48,72.5
2026-09-01 14:23:49,72.25
2026-09-01 14:23:50,72.38
2026-09-01 14:23:51,72.13
2026-09-01 14:23:52,72.14
2026-09-01 14:23:53,72.02
2026-09-01 14:23:54,72.07
2026-09-01 14:23:55,72.39
2026-09-01 14:23:56,72.24
2026-09-01 14:23:57,72.89
2026-09-01 14:23:58,72.5
2026-09-01 14:23:59,71.54
2026-09-01 14:24:00,72.17
2026-09-01 14:24:01,72.08
2026-09-01 14:24:02,71.76
2026-09-01 14:24:03,71.88
2026-09-01 14:24:04,71.62
2026-09-01 14:24:05,72.23
2026-09-01 14:24:06,72.54
2026-09-01 14:24:07,72.7
2026-09-01 14:24:08,72.29
2026-09-01 14:24:09,72.72
2026-09-01 14:24:10,72.65
2026-09-01 14:24:11,71.54
2026-09-01 14:24:12,71.83
2026-09-01 14:24:13,72.04
2026-09-01 14:24:14,72.01
2026-09-01 14:24:15,72.17
2026-09-01 14:24:16,71.91
2026-09-01 14:24:17,72.18
2026-09-01 14:24:18,72.19
2026-09-01 14:24:19,72.03
2026-09-01 14:24:20,71.78
2026-09-01 14:24:21,71.74
2026-09-01 14:24:22,72.55
2026-09-01 14:24:23,71.61
2026-09-01 14:24:24,71.94
2026-09-01 14:24:25,72.05
2026-09-01 14:24:26,71.9
2026-09-01 14:24:27,71.92
2026-09-01 14:24:28,72.13
2026-09-01 14:24:29,71.81
2026-09-01 14:24:30,72.42
2026-09-01 14:24:31,72.15
2026-09-01 14:24:32,72.51
2026-09-01 14:24:33,72.63
2026-09-01 14:24:34,72.17
2026-09-01 14:24:35,71.68
2026-09-01 14:24:36,72.41
2026-09-01 14:24:37,72.37
2026-09-01 14:24:38,72.0
2026-09-01 14:24:39,72.4
2026-09-01 14:24:40,72.17
2026-09-01 14:24:41,72.32
2026-09-01 14:24:42,72.19
2026-09-01 14:24:43,71.32
2026-09-01 14:24:44,71.95
2026-09-01 14:24:45,72.01
2026-09-01 14:24:46,71.86
2026-09-01 14:24:47,71.98
2026-09-01 14:24:48,72.02
2026-09-01 14:24:49,72.21
2026-09-01 14:24:50,72.13
2026-09-01 14:24:51,71.21
2026-09-01 14:24:52,72.2
2026-09-01 14:24:53,72.39
2026-09-01 14:24:54,72.29
2026-09-01 14:24:55,71.7
2026-09-01 14:24:56,71.77
2026-09-01 14:24:57,72.44
2026-09-01 14:24:58,72.24
2026-09-01 14:24:59,71.79
2026-09-01 14:25:00,71.98
2026-09-01 14:25:01,71.96
2026-09-01 14:25:02,71.97
2026-09-01 14:25:03,72.05
2026-09-01 14:25:04,72.4
2026-09-01 14:25:05,72.13
2026-09-01 14:25:06,72.5
2026-09-01 14:25:07,71.87
2026-09-01 14:25:08,72.25
2026-09-01 14:25:09,72.32
2026-09-01 14:25:10,71.77
2026-09-01 14:25:11,72.02
2026-09-01 14:25:12,71.98
2026-09-01 14:25:13,71.55
2026-09-01 14:25:14,72.92
2026-09-01 14:25:15,72.18
2026-09-01 14:25:16,72.14
2026-09-01 14:25:17,71.13
2026-09-01 14:25:18,71.84
2026-09-01 14:25:19,72.03
2026-09-01 14:25:20,72.05
2026-09-01 14:25:21,72.17
2026-09-01 14:25:22,72.06
2026-09-01 14:25:23,71.41
2026-09-01 14:25:24,72.23
2026-09-01 14:25:25,72.04
2026-09-01 14:25:26,72.23
2026-09-01 14:25:27,72.22
2026-09-01 14:25:28,72.24
2026-09-01 14:25:29,72.16
2026-09-01 14:25:30,71.76
2026-09-01 14:25:31,72.22
2026-09-01 14:25:32,72.13
2026-09-01 14:25:33,72.2
2026-09-01 14:25:34,72.02
2026-09-01 14:25:35,71.89
2026-09-01 14:25:36,71.48
2026-09-01 14:25:37,72.3
2026-09-01 14:25:38,72.04
2026-09-01 14:25:39,72.27
2026-09-01 14:25:40,72.13
2026-09-01 14:25:41,71.74
2026-09-01 14:25:42,72.37
2026-09-01 14:25:43,71.62
2026-09-01 14:25:44,72.21
2026-09-01 14:25:45,72.16
2026-09-01 14:25:46,71.82
2026-09-01 14:25:47,72.52
2026-09-01 14:25:48,72.35
2026-09-01 14:25:49,71.8
2026-09-01 14:25:50,72.35
2026-09-01 14:25:51,71.97
2026-09-01 14:25:52,72.16
2026-09-01 14:25:53,72.25
2026-09-01 14:25:54,72.17
2026-09-01 14:25:55,72.1
2026-09-01 14:25:56,71.92
2026-09-01 14:25:57,71.91
2026-09-01 14:25:58,72.33
2026-09-01 14:25:59,72.12
2026-09-01 14:26:00,72.41
2026-09-01 14:26:01,72.22
2026-09-01 14:26:02,72.23
2026-09-01 14:26:03,72.48
2026-09-01 14:26:04,71.63
2026-09-01 14:26:05,71.61
2026-09-01 14:26:06,72.03
2026-09-01 14:26:07,71.66
2026-09-01 14:26:08,71.73
2026-09-01 14:26:09,71.91
2026-09-01 14:26:10,72.45
2026-09-01 14:26:11,71.78
2026-09-01 14:26:12,72.01
2026-09-01 14:26:13,72.27
2026-09-01 14:26:14,71.84
2026-09-01 14:26:15,71.96
2026-09-01 14:26:16,71.87
2026-09-01 14:26:17,71.75
2026-09-01 14:26:18,71.72
2026-09-01 14:26:19,71.89
2026-09-01 14:26:20,72.52
2026-09-01 14:26:21,72.16
2026-09-01 14:26:22,71.9
2026-09-01 14:26:23,72.12
2026-09-01 14:26:24,72.49
2026-09-01 14:26:25,71.93
2026-09-01 14:26:26,71.79
2026-09-01 14:26:27,72.1
2026-09-01 14:26:28,71.96
2026-09-01 14:26:29,72.06
2026-09-01 14:26:30,72.09
2026-09-01 14:26:31,71.87
2026-09-01 14:26:32,71.92
2026-09-01 14:26:33,72.27
2026-09-01 14:26:34,72.65
2026-09-01 14:26:35,72.32
2026-09-01 14:26:36,71.86
2026-09-01 14:26:37,71.91
2026-09-01 14:26:38,71.91
2026-09-01 14:26:39,72.59
2026-09-01 14:26:40,72.22
2026-09-01 14:26:41,72.26
2026-09-01 14:26:42,71.73
2026-09-01 14:26:43,72.06
2026-09-01 14:26:44,72.75
2026-09-01 14:26:45,72.01
2026-09-01 14:26:46,72.46
2026-09-01 14:26:47,72.0
2026-09-01 14:26:48,72.05
2026-09-01 14:26:49,72.16
2026-09-01 14:26:50,72.16
2026-09-01 14:26:51,71.96
2026-09-01 14:26:52,71.93
2026-09-01 14:26:53,72.33
2026-09-01 14:26:54,72.0
2026-09-01 14:26:55,72.14
2026-09-01 14:26:56,72.75
2026-09-01 14:26:57,72.51
2026-09-01 14:26:58,71.94
2026-09-01 14:26:59,71.86
2026-09-01 14:27:00,72.41
2026-09-01 14:27:01,71.89
2026-09-01 14:27:02,71.86
2026-09-01 14:27:03,71.9
2026-09-01 14:27:04,71.48
2026-09-01 14:27:05,72.38
2026-09-01 14:27:06,72.39
2026-09-01 14:27:07,72.16
2026-09-01 14:27:08,72.11
2026-09-01 14:27:09,71.9
2026-09-01 14:27:10,71.71
2026-09-01 14:27:11,72.24
2026-09-01 14:27:12,71.96
2026-09-01 14:27:13,72.59
2026-09-01 14:27:14,72.01
2026-09-01 14:27:15,71.87
2026-09-01 14:27:16,72.45
2026-09-01 14:27:17,71.73
2026-09-01 14:27:18,72.04
2026-09-01 14:27:19,72.25
2026-09-01 14:27:20,72.11
2026-09-01 14:27:21,71.6
2026-09-01 14:27:22,71.82
2026-09-01 14:27:23,72.22
2026-09-01 14:27:24,72.08
2026-09-01 14:27:25,71.57
2026-09-01 14:27:26,71.77
2026-09-01 14:27:27,72.3
2026-09-01 14:27:28,71.43
2026-09-01 14:27:29,71.97
2026-09-01 14:27:30,71.99
2026-09-01 14:27:31,72.43
2026-09-01 14:27:32,71.7
2026-09-01 14:27:33,72.85
2026-09-01 14:27:34,72.64
2026-09-01 14:27:35,72.28
2026-09-01 14:27:36,72.08
2026-09-01 14:27:37,72.21
2026-09-01 14:27:38,72.61
2026-09-01 14:27:39,72.22
2026-09-01 14:27:40,72.55
2026-09-01 14:27:41,72.25
2026-09-01 14:27:42,71.92
2026-09-01 14:27:43,72.58
2026-09-01 14:27:44,71.89
2026-09-01 14:27:45,71.66
2026-09-01 14:27:46,72.13
2026-09-01 14:27:47,71.45
2026-09-01 14:27:48,71.75
2026-09-01 14:27:49,72.11
2026-09-01 14:27:50,72.24
2026-09-01 14:27:51,72.19
2026-09-01 14:27:52,72.55
2026-09-01 14:27:53,71.94
2026-09-01 14:27:54,71.89
2026-09-01 14:27:55,72.44
2026-09-01 14:27:56,72.65
2026-09-01 14:27:57,72.18
2026-09-01 14:27:58,71.71
2026-09-01 14:27:59,71.92
2026-09-01 14:28:00,72.31
2026-09-01 14:28:01,71.69
2026-09-01 14:28:02,71.55
2026-09-01 14:28:03,71.4
2026-09-01 14:28:04,72.1
2026-09-01 14:28:05,72.26
2026-09-01 14:28:06,72.14
2026-09-01 14:28:07,72.27
2026-09-01 14:28:08,72.59
2026-09-01 14:28:09,72.23
2026-09-01 14:28:10,71.5
2026-09-01 14:28:11,71.76
2026-09-01 14:28:12,71.93
2026-09-01 14:28:13,71.74
2026-09-01 14:28:14,72.33
2026-09-01 14:28:15,71.61
2026-09-01 14:28:16,71.98
2026-09-01 14:28:17,71.9
2026-09-01 14:28:18,72.11
2026-09-01 14:28:19,71.81
2026-09-01 14:28:20,72.57
2026-09-01 14:28:21,71.66
2026-09-01 14:28:22,71.83
2026-09-01 14:28:23,71.99
2026-09-01 14:28:24,71.51
2026-09-01 14:28:25,72.25
2026-09-01 14:28:26,71.69
2026-09-01 14:28:27,72.23
2026-09-01 14:28:28,71.73
2026-09-01 14:28:29,71.37
2026-09-01 14:28:30,72.12
2026-09-01 14:28:31,72.2
2026-09-01 14:28:32,71.88
2026-09-01 14:28:33,72.36
2026-09-01 14:28:34,72.54
2026-09-01 14:28:35,71.7
2026-09-01 14:28:36,71.79
2026-09-01 14:28:37,71.86
2026-09-01 14:28:38,71.66
2026-09-01 14:28:39,72.45
2026-09-01 14:28:40,72.17
2026-09-01 14:28:41,71.21
2026-09-01 14:28:42,71.98
2026-09-01 14:28:43,71.57
2026-09-01 14:28:44,72.02
2026-09-01 14:28:45,71.52
2026-09-01 14:28:46,72.27
2026-09-01 14:28:47,72.21
2026-09-01 14:28:48,71.7
2026-09-01 14:28:49,71.4
2026-09-01 14:28:50,72.07
2026-09-01 14:28:51,72.79
2026-09-01 14:28:52,72.23
2026-09-01 14:28:53,71.59
2026-09-01 14:28:54,72.79
2026-09-01 14:28:55,72.41
2026-09-01 14:28:56,72.22
2026-09-01 14:28:57,72.08
2026-09-01 14:28:58,71.53
2026-09-01 14:28:59,72.36
2026-09-01 14:29:00,72.79
2026-09-01 14:29:01,71.93
2026-09-01 14:29:02,72.07
2026-09-01 14:29:03,72.06
2026-09-01 14:29:04,72.01
2026-09-01 14:29:05,72.66
2026-09-01 14:29:06,72.16
2026-09-01 14:29:07,72.21
2026-09-01 14:29:08,71.76
2026-09-01 14:29:09,72.04
2026-09-01 14:29:10,71.43
2026-09-01 14:29:11,71.84
2026-09-01 14:29:12,72.21
2026-09-01 14:29:13,72.0
2026-09-01 14:29:14,72.37
2026-09-01 14:29:15,72.65
2026-09-01 14:29:16,71.85
2026-09-01 14:29:17,71.84
2026-09-01 14:29:18,71.59
2026-09-01 14:29:19,72.58
2026-09-01 14:29:20,71.7
2026-09-01 14:29:21,72.03
2026-09-01 14:29:22,71.81
2026-09-01 14:29:23,71.67
2026-09-01 14:29:24,72.48
2026-09-01 14:29:25,71.78
2026-09-01 14:29:26,71.98
2026-09-01 14:29:27,72.34
2026-09-01 14:29:28,71.57
2026-09-01 14:29:29,72.13
2026-09-01 14:29:30,71.0
2026-09-01 14:29:31,71.92
2026-09-01 14:29:32,72.24
2026-09-01 14:29:33,72.14
2026-09-01 14:29:34,72.61
2026-09-01 14:29:35,72.33
2026-09-01 14:29:36,72.07
2026-09-01 14:29:37,71.73
2026-09-01 14:29:38,71.26
2026-09-01 14:29:39,71.81
2026-09-01 14:29:40,72.49
2026-09-01 14:29:41,72.02
2026-09-01 14:29:42,72.16
2026-09-01 14:29:43,71.38
2026-09-01 14:29:44,72.0
2026-09-01 14:29:45,71.61
2026-09-01 14:29:46,72.33
2026-09-01 14:29:47,72.02
2026-09-01 14:29:48,71.97
2026-09-01 14:29:49,72.27
2026-09-01 14:29:50,72.54
2026-09-01 14:29:51,72.13
2026-09-01 14:29:52,72.35
2026-09-01 14:29:53,72.14
2026-09-01 14:29:54,71.91
2026-09-01 14:29:55,71.91
2026-09-01 14:29:56,71.91
2026-09-01 14:29:57,72.0
2026-09-01 14:29:58,72.03
2026-09-01 14:29:59,71.8
2026-09-01 14:30:00,72.32
2026-09-01 14:30:01,72.38
2026-09-01 14:30:02,71.91
2026-09-01 14:30:03,71.67
2026-09-01 14:30:04,72.21
2026-09-01 14:30:05,72.73
2026-09-01 14:30:06,72.62
2026-09-01 14:30:07,71.69
2026-09-01 14:30:08,72.42
2026-09-01 14:30:09,72.24
2026-09-01 14:30:10,72.18
2026-09-01 14:30:11,71.65
2026-09-01 14:30:12,71.64
2026-09-01 14:30:13,72.21
2026-09-01 14:30:14,72.33
2026-09-01 14:30:15,72.48
2026-09-01 14:30:16,71.64
2026-09-01 14:30:17,72.32
2026-09-01 14:30:18,72.24
2026-09-01 14:30:19,71.81
2026-09-01 14:30:20,72.75
2026-09-01 14:30:21,72.11
2026-09-01 14:30:22,72.38
2026-09-01 14:30:23,71.49
2026-09-01 14:30:24,72.48
2026-09-01 14:30:25,72.19
2026-09-01 14:30:26,72.49
2026-09-01 14:30:27,72.26
2026-09-01 14:30:28,71.56
2026-09-01 14:30:29,71.68
2026-09-01 14:30:30,71.87
2026-09-01 14:30:31,71.81
2026-09-01 14:30:32,71.88
2026-09-01 14:30:33,72.19
2026-09-01 14:30:34,71.95
2026-09-01 14:30:35,72.1
2026-09-01 14:30:36,71.87
2026-09-01 14:30:37,71.83
2026-09-01 14:30:38,72.44
2026-09-01 14:30:39,71.92
2026-09-01 14:30:40,72.47
2026-09-01 14:30:41,71.97
2026-09-01 14:30:42,72.3
2026-09-01 14:30:43,72.06
2026-09-01 14:30:44,72.0
2026-09-01 14:30:45,71.77
2026-09-01 14:30:46,71.87
2026-09-01 14:30:47,71.98
2026-09-01 14:30:48,71.85
2026-09-01 14:30:49,71.66
2026-09-01 14:30:50,72.02
2026-09-01 14:30:51,71.75
2026-09-01 14:30:52,72.11
2026-09-01 14:30:53,71.7
2026-09-01 14:30:54,71.65
2026-09-01 14:30:55,71.97
2026-09-01 14:30:56,71.59
2026-09-01 14:30:57,72.34
2026-09-01 14:30:58,72.15
2026-09-01 14:30:59,72.11
2026-09-01 14:31:00,72.06
2026-09-01 14:31:01,72.41
2026-09-01 14:31:02,72.15
2026-09-01 14:31:03,72.23
2026-09-01 14:31:04,72.22
2026-09-01 14:31:05,72.41
2026-09-01 14:31:06,71.76
2026-09-01 14:31:07,71.87
2026-09-01 14:31:08,72.36
2026-09-01 14:31:09,72.09
2026-09-01 14:31:10,72.02
2026-09-01 14:31:11,71.82
2026-09-01 14:31:12,72.11
2026-09-01 14:31:13,72.31
2026-09-01 14:31:14,72.07
2026-09-01 14:31:15,72.29
2026-09-01 14:31:16,71.42
2026-09-01 14:31:17,72.12
2026-09-01 14:31:18,72.07
2026-09-01 14:31:19,72.24
2026-09-01 14:31:20,72.2
2026-09-01 14:31:21,72.34
2026-09-01 14:31:22,71.95
2026-09-01 14:31:23,72.3
2026-09-01 14:31:24,71.61
2026-09-01 14:31:25,71.96
2026-09-01 14:31:26,71.83
2026-09-01 14:31:27,71.36
2026-09-01 14:31:28,72.02
2026-09-01 14:31:29,72.1
2026-09-01 14:31:30,72.3
2026-09-01 14:31:31,72.02
2026-09-01 14:31:32,71.94
2026-09-01 14:31:33,72.15
2026-09-01 14:31:34,72.26
2026-09-01 14:31:35,71.84
2026-09-01 14:31:36,71.65
2026-09-01 14:31:37,72.14
2026-09-01 14:31:38,72.7
2026-09-01 14:31:39,72.19
2026-09-01 14:31:40,72.01
2026-09-01 14:31:41,72.33
2026-09-01 14:31:42,72.57
2026-09-01 14:31:43,72.38
2026-09-01 14:31:44,71.66
2026-09-01 14:31:45,72.24
2026-09-01 14:31:46,71.99
2026-09-01 14:31:47,72.25
2026-09-01 14:31:48,72.45
2026-09-01 14:31:49,71.63
2026-09-01 14:31:50,71.7
2026-09-01 14:31:51,72.33
2026-09-01 14:31:52,72.0
2026-09-01 14:31:53,71.77
2026-09-01 14:31:54,72.04
2026-09-01 14:31:55,72.13
2026-09-01 14:31:56,72.31
2026-09-01 14:31:57,72.69
2026-09-01 14:31:58,72.16
2026-09-01 14:31:59,72.05
2026-09-01 14:32:00,72.36
2026-09-01 14:32:01,72.16
2026-09-01 14:32:02,72.39
2026-09-01 14:32:03,72.38
2026-09-01 14:32:04,72.02
2026-09-01 14:32:05,71.52
2026-09-01 14:32:06,72.12
2026-09-01 14:32:07,72.25
2026-09-01 14:32:08,72.48
2026-09-01 14:32:09,72.34
2026-09-01 14:32:10,72.41
2026-09-01 14:32:11,71.77
2026-09-01 14:32:12,72.06
2026-09-01 14:32:13,72.52
2026-09-01 14:32:14,71.61
2026-09-01 14:32:15,72.35
2026-09-01 14:32:16,72.08
2026-09-01 14:32:17,72.08
2026-09-01 14:32:18,72.16
2026-09-01 14:32:19,71.94
2026-09-01 14:32:20,72.54
2026-09-01 14:32:21,72.07
2026-09-01 14:32:22,72.62
2026-09-01 14:32:23,72.13
2026-09-01 14:32:24,71.08
2026-09-01 14:32:25,72.58
2026-09-01 14:32:26,72.0
2026-09-01 14:32:27,71.78
2026-09-01 14:32:28,72.27
2026-09-01 14:32:29,71.77
2026-09-01 14:32:30,71.94
2026-09-01 14:32:31,71.76
2026-09-01 14:32:32,72.19
2026-09-01 14:32:33,72.0
2026-09-01 14:32:34,72.32
2026-09-01 14:32:35,71.69
2026-09-01 14:32:36,71.78
2026-09-01 14:32:37,72.15
2026-09-01 14:32:38,71.85
2026-09-01 14:32:39,71.97
2026-09-01 14:32:40,71.88
2026-09-01 14:32:41,72.25
2026-09-01 14:32:42,72.14
2026-09-01 14:32:43,72.17
2026-09-01 14:32:44,71.82
2026-09-01 14:32:45,71.97
2026-09-01 14:32:46,72.03
2026-09-01 14:32:47,72.51
2026-09-01 14:32:48,72.53
2026-09-01 14:32:49,72.08
2026-09-01 14:32:50,71.88
2026-09-01 14:32:51,71.78
2026-09-01 14:32:52,72.05
2026-09-01 14:32:53,71.43
2026-09-01 14:32:54,72.29
2026-09-01 14:32:55,71.62
2026-09-01 14:32:56,71.63
2026-09-01 14:32:57,72.77
2026-09-01 14:32:58,71.98
2026-09-01 14:32:59,72.02
2026-09-01 14:33:00,71.77
2026-09-01 14:33:01,71.5
2026-09-01 14:33:02,71.59
2026-09-01 14:33:03,71.67
2026-09-01 14:33:04,72.47
2026-09-01 14:33:05,72.34
2026-09-01 14:33:06,71.77
2026-09-01 14:33:07,72.04
2026-09-01 14:33:08,72.45
2026-09-01 14:33:09,71.9
2026-09-01 14:33:10,72.36
2026-09-01 14:33:11,72.09
2026-09-01 14:33:12,72.33
2026-09-01 14:33:13,72.26
2026-09-01 14:33:14,71.82
2026-09-01 14:33:15,72.1
2026-09-01 14:33:16,71.46
2026-09-01 14:33:17,72.33
2026-09-01 14:33:18,72.43
2026-09-01 14:33:19,71.97
2026-09-01 14:33:20,71.9
2026-09-01 14:33:21,71.79
2026-09-01 14:33:22,71.84
2026-09-01 14:33:23,71.76
2026-09-01 14:33:24,72.28
2026-09-01 14:33:25,72.16
2026-09-01 14:33:26,72.01
2026-09-01 14:33:27,72.0
2026-09-01 14:33:28,71.41
2026-09-01 14:33:29,72.29
2026-09-01 14:33:30,71.62
2026-09-01 14:33:31,71.21
2026-09-01 14:33:32,72.33
2026-09-01 14:33:33,71.96
2026-09-01 14:33:34,71.83
2026-09-01 14:33:35,71.87
2026-09-01 14:33:36,71.99
2026-09-01 14:33:37,71.79
2026-09-01 14:33:38,72.59
2026-09-01 14:33:39,71.47
2026-09-01 14:33:40,71.85
2026-09-01 14:33:41,71.78
2026-09-01 14:33:42,72.18
2026-09-01 14:33:43,72.21
2026-09-01 14:33:44,72.29
2026-09-01 14:33:45,71.97
2026-09-01 14:33:46,72.48
2026-09-01 14:33:47,71.56
2026-09-01 14:33:48,71.81
2026-09-01 14:33:49,71.93
2026-09-01 14:33:50,72.65
2026-09-01 14:33:51,71.96
2026-09-01 14:33:52,71.96
2026-09-01 14:33:53,72.47
2026-09-01 14:33:54,72.25
2026-09-01 14:33:55,71.86
2026-09-01 14:33:56,71.82
2026-09-01 14:33:57,71.93
2026-09-01 14:33:58,72.03
2026-09-01 14:33:59,72.08
2026-09-01 14:34:00,71.7
2026-09-01 14:34:01,71.63
2026-09-01 14:34:02,72.42
2026-09-01 14:34:03,72.38
2026-09-01 14:34:04,72.07
2026-09-01 14:34:05,72.24
2026-09-01 14:34:06,72.28
2026-09-01 14:34:07,72.52
2026-09-01 14:34:08,71.99
2026-09-01 14:34:09,72.21
2026-09-01 14:34:10,72.01
2026-09-01 14:34:11,71.6
2026-09-01 14:34:12,71.85
2026-09-01 14:34:13,72.06
2026-09-01 14:34:14,72.12
2026-09-01 14:34:15,72.65
2026-09-01 14:34:16,71.92
2026-09-01 14:34:17,71.96
2026-09-01 14:34:18,72.11
2026-09-01 14:34:19,72.08
2026-09-01 14:34:20,71.63
2026-09-01 14:34:21,71.76
2026-09-01 14:34:22,72.44
2026-09-01 14:34:23,71.65
2026-09-01 14:34:24,72.11
2026-09-01 14:34:25,72.09
2026-09-01 14:34:26,71.85
2026-09-01 14:34:27,71.94
2026-09-01 14:34:28,71.65
2026-09-01 14:34:29,72.01
2026-09-01 14:34:30,72.07
2026-09-01 14:34:31,72.38
2026-09-01 14:34:32,71.86
2026-09-01 14:34:33,72.27
2026-09-01 14:34:34,71.91
2026-09-01 14:34:35,71.9
2026-09-01 14:34:36,71.59
2026-09-01 14:34:37,72.54
2026-09-01 14:34:38,71.87
2026-09-01 14:34:39,71.8
2026-09-01 14:34:40,72.03
2026-09-01 14:34:41,72.07
2026-09-01 14:34:42,72.29
2026-09-01 14:34:43,72.46
2026-09-01 14:34:44,71.41
2026-09-01 14:34:45,72.31
2026-09-01 14:34:46,72.03
2026-09-01 14:34:47,72.47
2026-09-01 14:34:48,71.97
2026-09-01 14:34:49,72.6
2026-09-01 14:34:50,72.36
2026-09-01 14:34:51,72.37
2026-09-01 14:34:52,71.97
2026-09-01 14:34:53,72.06
2026-09-01 14:34:54,72.0
2026-09-01 14:34:55,72.11
2026-09-01 14:34:56,71.92
2026-09-01 14:34:57,71.5
2026-09-01 14:34:58,72.38
2026-09-01 14:34:59,71.97
2026-09-01 14:35:00,72.26
2026-09-01 14:35:01,72.01
2026-09-01 14:35:02,72.11
2026-09-01 14:35:03,71.82
2026-09-01 14:35:04,72.06
2026-09-01 14:35:05,71.87
2026-09-01 14:35:06,72.23
2026-09-01 14:35:07,72.19
2026-09-01 14:35:08,72.83
2026-09-01 14:35:09,72.15
2026-09-01 14:35:10,72.39
2026-09-01 14:35:11,72.37
2026-09-01 14:35:12,71.71
2026-09-01 14:35:13,71.76
2026-09-01 14:35:14,71.61
2026-09-01 14:35:15,71.96
2026-09-01 14:35:16,72.05
2026-09-01 14:35:17,72.33
2026-09-01 14:35:18,71.94
2026-09-01 14:35:19,72.05
2026-09-01 14:35:20,71.53
2026-09-01 14:35:21,71.9
2026-09-01 14:35:22,71.87
2026-09-01 14:35:23,72.38
2026-09-01 14:35:24,71.97
2026-09-01 14:35:25,72.02
2026-09-01 14:35:26,72.47
2026-09-01 14:35:27,71.77
2026-09-01 14:35:28,71.78
2026-09-01 14:35:29,72.01
2026-09-01 14:35:30,72.35
2026-09-01 14:35:31,71.81
2026-09-01 14:35:32,72.44
2026-09-01 14:35:33,72.3
2026-09-01 14:35:34,72.53
2026-09-01 14:35:35,71.8
2026-09-01 14:35:36,71.46
2026-09-01 14:35:37,72.04
2026-09-01 14:35:38,72.05
2026-09-01 14:35:39,72.42
2026-09-01 14:35:40,71.94
2026-09-01 14:35:41,72.46
2026-09-01 14:35:42,71.94
2026-09-01 14:35:43,72.26
2026-09-01 14:35:44,72.16
2026-09-01 14:35:45,71.36
2026-09-01 14:35:46,72.21
2026-09-01 14:35:47,72.09
2026-09-01 14:35:48,71.73
2026-09-01 14:35:49,72.01
2026-09-01 14:35:50,72.61
2026-09-01 14:35:51,72.01
2026-09-01 14:35:52,71.86
2026-09-01 14:35:53,72.11
2026-09-01 14:35:54,72.77
2026-09-01 14:35:55,71.69
2026-09-01 14:35:56,71.81
2026-09-01 14:35:57,71.52
2026-09-01 14:35:58,71.74
2026-09-01 14:35:59,71.7
2026-09-01 14:36:00,72.03
2026-09-01 14:36:01,72.16
2026-09-01 14:36:02,72.07
2026-09-01 14:36:03,71.83
2026-09-01 14:36:04,71.73
2026-09-01 14:36:05,72.16
2026-09-01 14:36:06,72.42
2026-09-01 14:36:07,72.11
2026-09-01 14:36:08,71.81
2026-09-01 14:36:09,72.59
2026-09-01 14:36:10,72.68
2026-09-01 14:36:11,71.91
2026-09-01 14:36:12,72.4
2026-09-01 14:36:13,72.28
2026-09-01 14:36:14,72.07
2026-09-01 14:36:15,72.35
2026-09-01 14:36:16,72.1
2026-09-01 14:36:17,71.57
2026-09-01 14:36:18,71.31
2026-09-01 14:36:19,71.92
2026-09-01 14:36:20,71.83
2026-09-01 14:36:21,71.94
2026-09-01 14:36:22,72.43
2026-09-01 14:36:23,72.6
2026-09-01 14:36:24,72.28
2026-09-01 14:36:25,72.54
2026-09-01 14:36:26,72.35
2026-09-01 14:36:27,71.85
2026-09-01 14:36:28,71.62
2026-09-01 14:36:29,71.9
2026-09-01 14:36:30,71.98
2026-09-01 14:36:31,72.09
2026-09-01 14:36:32,71.95
2026-09-01 14:36:33,72.62
2026-09-01 14:36:34,71.93
2026-09-01 14:36:35,71.69
2026-09-01 14:36:36,71.94
2026-09-01 14:36:37,71.9
2026-09-01 14:36:38,72.78
2026-09-01 14:36:39,71.99
2026-09-01 14:36:40,71.85
2026-09-01 14:36:41,72.01
2026-09-01 14:36:42,72.21
2026-09-01 14:36:43,72.4
2026-09-01 14:36:44,72.0
2026-09-01 14:36:45,71.7
2026-09-01 14:36:46,72.87
2026-09-01 14:36:47,72.26
2026-09-01 14:36:48,72.06
2026-09-01 14:36:49,72.32
2026-09-01 14:36:50,71.86
2026-09-01 14:36:51,71.47
2026-09-01 14:36:52,72.07
2026-09-01 14:36:53,72.24
2026-09-01 14:36:54,72.54
2026-09-01 14:36:55,71.59
2026-09-01 14:36:56,72.1
2026-09-01 14:36:57,71.75
2026-09-01 14:36:58,72.32
2026-09-01 14:36:59,71.51
2026-09-01 14:37:00,71.65
2026-09-01 14:37:01,72.12
2026-09-01 14:37:02,72.36
2026-09-01 14:37:03,72.1
2026-09-01 14:37:04,72.33
2026-09-01 14:37:05,72.09
2026-09-01 14:37:06,71.7
2026-09-01 14:37:07,72.11
2026-09-01 14:37:08,72.32
2026-09-01 14:37:09,71.56
2026-09-01 14:37:10,72.01
2026-09-01 14:37:11,72.1
2026-09-01 14:37:12,72.01
2026-09-01 14:37:13,71.62
2026-09-01 14:37:14,72.05
2026-09-01 14:37:15,71.51
2026-09-01 14:37:16,72.13
2026-09-01 14:37:17,71.64
2026-09-01 14:37:18,72.06
2026-09-01 14:37:19,72.47
2026-09-01 14:37:20,71.44
2026-09-01 14:37:21,72.2
2026-09-01 14:37:22,72.35
2026-09-01 14:37:23,72.07
2026-09-01 14:37:24,71.67
2026-09-01 14:37:25,72.48
2026-09-01 14:37:26,71.75
2026-09-01 14:37:27,71.93
2026-09-01 14:37:28,71.97
2026-09-01 14:37:29,72.12
2026-09-01 14:37:30,71.91
2026-09-01 14:37:31,71.85
2026-09-01 14:37:32,71.83
2026-09-01 14:37:33,71.96
2026-09-01 14:37:34,72.12
2026-09-01 14:37:35,72.46
2026-09-01 14:37:36,72.57
2026-09-01 14:37:37,72.41
2026-09-01 14:37:38,72.34
2026-09-01 14:37:39,72.34
2026-09-01 14:37:40,71.53
2026-09-01 14:37:41,71.82
2026-09-01 14:37:42,71.85
2026-09-01 14:37:43,71.95
2026-09-01 14:37:44,71.8
2026-09-01 14:37:45,71.75
2026-09-01 14:37:46,71.8
2026-09-01 14:37:47,71.93
2026-09-01 14:37:48,72.45
2026-09-01 14:37:49,72.22
2026-09-01 14:37:50,71.88
2026-09-01 14:37:51,72.3
2026-09-01 14:37:52,71.92
2026-09-01 14:37:53,72.03
2026-09-01 14:37:54,71.86
2026-09-01 14:37:55,72.04
2026-09-01 14:37:56,72.13
2026-09-01 14:37:57,72.17
2026-09-01 14:37:58,72.25
2026-09-01 14:37:59,72.12
2026-09-01 14:38:00,72.11
2026-09-01 14:38:01,71.87
2026-09-01 14:38:02,72.24
2026-09-01 14:38:03,71.58
2026-09-01 14:38:04,72.05
2026-09-01 14:38:05,72.02
2026-09-01 14:38:06,72.43
2026-09-01 14:38:07,71.95
2026-09-01 14:38:08,72.13
2026-09-01 14:38:09,71.83
2026-09-01 14:38:10,71.91
2026-09-01 14:38:11,72.07
2026-09-01 14:38:12,72.06
2026-09-01 14:38:13,72.1
2026-09-01 14:38:14,71.54
2026-09-01 14:38:15,71.94
2026-09-01 14:38:16,71.77
2026-09-01 14:38:17,71.78
2026-09-01 14:38:18,72.26
2026-09-01 14:38:19,71.99
2026-09-01 14:38:20,71.97
2026-09-01 14:38:21,72.35
2026-09-01 14:38:22,72.34
2026-09-01 14:38:23,71.83
2026-09-01 14:38:24,72.19
2026-09-01 14:38:25,72.35
2026-09-01 14:38:26,72.65
2026-09-01 14:38:27,71.65
2026-09-01 14:38:28,71.97
2026-09-01 14:38:29,71.98
2026-09-01 14:38:30,72.17
2026-09-01 14:38:31,72.36
2026-09-01 14:38:32,72.33
2026-09-01 14:38:33,71.48
2026-09-01 14:38:34,72.3
2026-09-01 14:38:35,72.46
2026-09-01 14:38:36,71.93
2026-09-01 14:38:37,71.92
2026-09-01 14:38:38,72.28
2026-09-01 14:38:39,72.09
2026-09-01 14:38:40,71.87
2026-09-01 14:38:41,71.79
2026-09-01 14:38:42,72.37
2026-09-01 14:38:43,71.47
2026-09-01 14:38:44,71.88
2026-09-01 14:38:45,71.57
2026-09-01 14:38:46,71.65
2026-09-01 14:38:47,71.81
2026-09-01 14:38:48,71.69
2026-09-01 14:38:49,71.72
2026-09-01 14:38:50,72.85
2026-09-01 14:38:51,71.84
2026-09-01 14:38:52,72.59
2026-09-01 14:38:53,72.49
2026-09-01 14:38:54,72.19
2026-09-01 14:38:55,71.98
2026-09-01 14:38:56,71.61
2026-09-01 14:38:57,72.31
2026-09-01 14:38:58,71.63
2026-09-01 14:38:59,71.9
2026-09-01 14:39:00,72.18
2026-09-01 14:39:01,71.73
2026-09-01 14:39:02,71.91
2026-09-01 14:39:03,71.85
2026-09-01 14:39:04,71.63
2026-09-01 14:39:05,72.14
2026-09-01 14:39:06,72.44
2026-09-01 14:39:07,71.97
2026-09-01 14:39:08,71.84
2026-09-01 14:39:09,72.15
2026-09-01 14:39:10,72.5
2026-09-01 14:39:11,72.0
2026-09-01 14:39:12,71.7
2026-09-01 14:39:13,72.29
2026-09-01 14:39:14,71.99
2026-09-01 14:39:15,72.31
2026-09-01 14:39:16,71.98
2026-09-01 14:39:17,71.72
2026-09-01 14:39:18,72.07
2026-09-01 14:39:19,72.42
2026-09-01 14:39:20,72.05
2026-09-01 14:39:21,72.43
2026-09-01 14:39:22,72.48
2026-09-01 14:39:23,72.44
2026-09-01 14:39:24,71.46
2026-09-01 14:39:25,72.61
2026-09-01 14:39:26,72.24
2026-09-01 14:39:27,72.09
2026-09-01 14:39:28,72.04
2026-09-01 14:39:29,71.58
2026-09-01 14:39:30,71.94
2026-09-01 14:39:31,71.93
2026-09-01 14:39:32,72.18
2026-09-01 14:39:33,71.86
2026-09-01 14:39:34,71.92
2026-09-01 14:39:35,72.06
2026-09-01 14:39:36,71.66
2026-09-01 14:39:37,72.1
2026-09-01 14:39:38,72.58
2026-09-01 14:39:39,71.69
2026-09-01 14:39:40,72.14
2026-09-01 14:39:41,71.34
2026-09-01 14:39:42,72.12
2026-09-01 14:39:43,72.44
2026-09-01 14:39:44,71.93
2026-09-01 14:39:45,72.2
2026-09-01 14:39:46,72.31
2026-09-01 14:39:47,71.51
2026-09-01 14:39:48,72.33
2026-09-01 14:39:49,72.04
2026-09-01 14:39:50,71.77
2026-09-01 14:39:51,71.45
2026-09-01 14:39:52,72.11
2026-09-01 14:39:53,72.42
2026-09-01 14:39:54,71.86
2026-09-01 14:39:55,71.8
2026-09-01 14:39:56,71.83
2026-09-01 14:39:57,71.86
2026-09-01 14:39:58,71.9
2026-09-01 14:39:59,72.16
2026-09-01 14:40:00,72.17
2026-09-01 14:40:01,72.41
2026-09-01 14:40:02,71.29
2026-09-01 14:40:03,72.56
2026-09-01 14:40:04,72.27
2026-09-01 14:40:05,71.86
2026-09-01 14:40:06,72.26
2026-09-01 14:40:07,72.13
2026-09-01 14:40:08,72.26
2026-09-01 14:40:09,72.27
2026-09-01 14:40:10,72.92
2026-09-01 14:40:11,72.29
2026-09-01 14:40:12,72.17
2026-09-01 14:40:13,71.75
2026-09-01 14:40:14,71.72
2026-09-01 14:40:15,72.17
2026-09-01 14:40:16,71.81
2026-09-01 14:40:17,72.11
2026-09-01 14:40:18,71.67
2026-09-01 14:40:19,71.95
2026-09-01 14:40:20,72.19
2026-09-01 14:40:21,72.13
2026-09-01 14:40:22,71.6
2026-09-01 14:40:23,71.71
2026-09-01 14:40:24,71.57
2026-09-01 14:40:25,72.04
2026-09-01 14:40:26,71.97
2026-09-01 14:40:27,72.01
2026-09-01 14:40:28,71.81
2026-09-01 14:40:29,72.07
2026-09-01 14:40:30,71.81
2026-09-01 14:40:31,72.13
2026-09-01 14:40:32,72.19
2026-09-01 14:40:33,72.08
2026-09-01 14:40:34,72.32
2026-09-01 14:40:35,71.9
2026-09-01 14:40:36,72.46
2026-09-01 14:40:37,72.16
2026-09-01 14:40:38,71.66
2026-09-01 14:40:39,72.06
2026-09-01 14:40:40,72.36
2026-09-01 14:40:41,71.5
2026-09-01 14:40:42,71.69
2026-09-01 14:40:43,72.06
2026-09-01 14:40:44,72.19
2026-09-01 14:40:45,71.92
2026-09-01 14:40:46,71.91
2026-09-01 14:40:47,71.91
2026-09-01 14:40:48,71.86
2026-09-01 14:40:49,72.47
2026-09-01 14:40:50,71.86
2026-09-01 14:40:51,71.78
2026-09-01 14:40:52,71.86
2026-09-01 14:40:53,71.99
2026-09-01 14:40:54,72.03
2026-09-01 14:40:55,72.3
2026-09-01 14:40:56,71.86
2026-09-01 14:40:57,72.18
2026-09-01 14:40:58,72.71
2026-09-01 14:40:59,71.65
2026-09-01 14:41:00,72.5
2026-09-01 14:41:01,71.86
2026-09-01 14:41:02,72.46
2026-09-01 14:41:03,72.37
2026-09-01 14:41:04,71.79
2026-09-01 14:41:05,72.37
2026-09-01 14:41:06,72.43
2026-09-01 14:41:07,72.01
2026-09-01 14:41:08,72.09
2026-09-01 14:41:09,72.19
2026-09-01 14:41:10,71.87
2026-09-01 14:41:11,71.91
2026-09-01 14:41:12,72.1
2026-09-01 14:41:13,72.54
2026-09-01 14:41:14,71.95
2026-09-01 14:41:15,72.24
2026-09-01 14:41:16,72.26
2026-09-01 14:41:17,72.15
2026-09-01 14:41:18,72.06
2026-09-01 14:41:19,72.04
2026-09-01 14:41:20,71.64
2026-09-01 14:41:21,71.72
2026-09-01 14:41:22,71.57
2026-09-01 14:41:23,72.07
2026-09-01 14:41:24,72.16
2026-09-01 14:41:25,72.2
2026-09-01 14:41:26,72.2
2026-09-01 14:41:27,72.08
2026-09-01 14:41:28,72.17
2026-09-01 14:41:29,72.04
2026-09-01 14:41:30,72.16
2026-09-01 14:41:31,72.58
2026-09-01 14:41:32,71.86
2026-09-01 14:41:33,72.08
2026-09-01 14:41:34,71.94
2026-09-01 14:41:35,72.14
2026-09-01 14:41:36,72.28
2026-09-01 14:41:37,71.95
2026-09-01 14:41:38,71.94
2026-09-01 14:41:39,71.96
2026-09-01 14:41:40,72.3
2026-09-01 14:41:41,71.43
2026-09-01 14:41:42,72.51
2026-09-01 14:41:43,72.1
2026-09-01 14:41:44,71.95
2026-09-01 14:41:45,71.79
2026-09-01 14:41:46,72.08
2026-09-01 14:41:47,71.72
2026-09-01 14:41:48,72.22
2026-09-01 14:41:49,71.98
2026-09-01 14:41:50,72.37
2026-09-01 14:41:51,72.02
2026-09-01 14:41:52,71.95
2026-09-01 14:41:53,71.8
2026-09-01 14:41:54,72.32
2026-09-01 14:41:55,71.91
2026-09-01 14:41:56,71.36
2026-09-01 14:41:57,71.7
2026-09-01 14:41:58,72.16
2026-09-01 14:41:59,72.24
2026-09-01 14:42:00,72.4
2026-09-01 14:42:01,71.8
2026-09-01 14:42:02,72.35
2026-09-01 14:42:03,72.15
2026-09-01 14:42:04,71.72
2026-09-01 14:42:05,72.55
2026-09-01 14:42:06,71.75
2026-09-01 14:42:07,71.93
2026-09-01 14:42:08,71.81
2026-09-01 14:42:09,72.16
2026-09-01 14:42:10,71.73
2026-09-01 14:42:11,72.07
2026-09-01 14:42:12,72.22
2026-09-01 14:42:13,72.22
2026-09-01 14:42:14,72.41
2026-09-01 14:42:15,72.31
2026-09-01 14:42:16,71.63
2026-09-01 14:42:17,71.79
2026-09-01 14:42:18,72.0
2026-09-01 14:42:19,72.23
2026-09-01 14:42:20,72.26
2026-09-01 14:42:21,71.96
2026-09-01 14:42:22,73.24
2026-09-01 14:42:23,71.75
2026-09-01 14:42:24,72.32
2026-09-01 14:42:25,72.34
2026-09-01 14:42:26,72.13
2026-09-01 14:42:27,72.31
2026-09-01 14:42:28,72.38
2026-09-01 14:42:29,72.0
2026-09-01 14:42:30,72.26
2026-09-01 14:42:31,72.33
2026-09-01 14:42:32,72.2
2026-09-01 14:42:33,72.02
2026-09-01 14:42:34,72.27
2026-09-01 14:42:35,72.36
2026-09-01 14:42:36,72.12
2026-09-01 14:42:37,72.31
2026-09-01 14:42:38,71.91
2026-09-01 14:42:39,71.77
2026-09-01 14:42:40,71.83
2026-09-01 14:42:41,72.39
2026-09-01 14:42:42,72.15
2026-09-01 14:42:43,71.78
2026-09-01 14:42:44,72.12
2026-09-01 14:42:45,72.34
2026-09-01 14:42:46,71.73
2026-09-01 14:42:47,71.95
2026-09-01 14:42:48,71.66
2026-09-01 14:42:49,71.84
2026-09-01 14:42:50,72.35
2026-09-01 14:42:51,71.91
2026-09-01 14:42:52,71.92
2026-09-01 14:42:53,72.37
2026-09-01 14:42:54,71.59
2026-09-01 14:42:55,71.68
2026-09-01 14:42:56,72.51
2026-09-01 14:42:57,71.55
2026-09-01 14:42:58,72.23
2026-09-01 14:42:59,71.93
2026-09-01 14:43:00,72.04
2026-09-01 14:43:01,72.37
2026-09-01 14:43:02,71.95
2026-09-01 14:43:03,71.69
2026-09-01 14:43:04,72.02
2026-09-01 14:43:05,72.36
2026-09-01 14:43:06,71.95
2026-09-01 14:43:07,71.78
2026-09-01 14:43:08,72.41
2026-09-01 14:43:09,71.68
2026-09-01 14:43:10,71.71
2026-09-01 14:43:11,72.11
2026-09-01 14:43:12,72.22
2026-09-01 14:43:13,71.87
2026-09-01 14:43:14,72.07
2026-09-01 14:43:15,72.16
2026-09-01 14:43:16,72.27
2026-09-01 14:43:17,72.01
2026-09-01 14:43:18,71.89
2026-09-01 14:43:19,72.12
2026-09-01 14:43:20,72.56
2026-09-01 14:43:21,72.27
2026-09-01 14:43:22,71.87
2026-09-01 14:43:23,72.29
2026-09-01 14:43:24,71.65
2026-09-01 14:43:25,71.98
2026-09-01 14:43:26,72.62
2026-09-01 14:43:27,72.38
2026-09-01 14:43:28,71.86
2026-09-01 14:43:29,72.13
2026-09-01 14:43:30,71.9
2026-09-01 14:43:31,72.43
2026-09-01 14:43:32,72.31
2026-09-01 14:43:33,72.05
2026-09-01 14:43:34,71.99
2026-09-01 14:43:35,72.46
2026-09-01 14:43:36,71.82
2026-09-01 14:43:37,71.61
2026-09-01 14:43:38,71.84
2026-09-01 14:43:39,71.96
2026-09-01 14:43:40,71.78
2026-09-01 14:43:41,71.89
2026-09-01 14:43:42,72.12
2026-09-01 14:43:43,72.19
2026-09-01 14:43:44,72.57
2026-09-01 14:43:45,72.84
2026-09-01 14:43:46,71.69
2026-09-01 14:43:47,71.97
2026-09-01 14:43:48,71.87
2026-09-01 14:43:49,72.46
2026-09-01 14:43:50,71.75
2026-09-01 14:43:51,72.35
2026-09-01 14:43:52,72.17
2026-09-01 14:43:53,72.49
2026-09-01 14:43:54,72.12
2026-09-01 14:43:55,72.39
2026-09-01 14:43:56,71.91
2026-09-01 14:43:57,72.05
2026-09-01 14:43:58,72.32
2026-09-01 14:43:59,71.91
2026-09-01 14:44:00,72.39
2026-09-01 14:44:01,72.29
2026-09-01 14:44:02,71.82
2026-09-01 14:44:03,71.92
2026-09-01 14:44:04,72.04
2026-09-01 14:44:05,71.89
2026-09-01 14:44:06,71.95
2026-09-01 14:44:07,72.38
2026-09-01 14:44:08,71.97
2026-09-01 14:44:09,72.0
2026-09-01 14:44:10,72.55
2026-09-01 14:44:11,71.9
2026-09-01 14:44:12,72.08
2026-09-01 14:44:13,71.87
2026-09-01 14:44:14,72.63
2026-09-01 14:44:15,72.24
2026-09-01 14:44:16,72.01
2026-09-01 14:44:17,72.77
2026-09-01 14:44:18,72.02
2026-09-01 14:44:19,72.01
2026-09-01 14:44:20,71.52
2026-09-01 14:44:21,72.5
2026-09-01 14:44:22,71.86
2026-09-01 14:44:23,72.18
2026-09-01 14:44:24,72.04
2026-09-01 14:44:25,71.91
2026-09-01 14:44:26,71.87
2026-09-01 14:44:27,72.54
2026-09-01 14:44:28,71.93
2026-09-01 14:44:29,71.9
2026-09-01 14:44:30,71.64
2026-09-01 14:44:31,72.07
2026-09-01 14:44:32,72.36
2026-09-01 14:44:33,72.74
2026-09-01 14:44:34,71.41
2026-09-01 14:44:35,71.81
2026-09-01 14:44:36,72.1
2026-09-01 14:44:37,71.49
2026-09-01 14:44:38,72.12
2026-09-01 14:44:39,72.32
2026-09-01 14:44:40,72.58
2026-09-01 14:44:41,71.76
2026-09-01 14:44:42,72.08
2026-09-01 14:44:43,72.28
2026-09-01 14:44:44,71.67
2026-09-01 14:44:45,72.48
2026-09-01 14:44:46,72.36
2026-09-01 14:44:47,72.67
2026-09-01 14:44:48,71.48
2026-09-01 14:44:49,71.72
2026-09-01 14:44:50,71.97
2026-09-01 14:44:51,72.1
2026-09-01 14:44:52,72.15
2026-09-01 14:44:53,71.49
2026-09-01 14:44:54,72.63
2026-09-01 14:44:55,72.19
2026-09-01 14:44:56,72.59
2026-09-01 14:44:57,71.74
2026-09-01 14:44:58,71.28
2026-09-01 14:44:59,72.1
2026-09-01 14:45:00,72.63
2026-09-01 14:45:01,67.8
2026-09-01 14:45:02,68.36
2026-09-01 14:45:03,68.73
2026-09-01 14:45:04,68.23
2026-09-01 14:45:05,68.18
2026-09-01 14:45:06,68.62
2026-09-01 14:45:07,68.12
2026-09-01 14:45:08,68.08
2026-09-01 14:45:09,67.69
2026-09-01 14:45:10,67.46
2026-09-01 14:45:11,67.71
2026-09-01 14:45:12,67.84
2026-09-01 14:45:13,67.31
2026-09-01 14:45:14,68.09
2026-09-01 14:45:15,67.4
2026-09-01 14:45:16,68.19
2026-09-01 14:45:17,68.58
2026-09-01 14:45:18,67.46
2026-09-01 14:45:19,68.56
2026-09-01 14:45:20,67.89
2026-09-01 14:45:21,67.98
2026-09-01 14:45:22,67.73
2026-09-01 14:45:23,68.14
2026-09-01 14:45:24,67.99
2026-09-01 14:45:25,67.93
2026-09-01 14:45:26,68.46
2026-09-01 14:45:27,67.45
2026-09-01 14:45:28,68.21
2026-09-01 14:45:29,67.86
2026-09-01 14:45:30,67.91
2026-09-01 14:45:31,68.05
2026-09-01 14:45:32,68.11
2026-09-01 14:45:33,67.67
2026-09-01 14:45:34,68.22
2026-09-01 14:45:35,67.94
2026-09-01 14:45:36,68.02
2026-09-01 14:45:37,68.41
2026-09-01 14:45:38,68.23
2026-09-01 14:45:39,67.98
2026-09-01 14:45:40,67.89
2026-09-01 14:45:41,67.81
2026-09-01 14:45:42,68.11
2026-09-01 14:45:43,68.62
2026-09-01 14:45:44,68.09
2026-09-01 14:45:45,68.32
2026-09-01 14:45:46,68.2
2026-09-01 14:45:47,68.06
2026-09-01 14:45:48,68.02
2026-09-01 14:45:49,68.19
2026-09-01 14:45:50,67.71
2026-09-01 14:45:51,68.18
2026-09-01 14:45:52,68.81
2026-09-01 14:45:53,68.77
2026-09-01 14:45:54,67.96
2026-09-01 14:45:55,68.28
2026-09-01 14:45:56,67.7
2026-09-01 14:45:57,68.02
2026-09-01 14:45:58,67.39
2026-09-01 14:45:59,67.79
2026-09-01 14:46:00,67.61
2026-09-01 14:46:01,67.51
2026-09-01 14:46:02,68.13
2026-09-01 14:46:03,67.97
2026-09-01 14:46:04,67.57
2026-09-01 14:46:05,68.4
2026-09-01 14:46:06,68.33
2026-09-01 14:46:07,68.23
2026-09-01 14:46:08,68.09
2026-09-01 14:46:09,68.7
2026-09-01 14:46:10,68.23
2026-09-01 14:46:11,68.16
2026-09-01 14:46:12,68.46
2026-09-01 14:46:13,68.42
2026-09-01 14:46:14,68.32
2026-09-01 14:46:15,68.3
2026-09-01 14:46:16,68.01
2026-09-01 14:46:17,68.06
2026-09-01 14:46:18,67.72
2026-09-01 14:46:19,68.4
2026-09-01 14:46:20,68.02
2026-09-01 14:46:21,67.55
2026-09-01 14:46:22,67.73
2026-09-01 14:46:23,67.79
2026-09-01 14:46:24,68.14
2026-09-01 14:46:25,68.43
2026-09-01 14:46:26,67.96
2026-09-01 14:46:27,67.49
2026-09-01 14:46:28,68.24
2026-09-01 14:46:29,68.25
2026-09-01 14:46:30,68.15
2026-09-01 14:46:31,68.45
2026-09-01 14:46:32,67.74
2026-09-01 14:46:33,68.39
2026-09-01 14:46:34,68.24
2026-09-01 14:46:35,68.0
2026-09-01 14:46:36,67.63
2026-09-01 14:46:37,68.16
2026-09-01 14:46:38,68.32
2026-09-01 14:46:39,67.43
2026-09-01 14:46:40,67.89
2026-09-01 14:46:41,67.92
2026-09-01 14:46:42,68.61
2026-09-01 14:46:43,67.96
2026-09-01 14:46:44,68.14
2026-09-01 14:46:45,67.91
2026-09-01 14:46:46,67.64
2026-09-01 14:46:47,67.37
2026-09-01 14:46:48,68.05
2026-09-01 14:46:49,68.12
2026-09-01 14:46:50,67.98
2026-09-01 14:46:51,68.38
2026-09-01 14:46:52,68.66
2026-09-01 14:46:53,67.98
2026-09-01 14:46:54,67.97
2026-09-01 14:46:55,68.42
2026-09-01 14:46:56,67.91
2026-09-01 14:46:57,67.65
2026-09-01 14:46:58,68.46
2026-09-01 14:46:59,68.13
2026-09-01 14:47:00,67.98
2026-09-01 14:47:01,68.2
2026-09-01 14:47:02,67.76
2026-09-01 14:47:03,68.12
2026-09-01 14:47:04,67.79
2026-09-01 14:47:05,67.9
2026-09-01 14:47:06,67.95
2026-09-01 14:47:07,67.54
2026-09-01 14:47:08,67.6
2026-09-01 14:47:09,67.17
2026-09-01 14:47:10,67.81
2026-09-01 14:47:11,68.35
2026-09-01 14:47:12,68.25
2026-09-01 14:47:13,68.22
2026-09-01 14:47:14,68.01
2026-09-01 14:47:15,67.91
2026-09-01 14:47:16,67.67
2026-09-01 14:47:17,68.63
2026-09-01 14:47:18,67.8
2026-09-01 14:47:19,68.31
2026-09-01 14:47:20,68.06
2026-09-01 14:47:21,68.05
2026-09-01 14:47:22,67.75
2026-09-01 14:47:23,67.88
2026-09-01 14:47:24,68.39
2026-09-01 14:47:25,67.68
2026-09-01 14:47:26,67.87
2026-09-01 14:47:27,67.9
2026-09-01 14:47:28,67.75
2026-09-01 14:47:29,67.91
2026-09-01 14:47:30,67.81
2026-09-01 14:47:31,68.45
2026-09-01 14:47:32,68.39
2026-09-01 14:47:33,67.94
2026-09-01 14:47:34,68.19
2026-09-01 14:47:35,68.14
2026-09-01 14:47:36,67.62
2026-09-01 14:47:37,67.87
2026-09-01 14:47:38,68.12
2026-09-01 14:47:39,68.06
2026-09-01 14:47:40,68.01
2026-09-01 14:47:41,67.28
2026-09-01 14:47:42,67.93
2026-09-01 14:47:43,68.12
2026-09-01 14:47:44,67.67
2026-09-01 14:47:45,68.22
2026-09-01 14:47:46,68.2
2026-09-01 14:47:47,68.36
2026-09-01 14:47:48,68.13
2026-09-01 14:47:49,68.08
2026-09-01 14:47:50,67.8
2026-09-01 14:47:51,68.13
2026-09-01 14:47:52,67.86
2026-09-01 14:47:53,67.81
2026-09-01 14:47:54,68.09
2026-09-01 14:47:55,68.22
2026-09-01 14:47:56,67.96
2026-09-01 14:47:57,67.66
2026-09-01 14:47:58,67.79
2026-09-01 14:47:59,67.68
2026-09-01 14:48:00,68.16
2026-09-01 14:48:01,67.68
2026-09-01 14:48:02,68.1
2026-09-01 14:48:03,67.99
2026-09-01 14:48:04,67.73
2026-09-01 14:48:05,67.83
2026-09-01 14:48:06,67.49
2026-09-01 14:48:07,67.77
2026-09-01 14:48:08,68.68
2026-09-01 14:48:09,68.35
2026-09-01 14:48:10,68.04
2026-09-01 14:48:11,68.18
2026-09-01 14:48:12,68.52
2026-09-01 14:48:13,67.71
2026-09-01 14:48:14,67.83
2026-09-01 14:48:15,68.37
2026-09-01 14:48:16,68.39
2026-09-01 14:48:17,67.97
2026-09-01 14:48:18,68.16
2026-09-01 14:48:19,67.86
2026-09-01 14:48:20,68.12
2026-09-01 14:48:21,67.95
2026-09-01 14:48:22,68.28
2026-09-01 14:48:23,67.88
2026-09-01 14:48:24,67.89
2026-09-01 14:48:25,67.67
2026-09-01 14:48:26,67.76
2026-09-01 14:48:27,67.68
2026-09-01 14:48:28,68.3
2026-09-01 14:48:29,68.01
2026-09-01 14:48:30,67.73
2026-09-01 14:48:31,68.44
2026-09-01 14:48:32,67.87
2026-09-01 14:48:33,68.13
2026-09-01 14:48:34,67.74
2026-09-01 14:48:35,67.86
2026-09-01 14:48:36,67.82
2026-09-01 14:48:37,68.43
2026-09-01 14:48:38,67.84
2026-09-01 14:48:39,67.76
2026-09-01 14:48:40,68.64
2026-09-01 14:48:41,68.01
2026-09-01 14:48:42,68.55
2026-09-01 14:48:43,68.16
2026-09-01 14:48:44,68.04
2026-09-01 14:48:45,68.22
2026-09-01 14:48:46,68.06
2026-09-01 14:48:47,68.25
2026-09-01 14:48:48,67.84
2026-09-01 14:48:49,68.23
2026-09-01 14:48:50,68.07
2026-09-01 14:48:51,67.76
2026-09-01 14:48:52,67.28
2026-09-01 14:48:53,67.69
2026-09-01 14:48:54,68.53
2026-09-01 14:48:55,68.3
2026-09-01 14:48:56,67.92
2026-09-01 14:48:57,67.71
2026-09-01 14:48:58,68.23
2026-09-01 14:48:59,68.21
2026-09-01 14:49:00,68.38
2026-09-01 14:49:01,67.78
2026-09-01 14:49:02,68.12
2026-09-01 14:49:03,68.03
2026-09-01 14:49:04,67.87
2026-09-01 14:49:05,67.81
2026-09-01 14:49:06,68.05
2026-09-01 14:49:07,68.28
2026-09-01 14:49:08,68.11
2026-09-01 14:49:09,67.64
2026-09-01 14:49:10,68.08
2026-09-01 14:49:11,67.45
2026-09-01 14:49:12,67.92
2026-09-01 14:49:13,68.13
2026-09-01 14:49:14,68.17
2026-09-01 14:49:15,67.85
2026-09-01 14:49:16,68.36
2026-09-01 14:49:17,68.06
2026-09-01 14:49:18,67.89
2026-09-01 14:49:19,68.2
2026-09-01 14:49:20,67.96
2026-09-01 14:49:21,68.0
2026-09-01 14:49:22,67.59
2026-09-01 14:49:23,68.23
2026-09-01 14:49:24,67.76
2026-09-01 14:49:25,68.57
2026-09-01 14:49:26,67.68
2026-09-01 14:49:27,67.57
2026-09-01 14:49:28,67.64
2026-09-01 14:49:29,67.77
2026-09-01 14:49:30,68.1
2026-09-01 14:49:31,68.37
2026-09-01 14:49:32,67.85
2026-09-01 14:49:33,67.85
2026-09-01 14:49:34,67.98
2026-09-01 14:49:35,68.14
2026-09-01 14:49:36,68.33
2026-09-01 14:49:37,67.98
2026-09-01 14:49:38,68.38
2026-09-01 14:49:39,67.8
2026-09-01 14:49:40,68.14
2026-09-01 14:49:41,67.58
2026-09-01 14:49:42,68.31
2026-09-01 14:49:43,67.73
2026-09-01 14:49:44,68.05
2026-09-01 14:49:45,68.02
2026-09-01 14:49:46,68.18
2026-09-01 14:49:47,68.38
2026-09-01 14:49:48,68.2
2026-09-01 14:49:49,67.97
2026-09-01 14:49:50,67.76
2026-09-01 14:49:51,68.27
2026-09-01 14:49:52,67.81
2026-09-01 14:49:53,67.88
2026-09-01 14:49:54,68.0
2026-09-01 14:49:55,68.23
2026-09-01 14:49:56,68.07
2026-09-01 14:49:57,68.13
2026-09-01 14:49:58,68.09
2026-09-01 14:49:59,67.83
2026-09-01 14:50:00,67.52
2026-09-01 14:50:01,68.18
2026-09-01 14:50:02,67.85
2026-09-01 14:50:03,68.27
2026-09-01 14:50:04,68.25
2026-09-01 14:50:05,68.08
2026-09-01 14:50:06,68.38
2026-09-01 14:50:07,68.21
2026-09-01 14:50:08,67.99
2026-09-01 14:50:09,67.85
2026-09-01 14:50:10,68.11
2026-09-01 14:50:11,67.9
2026-09-01 14:50:12,68.17
2026-09-01 14:50:13,67.71
2026-09-01 14:50:14,68.66
2026-09-01 14:50:15,68.49
2026-09-01 14:50:16,67.99
2026-09-01 14:50:17,68.03
2026-09-01 14:50:18,68.16
2026-09-01 14:50:19,67.93
2026-09-01 14:50:20,68.09
2026-09-01 14:50:21,68.7
2026-09-01 14:50:22,67.77
2026-09-01 14:50:23,67.68
2026-09-01 14:50:24,67.99
2026-09-01 14:50:25,67.73
2026-09-01 14:50:26,67.85
2026-09-01 14:50:27,67.79
2026-09-01 14:50:28,68.13
2026-09-01 14:50:29,68.66
2026-09-01 14:50:30,68.56
2026-09-01 14:50:31,67.74
2026-09-01 14:50:32,68.19
2026-09-01 14:50:33,68.4
2026-09-01 14:50:34,68.13
2026-09-01 14:50:35,68.66
2026-09-01 14:50:36,67.6
2026-09-01 14:50:37,67.55
2026-09-01 14:50:38,67.04
2026-09-01 14:50:39,68.21
2026-09-01 14:50:40,67.64
2026-09-01 14:50:41,68.67
2026-09-01 14:50:42,68.51
2026-09-01 14:50:43,68.3
2026-09-01 14:50:44,67.61
2026-09-01 14:50:45,68.16
2026-09-01 14:50:46,68.06
2026-09-01 14:50:47,68.51
2026-09-01 14:50:48,67.74
2026-09-01 14:50:49,67.83
2026-09-01 14:50:50,67.31
2026-09-01 14:50:51,68.55
2026-09-01 14:50:52,68.11
2026-09-01 14:50:53,67.37
2026-09-01 14:50:54,68.38
2026-09-01 14:50:55,68.17
2026-09-01 14:50:56,68.13
2026-09-01 14:50:57,67.87
2026-09-01 14:50:58,67.77
2026-09-01 14:50:59,68.01
2026-09-01 14:51:00,68.21
2026-09-01 14:51:01,68.28
2026-09-01 14:51:02,67.95
2026-09-01 14:51:03,68.75
2026-09-01 14:51:04,68.1
2026-09-01 14:51:05,67.59
2026-09-01 14:51:06,68.17
2026-09-01 14:51:07,68.18
2026-09-01 14:51:08,67.35
2026-09-01 14:51:09,67.65
2026-09-01 14:51:10,67.85
2026-09-01 14:51:11,68.19
2026-09-01 14:51:12,68.15
2026-09-01 14:51:13,68.16
2026-09-01 14:51:14,68.58
2026-09-01 14:51:15,68.28
2026-09-01 14:51:16,68.09
2026-09-01 14:51:17,68.29
2026-09-01 14:51:18,67.79
2026-09-01 14:51:19,68.29
2026-09-01 14:51:20,67.72
2026-09-01 14:51:21,67.94
2026-09-01 14:51:22,68.22
2026-09-01 14:51:23,67.96
2026-09-01 14:51:24,67.65
2026-09-01 14:51:25,68.41
2026-09-01 14:51:26,68.35
2026-09-01 14:51:27,68.19
2026-09-01 14:51:28,67.6
2026-09-01 14:51:29,67.84
2026-09-01 14:51:30,68.32
2026-09-01 14:51:31,68.05
2026-09-01 14:51:32,68.28
2026-09-01 14:51:33,68.18
2026-09-01 14:51:34,68.14
2026-09-01 14:51:35,67.77
2026-09-01 14:51:36,68.28
2026-09-01 14:51:37,68.27
2026-09-01 14:51:38,68.09
2026-09-01 14:51:39,68.41
2026-09-01 14:51:40,68.41
2026-09-01 14:51:41,67.96
2026-09-01 14:51:42,68.23
2026-09-01 14:51:43,67.86
2026-09-01 14:51:44,68.42
2026-09-01 14:51:45,68.63
2026-09-01 14:51:46,67.89
2026-09-01 14:51:47,67.49
2026-09-01 14:51:48,68.12
2026-09-01 14:51:49,67.49
2026-09-01 14:51:50,67.7
2026-09-01 14:51:51,68.28
2026-09-01 14:51:52,68.52
2026-09-01 14:51:53,68.37
2026-09-01 14:51:54,68.03
2026-09-01 14:51:55,68.48
2026-09-01 14:51:56,68.09
2026-09-01 14:51:57,67.93
2026-09-01 14:51:58,67.84
2026-09-01 14:51:59,67.86
2026-09-01 14:52:00,67.81
2026-09-01 14:52:01,68.22
2026-09-01 14:52:02,67.81
2026-09-01 14:52:03,68.11
2026-09-01 14:52:04,68.07
2026-09-01 14:52:05,68.19
2026-09-01 14:52:06,68.21
2026-09-01 14:52:07,67.75
2026-09-01 14:52:08,68.5
2026-09-01 14:52:09,68.37
2026-09-01 14:52:10,68.06
2026-09-01 14:52:11,68.49
2026-09-01 14:52:12,67.78
2026-09-01 14:52:13,67.84
2026-09-01 14:52:14,68.38
2026-09-01 14:52:15,68.15
2026-09-01 14:52:16,68.36
2026-09-01 14:52:17,68.01
2026-09-01 14:52:18,67.92
2026-09-01 14:52:19,68.24
2026-09-01 14:52:20,68.16
2026-09-01 14:52:21,68.01
2026-09-01 14:52:22,68.33
2026-09-01 14:52:23,68.05
2026-09-01 14:52:24,68.03
2026-09-01 14:52:25,68.09
2026-09-01 14:52:26,68.22
2026-09-01 14:52:27,68.48
2026-09-01 14:52:28,68.0
2026-09-01 14:52:29,67.86
2026-09-01 14:52:30,68.41
2026-09-01 14:52:31,68.19
2026-09-01 14:52:32,68.21
2026-09-01 14:52:33,68.08
2026-09-01 14:52:34,68.17
2026-09-01 14:52:35,67.88
2026-09-01 14:52:36,67.99
2026-09-01 14:52:37,68.09
2026-09-01 14:52:38,67.83
2026-09-01 14:52:39,67.23
2026-09-01 14:52:40,67.82
2026-09-01 14:52:41,68.42
2026-09-01 14:52:42,67.93
2026-09-01 14:52:43,68.32
2026-09-01 14:52:44,68.1
2026-09-01 14:52:45,67.81
2026-09-01 14:52:46,68.23
2026-09-01 14:52:47,68.24
2026-09-01 14:52:48,67.98
2026-09-01 14:52:49,68.03
2026-09-01 14:52:50,67.91
2026-09-01 14:52:51,68.11
2026-09-01 14:52:52,68.34
2026-09-01 14:52:53,67.91
2026-09-01 14:52:54,68.06
2026-09-01 14:52:55,68.38
2026-09-01 14:52:56,67.44
2026-09-01 14:52:57,68.11
2026-09-01 14:52:58,68.3
2026-09-01 14:52:59,68.04
2026-09-01 14:53:00,67.6
2026-09-01 14:53:01,68.41
2026-09-01 14:53:02,67.86
2026-09-01 14:53:03,68.1
2026-09-01 14:53:04,68.47
2026-09-01 14:53:05,67.9
2026-09-01 14:53:06,67.87
2026-09-01 14:53:07,67.53
2026-09-01 14:53:08,67.8
2026-09-01 14:53:09,67.94
2026-09-01 14:53:10,67.9
2026-09-01 14:53:11,68.23
2026-09-01 14:53:12,68.24
2026-09-01 14:53:13,67.88
2026-09-01 14:53:14,68.03
2026-09-01 14:53:15,68.28
2026-09-01 14:53:16,68.5
2026-09-01 14:53:17,68.27
2026-09-01 14:53:18,68.09
2026-09-01 14:53:19,68.12
2026-09-01 14:53:20,67.96
2026-09-01 14:53:21,68.09
2026-09-01 14:53:22,67.49
2026-09-01 14:53:23,68.49
2026-09-01 14:53:24,68.05
2026-09-01 14:53:25,68.23
2026-09-01 14:53:26,68.8
2026-09-01 14:53:27,67.93
2026-09-01 14:53:28,67.33
2026-09-01 14:53:29,67.79
2026-09-01 14:53:30,67.77
2026-09-01 14:53:31,68.25
2026-09-01 14:53:32,67.52
2026-09-01 14:53:33,68.07
2026-09-01 14:53:34,67.99
2026-09-01 14:53:35,68.48
2026-09-01 14:53:36,68.04
2026-09-01 14:53:37,68.05
2026-09-01 14:53:38,68.24
2026-09-01 14:53:39,68.33
2026-09-01 14:53:40,68.46
2026-09-01 14:53:41,68.33
2026-09-01 14:53:42,68.65
2026-09-01 14:53:43,68.2
2026-09-01 14:53:44,68.06
2026-09-01 14:53:45,68.3
2026-09-01 14:53:46,68.42
2026-09-01 14:53:47,68.17
2026-09-01 14:53:48,68.11
2026-09-01 14:53:49,67.9
2026-09-01 14:53:50,68.13
2026-09-01 14:53:51,68.64
2026-09-01 14:53:52,67.71
2026-09-01 14:53:53,68.0
2026-09-01 14:53:54,67.55
2026-09-01 14:53:55,67.97
2026-09-01 14:53:56,67.6
2026-09-01 14:53:57,68.08
2026-09-01 14:53:58,67.57
2026-09-01 14:53:59,67.33
2026-09-01 14:54:00,68.17
2026-09-01 14:54:01,67.92
2026-09-01 14:54:02,68.15
2026-09-01 14:54:03,68.02
2026-09-01 14:54:04,68.21
2026-09-01 14:54:05,68.1
2026-09-01 14:54:06,68.21
2026-09-01 14:54:07,68.25
2026-09-01 14:54:08,67.9
2026-09-01 14:54:09,67.95
2026-09-01 14:54:10,68.16
2026-09-01 14:54:11,67.96
2026-09-01 14:54:12,68.92
2026-09-01 14:54:13,67.68
2026-09-01 14:54:14,67.67
2026-09-01 14:54:15,67.85
2026-09-01 14:54:16,68.1
2026-09-01 14:54:17,68.08
2026-09-01 14:54:18,67.69
2026-09-01 14:54:19,67.65
2026-09-01 14:54:20,67.8
2026-09-01 14:54:21,68.14
2026-09-01 14:54:22,68.21
2026-09-01 14:54:23,67.76
2026-09-01 14:54:24,67.91
2026-09-01 14:54:25,67.83
2026-09-01 14:54:26,67.77
2026-09-01 14:54:27,68.43
2026-09-01 14:54:28,68.17
2026-09-01 14:54:29,67.84
2026-09-01 14:54:30,67.42
2026-09-01 14:54:31,67.66
2026-09-01 14:54:32,68.41
2026-09-01 14:54:33,68.1
2026-09-01 14:54:34,68.42
2026-09-01 14:54:35,68.54
2026-09-01 14:54:36,68.35
2026-09-01 14:54:37,68.06
2026-09-01 14:54:38,68.55
2026-09-01 14:54:39,68.17
2026-09-01 14:54:40,68.17
2026-09-01 14:54:41,68.26
2026-09-01 14:54:42,68.09
2026-09-01 14:54:43,67.75
2026-09-01 14:54:44,68.55
2026-09-01 14:54:45,68.12
2026-09-01 14:54:46,68.58
2026-09-01 14:54:47,67.68
2026-09-01 14:54:48,68.22
2026-09-01 14:54:49,68.37
2026-09-01 14:54:50,67.71
2026-09-01 14:54:51,68.02
2026-09-01 14:54:52,68.12
2026-09-01 14:54:53,68.52
2026-09-01 14:54:54,67.92
2026-09-01 14:54:55,67.88
2026-09-01 14:54:56,68.44
2026-09-01 14:54:57,67.72
2026-09-01 14:54:58,68.25
2026-09-01 14:54:59,68.67
2026-09-01 14:55:00,68.19
2026-09-01 14:55:01,68.24
2026-09-01 14:55:02,68.49
2026-09-01 14:55:03,67.86
2026-09-01 14:55:04,67.69
2026-09-01 14:55:05,68.28
2026-09-01 14:55:06,67.91
2026-09-01 14:55:07,67.55
2026-09-01 14:55:08,68.43
2026-09-01 14:55:09,68.23
2026-09-01 14:55:10,67.52
2026-09-01 14:55:11,68.32
2026-09-01 14:55:12,67.98
2026-09-01 14:55:13,68.42
2026-09-01 14:55:14,68.02
2026-09-01 14:55:15,68.28
2026-09-01 14:55:16,68.22
2026-09-01 14:55:17,68.13
2026-09-01 14:55:18,67.94
2026-09-01 14:55:19,67.58
2026-09-01 14:55:20,68.05
2026-09-01 14:55:21,67.95
2026-09-01 14:55:22,68.08
2026-09-01 14:55:23,67.84
2026-09-01 14:55:24,68.36
2026-09-01 14:55:25,68.36
2026-09-01 14:55:26,68.59
2026-09-01 14:55:27,68.41
2026-09-01 14:55:28,67.74
2026-09-01 14:55:29,68.15
2026-09-01 14:55:30,68.3
2026-09-01 14:55:31,67.87
2026-09-01 14:55:32,67.86
2026-09-01 14:55:33,67.73
2026-09-01 14:55:34,67.96
2026-09-01 14:55:35,67.94
2026-09-01 14:55:36,68.0
2026-09-01 14:55:37,67.9
2026-09-01 14:55:38,68.11
2026-09-01 14:55:39,67.79
2026-09-01 14:55:40,67.93
2026-09-01 14:55:41,68.19
2026-09-01 14:55:42,67.48
2026-09-01 14:55:43,68.0
2026-09-01 14:55:44,68.21
2026-09-01 14:55:45,68.23
2026-09-01 14:55:46,67.86
2026-09-01 14:55:47,68.2
2026-09-01 14:55:48,67.95
2026-09-01 14:55:49,68.18
2026-09-01 14:55:50,67.47
2026-09-01 14:55:51,67.61
2026-09-01 14:55:52,67.75
2026-09-01 14:55:53,67.56
2026-09-01 14:55:54,67.78
2026-09-01 14:55:55,68.12
2026-09-01 14:55:56,67.78
2026-09-01 14:55:57,68.32
2026-09-01 14:55:58,68.36
2026-09-01 14:55:59,68.24
2026-09-01 14:56:00,68.16
2026-09-01 14:56:01,68.55
2026-09-01 14:56:02,67.73
2026-09-01 14:56:03,67.34
2026-09-01 14:56:04,68.3
2026-09-01 14:56:05,68.26
2026-09-01 14:56:06,68.02
2026-09-01 14:56:07,67.9
2026-09-01 14:56:08,68.66
2026-09-01 14:56:09,68.11
2026-09-01 14:56:10,68.29
2026-09-01 14:56:11,68.46
2026-09-01 14:56:12,67.59
2026-09-01 14:56:13,68.49
2026-09-01 14:56:14,68.46
2026-09-01 14:56:15,68.4
2026-09-01 14:56:16,67.84
2026-09-01 14:56:17,68.5
2026-09-01 14:56:18,67.97
2026-09-01 14:56:19,68.38
2026-09-01 14:56:20,68.15
2026-09-01 14:56:21,68.39
2026-09-01 14:56:22,68.38
2026-09-01 14:56:23,67.6
2026-09-01 14:56:24,67.61
2026-09-01 14:56:25,68.26
2026-09-01 14:56:26,68.0
2026-09-01 14:56:27,67.91
2026-09-01 14:56:28,68.05
2026-09-01 14:56:29,68.14
2026-09-01 14:56:30,68.5
2026-09-01 14:56:31,68.53
2026-09-01 14:56:32,67.95
2026-09-01 14:56:33,68.22
2026-09-01 14:56:34,67.77
2026-09-01 14:56:35,67.89
2026-09-01 14:56:36,68.1
2026-09-01 14:56:37,68.46
2026-09-01 14:56:38,67.75
2026-09-01 14:56:39,67.33
2026-09-01 14:56:40,68.06
2026-09-01 14:56:41,67.71
2026-09-01 14:56:42,68.3
2026-09-01 14:56:43,67.95
2026-09-01 14:56:44,68.33
2026-09-01 14:56:45,67.98
2026-09-01 14:56:46,68.08
2026-09-01 14:56:47,67.91
2026-09-01 14:56:48,68.61
2026-09-01 14:56:49,67.62
2026-09-01 14:56:50,67.72
2026-09-01 14:56:51,68.03
2026-09-01 14:56:52,68.14
2026-09-01 14:56:53,68.11
2026-09-01 14:56:54,68.16
2026-09-01 14:56:55,67.87
2026-09-01 14:56:56,67.94
2026-09-01 14:56:57,68.08
2026-09-01 14:56:58,67.95
2026-09-01 14:56:59,67.98
2026-09-01 14:57:00,68.11
2026-09-01 14:57:01,67.9
2026-09-01 14:57:02,68.16
2026-09-01 14:57:03,68.32
2026-09-01 14:57:04,67.8
2026-09-01 14:57:05,67.61
2026-09-01 14:57:06,67.89
2026-09-01 14:57:07,68.31
2026-09-01 14:57:08,68.05
2026-09-01 14:57:09,67.67
2026-09-01 14:57:10,67.78
2026-09-01 14:57:11,67.77
2026-09-01 14:57:12,67.99
2026-09-01 14:57:13,68.17
2026-09-01 14:57:14,68.09
2026-09-01 14:57:15,67.44
2026-09-01 14:57:16,67.86
2026-09-01 14:57:17,67.8
2026-09-01 14:57:18,67.37
2026-09-01 14:57:19,67.27
2026-09-01 14:57:20,68.23
2026-09-01 14:57:21,68.09
2026-09-01 14:57:22,67.71
2026-09-01 14:57:23,68.38
2026-09-01 14:57:24,68.63
2026-09-01 14:57:25,68.51
2026-09-01 14:57:26,67.9
2026-09-01 14:57:27,68.19
2026-09-01 14:57:28,67.96
2026-09-01 14:57:29,68.39
2026-09-01 14:57:30,67.35
2026-09-01 14:57:31,68.31
2026-09-01 14:57:32,68.05
2026-09-01 14:57:33,68.25
2026-09-01 14:57:34,68.46
2026-09-01 14:57:35,68.24
2026-09-01 14:57:36,68.13
2026-09-01 14:57:37,67.98
2026-09-01 14:57:38,68.77
2026-09-01 14:57:39,68.06
2026-09-01 14:57:40,67.8
2026-09-01 14:57:41,67.78
2026-09-01 14:57:42,67.99
2026-09-01 14:57:43,68.53
2026-09-01 14:57:44,68.66
2026-09-01 14:57:45,68.37
2026-09-01 14:57:46,67.86
2026-09-01 14:57:47,68.03
2026-09-01 14:57:48,67.85
2026-09-01 14:57:49,67.65
2026-09-01 14:57:50,68.09
2026-09-01 14:57:51,68.29
2026-09-01 14:57:52,68.18
2026-09-01 14:57:53,67.82
2026-09-01 14:57:54,68.43
2026-09-01 14:57:55,68.24
2026-09-01 14:57:56,68.21
2026-09-01 14:57:57,68.4
2026-09-01 14:57:58,68.47
2026-09-01 14:57:59,67.99
2026-09-01 14:58:00,67.79
2026-09-01 14:58:01,68.24
2026-09-01 14:58:02,67.71
2026-09-01 14:58:03,67.92
2026-09-01 14:58:04,68.09
2026-09-01 14:58:05,68.16
2026-09-01 14:58:06,68.48
2026-09-01 14:58:07,67.64
2026-09-01 14:58:08,67.74
2026-09-01 14:58:09,67.75
2026-09-01 14:58:10,68.21
2026-09-01 14:58:11,67.7
2026-09-01 14:58:12,67.84
2026-09-01 14:58:13,68.31
2026-09-01 14:58:14,68.52
2026-09-01 14:58:15,68.12
2026-09-01 14:58:16,68.42
2026-09-01 14:58:17,68.24
2026-09-01 14:58:18,67.78
2026-09-01 14:58:19,68.34
2026-09-01 14:58:20,67.99
2026-09-01 14:58:21,67.81
2026-09-01 14:58:22,67.8
2026-09-01 14:58:23,67.97
2026-09-01 14:58:24,67.73
2026-09-01 14:58:25,67.99
2026-09-01 14:58:26,68.12
2026-09-01 14:58:27,67.32
2026-09-01 14:58:28,68.11
2026-09-01 14:58:29,68.31
2026-09-01 14:58:30,68.0
2026-09-01 14:58:31,67.69
2026-09-01 14:58:32,68.12
2026-09-01 14:58:33,68.2
2026-09-01 14:58:34,68.22
2026-09-01 14:58:35,68.15
2026-09-01 14:58:36,67.66
2026-09-01 14:58:37,67.91
2026-09-01 14:58:38,68.46
2026-09-01 14:58:39,67.87
2026-09-01 14:58:40,68.33
2026-09-01 14:58:41,68.02
2026-09-01 14:58:42,67.9
2026-09-01 14:58:43,68.29
2026-09-01 14:58:44,68.15
2026-09-01 14:58:45,67.94
2026-09-01 14:58:46,68.05
2026-09-01 14:58:47,68.83
2026-09-01 14:58:48,68.46
2026-09-01 14:58:49,68.48
2026-09-01 14:58:50,68.1
2026-09-01 14:58:51,67.85
2026-09-01 14:58:52,67.74
2026-09-01 14:58:53,67.98
2026-09-01 14:58:54,68.13
2026-09-01 14:58:55,68.55
2026-09-01 14:58:56,67.66
2026-09-01 14:58:57,68.3
2026-09-01 14:58:58,68.14
2026-09-01 14:58:59,67.61
2026-09-01 14:59:00,68.24
2026-09-01 14:59:01,68.05
2026-09-01 14:59:02,67.86
2026-09-01 14:59:03,67.83
2026-09-01 14:59:04,67.81
2026-09-01 14:59:05,68.29
2026-09-01 14:59:06,68.07
2026-09-01 14:59:07,68.5
2026-09-01 14:59:08,68.45
2026-09-01 14:59:09,68.39
2026-09-01 14:59:10,67.73
2026-09-01 14:59:11,67.71
2026-09-01 14:59:12,67.88
2026-09-01 14:59:13,68.5
2026-09-01 14:59:14,68.33
2026-09-01 14:59:15,67.5
2026-09-01 14:59:16,67.93
2026-09-01 14:59:17,68.15
2026-09-01 14:59:18,67.79
2026-09-01 14:59:19,68.16
2026-09-01 14:59:20,67.76
2026-09-01 14:59:21,68.04
2026-09-01 14:59:22,68.11
2026-09-01 14:59:23,68.06
2026-09-01 14:59:24,68.05
2026-09-01 14:59:25,67.68
2026-09-01 14:59:26,67.97
2026-09-01 14:59:27,68.09
2026-09-01 14:59:28,67.8
2026-09-01 14:59:29,68.78
2026-09-01 14:59:30,68.34
2026-09-01 14:59:31,68.35
2026-09-01 14:59:32,68.06
2026-09-01 14:59:33,67.88
2026-09-01 14:59:34,68.22
2026-09-01 14:59:35,68.28
2026-09-01 14:59:36,68.02
2026-09-01 14:59:37,67.68
2026-09-01 14:59:38,68.37
2026-09-01 14:59:39,68.31
2026-09-01 14:59:40,67.97
2026-09-01 14:59:41,68.1
2026-09-01 14:59:42,68.11
2026-09-01 14:59:43,68.25
2026-09-01 14:59:44,68.13
2026-09-01 14:59:45,68.33
2026-09-01 14:59:46,68.26
2026-09-01 14:59:47,67.52
2026-09-01 14:59:48,67.98
2026-09-01 14:59:49,68.26
2026-09-01 14:59:50,68.42
2026-09-01 14:59:51,68.39
2026-09-01 14:59:52,68.49
2026-09-01 14:59:53,68.44
2026-09-01 14:59:54,68.0
2026-09-01 14:59:55,68.2
2026-09-01 14:59:56,68.36
2026-09-01 14:59:57,67.97
2026-09-01 14:59:58,67.72
2026-09-01 14:59:59,67.9
2026-09-01 15:00:00,67.85
2026-09-01 15:00:01,68.02
2026-09-01 15:00:02,67.84
2026-09-01 15:00:03,68.02
2026-09-01 15:00:04,67.81
2026-09-01 15:00:05,68.2
2026-09-01 15:00:06,68.0
2026-09-01 15:00:07,68.35
2026-09-01 15:00:08,68.0
2026-09-01 15:00:09,68.19
2026-09-01 15:00:10,68.0
2026-09-01 15:00:11,67.73
2026-09-01 15:00:12,68.11
2026-09-01 15:00:13,67.97
2026-09-01 15:00:14,68.12
2026-09-01 15:00:15,67.65
2026-09-01 15:00:16,68.42
2026-09-01 15:00:17,67.9
2026-09-01 15:00:18,68.23
2026-09-01 15:00:19,68.05
2026-09-01 15:00:20,68.22
2026-09-01 15:00:21,68.08
2026-09-01 15:00:22,68.67
2026-09-01 15:00:23,67.74
2026-09-01 15:00:24,68.12
2026-09-01 15:00:25,68.87
2026-09-01 15:00:26,67.9
2026-09-01 15:00:27,68.46
2026-09-01 15:00:28,68.03
2026-09-01 15:00:29,68.0
2026-09-01 15:00:30,67.76
2026-09-01 15:00:31,67.93
2026-09-01 15:00:32,68.27
2026-09-01 15:00:33,68.61
2026-09-01 15:00:34,68.34
2026-09-01 15:00:35,68.14
2026-09-01 15:00:36,67.78
2026-09-01 15:00:37,68.5
2026-09-01 15:00:38,67.75
2026-09-01 15:00:39,68.21
2026-09-01 15:00:40,68.14
2026-09-01 15:00:41,68.3
2026-09-01 15:00:42,68.44
2026-09-01 15:00:43,67.76
2026-09-01 15:00:44,67.96
2026-09-01 15:00:45,68.3
2026-09-01 15:00:46,67.9
2026-09-01 15:00:47,68.38
2026-09-01 15:00:48,67.87
2026-09-01 15:00:49,67.85
2026-09-01 15:00:50,67.63
2026-09-01 15:00:51,68.2
2026-09-01 15:00:52,68.0
2026-09-01 15:00:53,68.08
2026-09-01 15:00:54,68.14
2026-09-01 15:00:55,67.64
2026-09-01 15:00:56,68.6
2026-09-01 15:00:57,68.46
2026-09-01 15:00:58,68.48
2026-09-01 15:00:59,67.74
2026-09-01 15:01:00,68.14
2026-09-01 15:01:01,67.55
2026-09-01 15:01:02,68.31
2026-09-01 15:01:03,68.32
2026-09-01 15:01:04,67.86
2026-09-01 15:01:05,68.02
2026-09-01 15:01:06,68.03
2026-09-01 15:01:07,68.0
2026-09-01 15:01:08,68.17
2026-09-01 15:01:09,68.0
2026-09-01 15:01:10,68.7
2026-09-01 15:01:11,68.28
2026-09-01 15:01:12,68.12
2026-09-01 15:01:13,68.41
2026-09-01 15:01:14,68.31
2026-09-01 15:01:15,68.22
2026-09-01 15:01:16,68.32
2026-09-01 15:01:17,67.78
2026-09-01 15:01:18,68.44
2026-09-01 15:01:19,68.22
2026-09-01 15:01:20,68.34
2026-09-01 15:01:21,68.19
2026-09-01 15:01:22,68.49
2026-09-01 15:01:23,68.12
2026-09-01 15:01:24,67.93
2026-09-01 15:01:25,68.02
2026-09-01 15:01:26,67.81
2026-09-01 15:01:27,68.46
2026-09-01 15:01:28,68.09
2026-09-01 15:01:29,68.46
2026-09-01 15:01:30,67.56
2026-09-01 15:01:31,67.84
2026-09-01 15:01:32,68.25
2026-09-01 15:01:33,68.15
2026-09-01 15:01:34,67.53
2026-09-01 15:01:35,68.18
2026-09-01 15:01:36,68.14
2026-09-01 15:01:37,67.34
2026-09-01 15:01:38,68.06
2026-09-01 15:01:39,67.77
2026-09-01 15:01:40,67.85
2026-09-01 15:01:41,68.04
2026-09-01 15:01:42,68.06
2026-09-01 15:01:43,68.74
2026-09-01 15:01:44,67.36
2026-09-01 15:01:45,68.24
2026-09-01 15:01:46,68.07
2026-09-01 15:01:47,67.74
2026-09-01 15:01:48,68.38
2026-09-01 15:01:49,68.15
2026-09-01 15:01:50,67.83
2026-09-01 15:01:51,67.57
2026-09-01 15:01:52,67.74
2026-09-01 15:01:53,68.18
2026-09-01 15:01:54,68.47
2026-09-01 15:01:55,68.69
2026-09-01 15:01:56,68.21
2026-09-01 15:01:57,68.26
2026-09-01 15:01:58,68.27
2026-09-01 15:01:59,68.67
2026-09-01 15:02:00,68.0
2026-09-01 15:02:01,68.09
2026-09-01 15:02:02,68.62
2026-09-01 15:02:03,67.57
2026-09-01 15:02:04,67.95
2026-09-01 15:02:05,67.9
2026-09-01 15:02:06,68.0
2026-09-01 15:02:07,67.72
2026-09-01 15:02:08,67.73
2026-09-01 15:02:09,67.95
2026-09-01 15:02:10,68.36
2026-09-01 15:02:11,68.16
2026-09-01 15:02:12,68.86
2026-09-01 15:02:13,68.22
2026-09-01 15:02:14,67.68
2026-09-01 15:02:15,68.04
2026-09-01 15:02:16,68.15
2026-09-01 15:02:17,68.02
2026-09-01 15:02:18,68.53
2026-09-01 15:02:19,68.03
2026-09-01 15:02:20,67.9
2026-09-01 15:02:21,68.22
2026-09-01 15:02:22,68.55
2026-09-01 15:02:23,67.66
2026-09-01 15:02:24,68.07
2026-09-01 15:02:25,67.72
2026-09-01 15:02:26,68.07
2026-09-01 15:02:27,68.15
2026-09-01 15:02:28,68.41
2026-09-01 15:02:29,67.96
2026-09-01 15:02:30,68.25
2026-09-01 15:02:31,68.1
2026-09-01 15:02:32,67.75
2026-09-01 15:02:33,68.31
2026-09-01 15:02:34,68.17
2026-09-01 15:02:35,67.59
2026-09-01 15:02:36,68.56
2026-09-01 15:02:37,68.18
2026-09-01 15:02:38,68.24
2026-09-01 15:02:39,68.13
2026-09-01 15:02:40,68.15
2026-09-01 15:02:41,67.92
2026-09-01 15:02:42,67.76
2026-09-01 15:02:43,68.17
2026-09-01 15:02:44,67.75
2026-09-01 15:02:45,67.94
2026-09-01 15:02:46,67.76
2026-09-01 15:02:47,67.95
2026-09-01 15:02:48,68.4
2026-09-01 15:02:49,68.23
2026-09-01 15:02:50,68.09
2026-09-01 15:02:51,67.79
2026-09-01 15:02:52,67.71
2026-09-01 15:02:53,68.19
2026-09-01 15:02:54,68.0
2026-09-01 15:02:55,68.43
2026-09-01 15:02:56,68.17
2026-09-01 15:02:57,68.58
2026-09-01 15:02:58,68.13
2026-09-01 15:02:59,68.2
2026-09-01 15:03:00,68.41
2026-09-01 15:03:01,68.02
2026-09-01 15:03:02,68.46
2026-09-01 15:03:03,68.12
2026-09-01 15:03:04,68.04
2026-09-01 15:03:05,67.83
2026-09-01 15:03:06,68.02
2026-09-01 15:03:07,68.3
2026-09-01 15:03:08,68.06
2026-09-01 15:03:09,68.17
2026-09-01 15:03:10,68.14
2026-09-01 15:03:11,67.88
2026-09-01 15:03:12,68.63
2026-09-01 15:03:13,67.85
2026-09-01 15:03:14,68.01
2026-09-01 15:03:15,68.47
2026-09-01 15:03:16,67.82
2026-09-01 15:03:17,68.25
2026-09-01 15:03:18,68.03
2026-09-01 15:03:19,67.87
2026-09-01 15:03:20,68.46
2026-09-01 15:03:21,68.17
2026-09-01 15:03:22,68.09
2026-09-01 15:03:23,68.31
2026-09-01 15:03:24,68.3
2026-09-01 15:03:25,68.27
2026-09-01 15:03:26,68.0
2026-09-01 15:03:27,68.32
2026-09-01 15:03:28,67.97
2026-09-01 15:03:29,67.83
2026-09-01 15:03:30,67.99
2026-09-01 15:03:31,68.01
2026-09-01 15:03:32,68.17
2026-09-01 15:03:33,67.71
2026-09-01 15:03:34,67.82
2026-09-01 15:03:35,67.72
2026-09-01 15:03:36,68.66
2026-09-01 15:03:37,67.88
2026-09-01 15:03:38,68.43
2026-09-01 15:03:39,67.63
2026-09-01 15:03:40,67.8
2026-09-01 15:03:41,67.84
2026-09-01 15:03:42,68.32
2026-09-01 15:03:43,67.86
2026-09-01 15:03:44,68.27
2026-09-01 15:03:45,67.9
2026-09-01 15:03:46,67.87
2026-09-01 15:03:47,68.13
2026-09-01 15:03:48,68.07
2026-09-01 15:03:49,68.4
2026-09-01 15:03:50,67.91
2026-09-01 15:03:51,68.26
2026-09-01 15:03:52,67.6
2026-09-01 15:03:53,68.25
2026-09-01 15:03:54,68.03
2026-09-01 15:03:55,68.09
2026-09-01 15:03:56,68.4
2026-09-01 15:03:57,67.46
2026-09-01 15:03:58,68.11
2026-09-01 15:03:59,68.31
2026-09-01 15:04:00,68.02
2026-09-01 15:04:01,68.1
2026-09-01 15:04:02,68.0
2026-09-01 15:04:03,67.96
2026-09-01 15:04:04,68.41
2026-09-01 15:04:05,68.03
2026-09-01 15:04:06,67.95
2026-09-01 15:04:07,68.05
2026-09-01 15:04:08,67.8
2026-09-01 15:04:09,67.94
2026-09-01 15:04:10,67.74
2026-09-01 15:04:11,68.09
2026-09-01 15:04:12,68.25
2026-09-01 15:04:13,67.91
2026-09-01 15:04:14,68.28
2026-09-01 15:04:15,68.3
2026-09-01 15:04:16,67.97
2026-09-01 15:04:17,68.55
2026-09-01 15:04:18,67.79
2026-09-01 15:04:19,67.98
2026-09-01 15:04:20,68.0
2026-09-01 15:04:21,67.73
2026-09-01 15:04:22,68.3
2026-09-01 15:04:23,68.05
2026-09-01 15:04:24,68.07
2026-09-01 15:04:25,67.36
2026-09-01 15:04:26,68.82
2026-09-01 15:04:27,68.28
2026-09-01 15:04:28,67.51
2026-09-01 15:04:29,67.97
2026-09-01 15:04:30,68.14
2026-09-01 15:04:31,67.98
2026-09-01 15:04:32,67.75
2026-09-01 15:04:33,68.35
2026-09-01 15:04:34,67.77
2026-09-01 15:04:35,67.8
2026-09-01 15:04:36,68.02
2026-09-01 15:04:37,67.77
2026-09-01 15:04:38,68.33
2026-09-01 15:04:39,67.99
2026-09-01 15:04:40,67.96
2026-09-01 15:04:41,68.38
2026-09-01 15:04:42,68.09
2026-09-01 15:04:43,68.33
2026-09-01 15:04:44,68.07
2026-09-01 15:04:45,68.12
2026-09-01 15:04:46,68.71
2026-09-01 15:04:47,68.17
2026-09-01 15:04:48,67.79
2026-09-01 15:04:49,68.32
2026-09-01 15:04:50,68.08
2026-09-01 15:04:51,68.08
2026-09-01 15:04:52,67.71
2026-09-01 15:04:53,68.18
2026-09-01 15:04:54,67.93
2026-09-01 15:04:55,68.07
2026-09-01 15:04:56,67.69
2026-09-01 15:04:57,67.98
2026-09-01 15:04:58,68.01
2026-09-01 15:04:59,68.01
2026-09-01 15:05:00,68.05
2026-09-01 15:05:01,67.72
2026-09-01 15:05:02,68.55
2026-09-01 15:05:03,68.03
2026-09-01 15:05:04,68.6
2026-09-01 15:05:05,67.98
2026-09-01 15:05:06,67.88
2026-09-01 15:05:07,67.96
2026-09-01 15:05:08,68.23
2026-09-01 15:05:09,67.67
2026-09-01 15:05:10,67.85
2026-09-01 15:05:11,67.95
2026-09-01 15:05:12,67.77
2026-09-01 15:05:13,67.91
2026-09-01 15:05:14,68.2
2026-09-01 15:05:15,67.77
2026-09-01 15:05:16,67.74
2026-09-01 15:05:17,68.46
2026-09-01 15:05:18,67.9
2026-09-01 15:05:19,68.42
2026-09-01 15:05:20,68.43
2026-09-01 15:05:21,69.3
2026-09-01 15:05:22,67.83
2026-09-01 15:05:23,67.71
2026-09-01 15:05:24,68.44
2026-09-01 15:05:25,68.17
2026-09-01 15:05:26,67.92
2026-09-01 15:05:27,68.27
2026-09-01 15:05:28,68.64
2026-09-01 15:05:29,68.35
2026-09-01 15:05:30,68.12
2026-09-01 15:05:31,67.46
2026-09-01 15:05:32,67.58
2026-09-01 15:05:33,67.85
2026-09-01 15:05:34,67.93
2026-09-01 15:05:35,67.99
2026-09-01 15:05:36,68.02
2026-09-01 15:05:37,67.98
2026-09-01 15:05:38,67.69
2026-09-01 15:05:39,67.8
2026-09-01 15:05:40,67.52
2026-09-01 15:05:41,67.75
2026-09-01 15:05:42,68.07
2026-09-01 15:05:43,67.91
2026-09-01 15:05:44,67.95
2026-09-01 15:05:45,68.12
2026-09-01 15:05:46,68.29
2026-09-01 15:05:47,68.24
2026-09-01 15:05:48,67.99
2026-09-01 15:05:49,67.7
2026-09-01 15:05:50,68.17
2026-09-01 15:05:51,67.95
2026-09-01 15:05:52,67.97
2026-09-01 15:05:53,68.3
2026-09-01 15:05:54,68.03
2026-09-01 15:05:55,68.21
2026-09-01 15:05:56,67.87
2026-09-01 15:05:57,68.31
2026-09-01 15:05:58,68.2
2026-09-01 15:05:59,67.97
2026-09-01 15:06:00,68.27
2026-09-01 15:06:01,68.01
2026-09-01 15:06:02,67.91
2026-09-01 15:06:03,67.62
2026-09-01 15:06:04,67.81
2026-09-01 15:06:05,67.75
2026-09-01 15:06:06,68.29
2026-09-01 15:06:07,68.42
2026-09-01 15:06:08,67.4
2026-09-01 15:06:09,67.44
2026-09-01 15:06:10,68.29
2026-09-01 15:06:11,67.97
2026-09-01 15:06:12,67.73
2026-09-01 15:06:13,68.06
2026-09-01 15:06:14,68.78
2026-09-01 15:06:15,68.17
2026-09-01 15:06:16,67.9
2026-09-01 15:06:17,67.95
2026-09-01 15:06:18,68.0
2026-09-01 15:06:19,67.6
2026-09-01 15:06:20,67.66
2026-09-01 15:06:21,67.72
2026-09-01 15:06:22,68.07
2026-09-01 15:06:23,67.79
2026-09-01 15:06:24,67.91
2026-09-01 15:06:25,67.72
2026-09-01 15:06:26,68.45
2026-09-01 15:06:27,67.86
2026-09-01 15:06:28,68.66
2026-09-01 15:06:29,67.95
2026-09-01 15:06:30,68.28
2026-09-01 15:06:31,67.76
2026-09-01 15:06:32,67.82
2026-09-01 15:06:33,68.27
2026-09-01 15:06:34,68.31
2026-09-01 15:06:35,68.75
2026-09-01 15:06:36,68.63
2026-09-01 15:06:37,67.62
2026-09-01 15:06:38,67.59
2026-09-01 15:06:39,68.35
2026-09-01 15:06:40,68.03
2026-09-01 15:06:41,67.94
2026-09-01 15:06:42,68.3
2026-09-01 15:06:43,68.11
2026-09-01 15:06:44,67.79
2026-09-01 15:06:45,67.88
2026-09-01 15:06:46,67.6
2026-09-01 15:06:47,68.09
2026-09-01 15:06:48,67.9
2026-09-01 15:06:49,68.91
2026-09-01 15:06:50,68.25
2026-09-01 15:06:51,68.18
2026-09-01 15:06:52,67.97
2026-09-01 15:06:53,67.99
2026-09-01 15:06:54,67.72
2026-09-01 15:06:55,68.0
2026-09-01 15:06:56,67.87
2026-09-01 15:06:57,67.95
2026-09-01 15:06:58,68.31
2026-09-01 15:06:59,67.95
2026-09-01 15:07:00,67.91
2026-09-01 15:07:01,68.39
2026-09-01 15:07:02,67.79
2026-09-01 15:07:03,68.41
2026-09-01 15:07:04,68.18
2026-09-01 15:07:05,67.74
2026-09-01 15:07:06,67.82
2026-09-01 15:07:07,67.72
2026-09-01 15:07:08,68.33
2026-09-01 15:07:09,67.98
2026-09-01 15:07:10,67.86
2026-09-01 15:07:11,67.96
2026-09-01 15:07:12,68.28
2026-09-01 15:07:13,68.09
2026-09-01 15:07:14,68.12
2026-09-01 15:07:15,68.64
2026-09-01 15:07:16,68.19
2026-09-01 15:07:17,67.55
2026-09-01 15:07:18,68.15
2026-09-01 15:07:19,68.09
2026-09-01 15:07:20,68.38
2026-09-01 15:07:21,67.9
2026-09-01 15:07:22,67.93
2026-09-01 15:07:23,68.18
2026-09-01 15:07:24,68.12
2026-09-01 15:07:25,68.24
2026-09-01 15:07:26,68.51
2026-09-01 15:07:27,68.9
2026-09-01 15:07:28,68.14
2026-09-01 15:07:29,67.77
2026-09-01 15:07:30,68.39
2026-09-01 15:07:31,68.13
2026-09-01 15:07:32,67.99
2026-09-01 15:07:33,67.73
2026-09-01 15:07:34,68.34
2026-09-01 15:07:35,67.99
2026-09-01 15:07:36,67.6
2026-09-01 15:07:37,68.0
2026-09-01 15:07:38,68.12
2026-09-01 15:07:39,68.36
2026-09-01 15:07:40,68.24
2026-09-01 15:07:41,67.79
2026-09-01 15:07:42,67.84
2026-09-01 15:07:43,68.34
2026-09-01 15:07:44,68.42
2026-09-01 15:07:45,67.45
2026-09-01 15:07:46,67.76
2026-09-01 15:07:47,68.05
2026-09-01 15:07:48,67.97
2026-09-01 15:07:49,67.63
2026-09-01 15:07:50,67.7
2026-09-01 15:07:51,67.87
2026-09-01 15:07:52,68.31
2026-09-01 15:07:53,68.05
2026-09-01 15:07:54,67.9
2026-09-01 15:07:55,67.35
2026-09-01 15:07:56,68.2
2026-09-01 15:07:57,67.63
2026-09-01 15:07:58,68.1
2026-09-01 15:07:59,68.1
2026-09-01 15:08:00,68.43
2026-09-01 15:08:01,67.73
2026-09-01 15:08:02,67.59
2026-09-01 15:08:03,68.32
2026-09-01 15:08:04,68.17
2026-09-01 15:08:05,67.81
2026-09-01 15:08:06,68.0
2026-09-01 15:08:07,67.45
2026-09-01 15:08:08,68.09
2026-09-01 15:08:09,67.7
2026-09-01 15:08:10,68.51
2026-09-01 15:08:11,68.1
2026-09-01 15:08:12,67.68
2026-09-01 15:08:13,67.89
2026-09-01 15:08:14,68.47
2026-09-01 15:08:15,67.71
2026-09-01 15:08:16,67.65
2026-09-01 15:08:17,68.49
2026-09-01 15:08:18,67.59
2026-09-01 15:08:19,68.44
2026-09-01 15:08:20,68.16
2026-09-01 15:08:21,68.28
2026-09-01 15:08:22,68.02
2026-09-01 15:08:23,67.6
2026-09-01 15:08:24,68.08
2026-09-01 15:08:25,68.69
2026-09-01 15:08:26,68.14
2026-09-01 15:08:27,68.19
2026-09-01 15:08:28,68.59
2026-09-01 15:08:29,67.93
2026-09-01 15:08:30,67.67
2026-09-01 15:08:31,68.07
2026-09-01 15:08:32,68.25
2026-09-01 15:08:33,68.29
2026-09-01 15:08:34,67.99
2026-09-01 15:08:35,68.66
2026-09-01 15:08:36,68.43
2026-09-01 15:08:37,68.0
2026-09-01 15:08:38,68.03
2026-09-01 15:08:39,68.63
2026-09-01 15:08:40,67.97
2026-09-01 15:08:41,68.19
2026-09-01 15:08:42,67.83
2026-09-01 15:08:43,68.85
2026-09-01 15:08:44,68.63
2026-09-01 15:08:45,68.2
2026-09-01 15:08:46,68.19
2026-09-01 15:08:47,68.23
2026-09-01 15:08:48,68.05
2026-09-01 15:08:49,68.36
2026-09-01 15:08:50,68.26
2026-09-01 15:08:51,68.06
2026-09-01 15:08:52,68.15
2026-09-01 15:08:53,68.65
2026-09-01 15:08:54,68.03
2026-09-01 15:08:55,67.74
2026-09-01 15:08:56,67.51
2026-09-01 15:08:57,67.73
2026-09-01 15:08:58,68.15
2026-09-01 15:08:59,67.43
2026-09-01 15:09:00,67.73
2026-09-01 15:09:01,68.11
2026-09-01 15:09:02,68.43
2026-09-01 15:09:03,67.95
2026-09-01 15:09:04,68.23
2026-09-01 15:09:05,67.53
2026-09-01 15:09:06,68.3
2026-09-01 15:09:07,68.03
2026-09-01 15:09:08,67.96
2026-09-01 15:09:09,68.36
2026-09-01 15:09:10,68.51
2026-09-01 15:09:11,68.29
2026-09-01 15:09:12,68.66
2026-09-01 15:09:13,67.98
2026-09-01 15:09:14,67.99
2026-09-01 15:09:15,68.26
2026-09-01 15:09:16,68.31
2026-09-01 15:09:17,67.88
2026-09-01 15:09:18,67.42
2026-09-01 15:09:19,67.77
2026-09-01 15:09:20,68.17
2026-09-01 15:09:21,68.15
2026-09-01 15:09:22,67.69
2026-09-01 15:09:23,68.17
2026-09-01 15:09:24,67.86
2026-09-01 15:09:25,68.34
2026-09-01 15:09:26,68.48
2026-09-01 15:09:27,68.3
2026-09-01 15:09:28,68.04
2026-09-01 15:09:29,68.04
2026-09-01 15:09:30,68.83
2026-09-01 15:09:31,68.39
2026-09-01 15:09:32,67.91
2026-09-01 15:09:33,68.64
2026-09-01 15:09:34,68.56
2026-09-01 15:09:35,68.0
2026-09-01 15:09:36,68.04
2026-09-01 15:09:37,68.36
2026-09-01 15:09:38,67.9
2026-09-01 15:09:39,68.09
2026-09-01 15:09:40,68.23
2026-09-01 15:09:41,68.01
2026-09-01 15:09:42,68.17
2026-09-01 15:09:43,68.35
2026-09-01 15:09:44,68.21
2026-09-01 15:09:45,67.22
2026-09-01 15:09:46,68.35
2026-09-01 15:09:47,68.1
2026-09-01 15:09:48,67.96
2026-09-01 15:09:49,68.03
2026-09-01 15:09:50,67.71
2026-09-01 15:09:51,67.91
2026-09-01 15:09:52,68.23
2026-09-01 15:09:53,67.89
2026-09-01 15:09:54,68.26
2026-09-01 15:09:55,67.45
2026-09-01 15:09:56,68.28
2026-09-01 15:09:57,68.23
2026-09-01 15:09:58,67.99
2026-09-01 15:09:59,68.33
2026-09-01 15:10:00,67.98
2026-09-01 15:10:01,67.94
2026-09-01 15:10:02,68.34
2026-09-01 15:10:03,67.73
2026-09-01 15:10:04,68.01
2026-09-01 15:10:05,68.13
2026-09-01 15:10:06,68.36
2026-09-01 15:10:07,68.27
2026-09-01 15:10:08,67.78
2026-09-01 15:10:09,67.75
2026-09-01 15:10:10,68.15
2026-09-01 15:10:11,68.6
2026-09-01 15:10:12,68.24
2026-09-01 15:10:13,68.44
2026-09-01 15:10:14,68.36
2026-09-01 15:10:15,68.56
2026-09-01 15:10:16,68.42
2026-09-01 15:10:17,68.32
2026-09-01 15:10:18,68.38
2026-09-01 15:10:19,68.23
2026-09-01 15:10:20,68.06
2026-09-01 15:10:21,67.68
2026-09-01 15:10:22,68.48
2026-09-01 15:10:23,67.41
2026-09-01 15:10:24,67.64
2026-09-01 15:10:25,67.95
2026-09-01 15:10:26,67.92
2026-09-01 15:10:27,68.72
2026-09-01 15:10:28,68.45
2026-09-01 15:10:29,68.2
2026-09-01 15:10:30,68.06
2026-09-01 15:10:31,67.73
2026-09-01 15:10:32,67.91
2026-09-01 15:10:33,67.79
2026-09-01 15:10:34,68.06
2026-09-01 15:10:35,67.9
2026-09-01 15:10:36,68.44
2026-09-01 15:10:37,68.0
2026-09-01 15:10:38,67.89
2026-09-01 15:10:39,67.85
2026-09-01 15:10:40,68.28
2026-09-01 15:10:41,68.1
2026-09-01 15:10:42,67.8
2026-09-01 15:10:43,67.9
2026-09-01 15:10:44,68.47
2026-09-01 15:10:45,68.39
2026-09-01 15:10:46,68.25
2026-09-01 15:10:47,68.1
2026-09-01 15:10:48,68.11
2026-09-01 15:10:49,68.17
2026-09-01 15:10:50,67.91
2026-09-01 15:10:51,68.25
2026-09-01 15:10:52,68.05
2026-09-01 15:10:53,68.19
2026-09-01 15:10:54,67.82
2026-09-01 15:10:55,68.59
2026-09-01 15:10:56,68.08
2026-09-01 15:10:57,68.29
2026-09-01 15:10:58,67.87
2026-09-01 15:10:59,67.9
2026-09-01 15:11:00,68.51
2026-09-01 15:11:01,68.08
2026-09-01 15:11:02,67.75
2026-09-01 15:11:03,67.86
2026-09-01 15:11:04,67.82
2026-09-01 15:11:05,67.59
2026-09-01 15:11:06,67.74
2026-09-01 15:11:07,67.35
2026-09-01 15:11:08,68.48
2026-09-01 15:11:09,68.25
2026-09-01 15:11:10,68.02
2026-09-01 15:11:11,68.19
2026-09-01 15:11:12,68.06
2026-09-01 15:11:13,67.89
2026-09-01 15:11:14,67.74
2026-09-01 15:11:15,67.56
2026-09-01 15:11:16,67.5
2026-09-01 15:11:17,67.51
2026-09-01 15:11:18,67.61
2026-09-01 15:11:19,67.68
2026-09-01 15:11:20,68.38
2026-09-01 15:11:21,67.68
2026-09-01 15:11:22,68.26
2026-09-01 15:11:23,68.36
2026-09-01 15:11:24,68.51
2026-09-01 15:11:25,68.21
2026-09-01 15:11:26,68.37
2026-09-01 15:11:27,68.44
2026-09-01 15:11:28,67.69
2026-09-01 15:11:29,68.19
2026-09-01 15:11:30,68.17
2026-09-01 15:11:31,67.72
2026-09-01 15:11:32,67.9
2026-09-01 15:11:33,68.03
2026-09-01 15:11:34,67.68
2026-09-01 15:11:35,67.91
2026-09-01 15:11:36,67.6
2026-09-01 15:11:37,68.06
2026-09-01 15:11:38,68.21
2026-09-01 15:11:39,67.99
2026-09-01 15:11:40,67.64
2026-09-01 15:11:41,67.86
2026-09-01 15:11:42,67.44
2026-09-01 15:11:43,67.93
2026-09-01 15:11:44,68.25
2026-09-01 15:11:45,68.29
2026-09-01 15:11:46,68.17
2026-09-01 15:11:47,68.29
2026-09-01 15:11:48,67.88
2026-09-01 15:11:49,67.62
2026-09-01 15:11:50,68.35
2026-09-01 15:11:51,68.17
2026-09-01 15:11:52,67.66
2026-09-01 15:11:53,67.99
2026-09-01 15:11:54,68.17
2026-09-01 15:11:55,68.33
2026-09-01 15:11:56,68.16
2026-09-01 15:11:57,68.06
2026-09-01 15:11:58,68.11
2026-09-01 15:11:59,68.07
2026-09-01 15:12:00,68.04
2026-09-01 15:12:01,68.28
2026-09-01 15:12:02,67.67
2026-09-01 15:12:03,67.75
2026-09-01 15:12:04,68.34
2026-09-01 15:12:05,68.26
2026-09-01 15:12:06,67.96
2026-09-01 15:12:07,68.15
2026-09-01 15:12:08,68.33
2026-09-01 15:12:09,67.98
2026-09-01 15:12:10,68.18
2026-09-01 15:12:11,68.22
2026-09-01 15:12:12,68.12
2026-09-01 15:12:13,67.51
2026-09-01 15:12:14,68.34
2026-09-01 15:12:15,67.85
2026-09-01 15:12:16,67.64
2026-09-01 15:12:17,67.65
2026-09-01 15:12:18,68.5
2026-09-01 15:12:19,68.39
2026-09-01 15:12:20,67.62
2026-09-01 15:12:21,67.97
2026-09-01 15:12:22,68.33
2026-09-01 15:12:23,67.44
2026-09-01 15:12:24,67.34
2026-09-01 15:12:25,67.62
2026-09-01 15:12:26,68.34
2026-09-01 15:12:27,68.37
2026-09-01 15:12:28,67.81
2026-09-01 15:12:29,67.91
2026-09-01 15:12:30,68.13
2026-09-01 15:12:31,68.23
2026-09-01 15:12:32,67.98
2026-09-01 15:12:33,67.98
2026-09-01 15:12:34,67.93
2026-09-01 15:12:35,67.84
2026-09-01 15:12:36,66.98
2026-09-01 15:12:37,68.34
2026-09-01 15:12:38,67.75
2026-09-01 15:12:39,67.94
2026-09-01 15:12:40,68.42
2026-09-01 15:12:41,67.85
2026-09-01 15:12:42,67.79
2026-09-01 15:12:43,68.03
2026-09-01 15:12:44,68.19
2026-09-01 15:12:45,68.08
2026-09-01 15:12:46,68.35
2026-09-01 15:12:47,67.91
2026-09-01 15:12:48,67.88
2026-09-01 15:12:49,68.43
2026-09-01 15:12:50,68.32
2026-09-01 15:12:51,67.94
2026-09-01 15:12:52,67.87
2026-09-01 15:12:53,67.98
2026-09-01 15:12:54,68.14
2026-09-01 15:12:55,68.35
2026-09-01 15:12:56,67.7
2026-09-01 15:12:57,68.16
2026-09-01 15:12:58,68.64
2026-09-01 15:12:59,67.93
2026-09-01 15:13:00,67.99
2026-09-01 15:13:01,67.57
2026-09-01 15:13:02,68.46
2026-09-01 15:13:03,68.85
2026-09-01 15:13:04,68.27
2026-09-01 15:13:05,68.31
2026-09-01 15:13:06,68.46
2026-09-01 15:13:07,67.85
2026-09-01 15:13:08,68.52
2026-09-01 15:13:09,67.87
2026-09-01 15:13:10,67.97
2026-09-01 15:13:11,68.5
2026-09-01 15:13:12,68.52
2026-09-01 15:13:13,68.55
2026-09-01 15:13:14,67.69
2026-09-01 15:13:15,68.06
2026-09-01 15:13:16,67.47
2026-09-01 15:13:17,67.94
2026-09-01 15:13:18,67.74
2026-09-01 15:13:19,68.01
2026-09-01 15:13:20,67.89
2026-09-01 15:13:21,68.39
2026-09-01 15:13:22,68.24
2026-09-01 15:13:23,68.1
2026-09-01 15:13:24,68.21
2026-09-01 15:13:25,68.51
2026-09-01 15:13:26,68.12
2026-09-01 15:13:27,68.29
2026-09-01 15:13:28,67.72
2026-09-01 15:13:29,68.26
2026-09-01 15:13:30,67.86
2026-09-01 15:13:31,68.19
2026-09-01 15:13:32,67.85
2026-09-01 15:13:33,67.99
2026-09-01 15:13:34,67.76
2026-09-01 15:13:35,67.98
2026-09-01 15:13:36,68.37
2026-09-01 15:13:37,68.03
2026-09-01 15:13:38,68.19
2026-09-01 15:13:39,67.96
2026-09-01 15:13:40,67.99
2026-09-01 15:13:41,68.14
2026-09-01 15:13:42,67.69
2026-09-01 15:13:43,67.8
2026-09-01 15:13:44,67.94
2026-09-01 15:13:45,68.06
2026-09-01 15:13:46,68.49
2026-09-01 15:13:47,68.12
2026-09-01 15:13:48,68.23
2026-09-01 15:13:49,68.67
2026-09-01 15:13:50,68.12
2026-09-01 15:13:51,67.79
2026-09-01 15:13:52,67.79
2026-09-01 15:13:53,68.31
2026-09-01 15:13:54,67.88
2026-09-01 15:13:55,68.16
2026-09-01 15:13:56,68.15
2026-09-01 15:13:57,67.71
2026-09-01 15:13:58,67.73
2026-09-01 15:13:59,68.11
2026-09-01 15:14:00,67.94
2026-09-01 15:14:01,67.49
2026-09-01 15:14:02,67.67
2026-09-01 15:14:03,68.01
2026-09-01 15:14:04,67.56
2026-09-01 15:14:05,67.78
2026-09-01 15:14:06,68.09
2026-09-01 15:14:07,68.3
2026-09-01 15:14:08,68.06
2026-09-01 15:14:09,68.46
2026-09-01 15:14:10,68.05
2026-09-01 15:14:11,68.86
2026-09-01 15:14:12,68.09
2026-09-01 15:14:13,68.61
2026-09-01 15:14:14,67.69
2026-09-01 15:14:15,67.89
2026-09-01 15:14:16,68.4
2026-09-01 15:14:17,67.84
2026-09-01 15:14:18,67.46
2026-09-01 15:14:19,68.17
2026-09-01 15:14:20,67.81
2026-09-01 15:14:21,68.47
2026-09-01 15:14:22,67.88
2026-09-01 15:14:23,68.25
2026-09-01 15:14:24,68.27
2026-09-01 15:14:25,67.51
2026-09-01 15:14:26,68.11
2026-09-01 15:14:27,68.53
2026-09-01 15:14:28,68.03
2026-09-01 15:14:29,68.46
2026-09-01 15:14:30,68.27
2026-09-01 15:14:31,68.13
2026-09-01 15:14:32,68.07
2026-09-01 15:14:33,67.98
2026-09-01 15:14:34,67.47
2026-09-01 15:14:35,68.32
2026-09-01 15:14:36,67.9
2026-09-01 15:14:37,68.45
2026-09-01 15:14:38,67.71
2026-09-01 15:14:39,68.27
2026-09-01 15:14:40,67.97
2026-09-01 15:14:41,67.99
2026-09-01 15:14:42,67.92
2026-09-01 15:14:43,68.3
2026-09-01 15:14:44,68.11
2026-09-01 15:14:45,68.01
2026-09-01 15:14:46,67.83
2026-09-01 15:14:47,68.02
2026-09-01 15:14:48,67.92
2026-09-01 15:14:49,67.91
2026-09-01 15:14:50,68.17
2026-09-01 15:14:51,67.61
2026-09-01 15:14:52,68.21
2026-09-01 15:14:53,68.67
2026-09-01 15:14:54,67.98
2026-09-01 15:14:55,68.34
2026-09-01 15:14:56,68.23
2026-09-01 15:14:57,68.08
2026-09-01 15:14:58,67.72
2026-09-01 15:14:59,67.83
2026-09-01 15:15:00,68.05
2026-09-01 15:15:01,68.37
2026-09-01 15:15:02,68.13
2026-09-01 15:15:03,68.13
2026-09-01 15:15:04,67.91
2026-09-01 15:15:05,67.87
2026-09-01 15:15:06,67.91
2026-09-01 15:15:07,68.62
2026-09-01 15:15:08,68.05
2026-09-01 15:15:09,67.45
2026-09-01 15:15:10,67.81
2026-09-01 15:15:11,68.59
2026-09-01 15:15:12,68.38
2026-09-01 15:15:13,67.95
2026-09-01 15:15:14,68.1
2026-09-01 15:15:15,67.93
2026-09-01 15:15:16,67.76
2026-09-01 15:15:17,67.78
2026-09-01 15:15:18,67.73
2026-09-01 15:15:19,68.19
2026-09-01 15:15:20,68.38
2026-09-01 15:15:21,68.25
2026-09-01 15:15:22,67.92
2026-09-01 15:15:23,68.39
2026-09-01 15:15:24,68.22
2026-09-01 15:15:25,67.87
2026-09-01 15:15:26,67.66
2026-09-01 15:15:27,68.33
2026-09-01 15:15:28,68.51
2026-09-01 15:15:29,67.86
2026-09-01 15:15:30,67.68
2026-09-01 15:15:31,68.1
2026-09-01 15:15:32,68.01
2026-09-01 15:15:33,68.08
2026-09-01 15:15:34,67.41
2026-09-01 15:15:35,67.74
2026-09-01 15:15:36,68.0
2026-09-01 15:15:37,68.3
2026-09-01 15:15:38,68.32
2026-09-01 15:15:39,67.75
2026-09-01 15:15:40,68.08
2026-09-01 15:15:41,68.29
2026-09-01 15:15:42,67.95
2026-09-01 15:15:43,67.81
2026-09-01 15:15:44,68.24
2026-09-01 15:15:45,68.25
2026-09-01 15:15:46,67.62
2026-09-01 15:15:47,67.71
2026-09-01 15:15:48,67.98
2026-09-01 15:15:49,67.9
2026-09-01 15:15:50,68.16
2026-09-01 15:15:51,68.03
2026-09-01 15:15:52,68.05
2026-09-01 15:15:53,68.37
2026-09-01 15:15:54,68.16
2026-09-01 15:15:55,67.86
2026-09-01 15:15:56,68.41
2026-09-01 15:15:57,67.93
2026-09-01 15:15:58,68.39
2026-09-01 15:15:59,68.2
2026-09-01 15:16:00,67.99
2026-09-01 15:16:01,68.67
2026-09-01 15:16:02,67.75
2026-09-01 15:16:03,68.28
2026-09-01 15:16:04,68.22
2026-09-01 15:16:05,68.05
2026-09-01 15:16:06,67.82
2026-09-01 15:16:07,68.1
2026-09-01 15:16:08,68.38
2026-09-01 15:16:09,68.35
2026-09-01 15:16:10,67.84
2026-09-01 15:16:11,68.04
2026-09-01 15:16:12,67.61
2026-09-01 15:16:13,67.95
2026-09-01 15:16:14,67.53
2026-09-01 15:16:15,68.06
2026-09-01 15:16:16,68.17
2026-09-01 15:16:17,68.45
2026-09-01 15:16:18,67.84
2026-09-01 15:16:19,68.35
2026-09-01 15:16:20,67.9
2026-09-01 15:16:21,68.3
2026-09-01 15:16:22,68.06
2026-09-01 15:16:23,67.71
2026-09-01 15:16:24,67.76
2026-09-01 15:16:25,68.09
2026-09-01 15:16:26,68.8
2026-09-01 15:16:27,68.17
2026-09-01 15:16:28,67.78
2026-09-01 15:16:29,67.99
2026-09-01 15:16:30,68.03
2026-09-01 15:16:31,68.02
2026-09-01 15:16:32,67.89
2026-09-01 15:16:33,67.82
2026-09-01 15:16:34,68.15
2026-09-01 15:16:35,68.32
2026-09-01 15:16:36,67.84
2026-09-01 15:16:37,67.76
2026-09-01 15:16:38,68.22
2026-09-01 15:16:39,68.22
2026-09-01 15:16:40,67.98
2026-09-01 15:16:41,68.09
2026-09-01 15:16:42,67.99
2026-09-01 15:16:43,68.39
2026-09-01 15:16:44,67.88
2026-09-01 15:16:45,68.22
2026-09-01 15:16:46,68.58
2026-09-01 15:16:47,67.96
2026-09-01 15:16:48,67.71
2026-09-01 15:16:49,67.82
2026-09-01 15:16:50,67.93
2026-09-01 15:16:51,67.96
2026-09-01 15:16:52,68.24
2026-09-01 15:16:53,67.59
2026-09-01 15:16:54,67.7
2026-09-01 15:16:55,68.4
2026-09-01 15:16:56,68.04
2026-09-01 15:16:57,67.92
2026-09-01 15:16:58,68.17
2026-09-01 15:16:59,68.18
2026-09-01 15:17:00,67.93
2026-09-01 15:17:01,68.15
2026-09-01 15:17:02,67.7
2026-09-01 15:17:03,68.32
2026-09-01 15:17:04,68.28
2026-09-01 15:17:05,67.76
2026-09-01 15:17:06,67.84
2026-09-01 15:17:07,67.68
2026-09-01 15:17:08,67.96
2026-09-01 15:17:09,68.74
2026-09-01 15:17:10,67.8
2026-09-01 15:17:11,67.72
2026-09-01 15:17:12,67.69
2026-09-01 15:17:13,68.39
2026-09-01 15:17:14,68.6
2026-09-01 15:17:15,68.18
2026-09-01 15:17:16,68.48
2026-09-01 15:17:17,67.64
2026-09-01 15:17:18,67.94
2026-09-01 15:17:19,68.16
2026-09-01 15:17:20,68.24
2026-09-01 15:17:21,67.82
2026-09-01 15:17:22,68.55
2026-09-01 15:17:23,67.97
2026-09-01 15:17:24,68.47
2026-09-01 15:17:25,68.15
2026-09-01 15:17:26,67.88
2026-09-01 15:17:27,68.18
2026-09-01 15:17:28,67.88
2026-09-01 15:17:29,68.25
2026-09-01 15:17:30,68.3
2026-09-01 15:17:31,68.34
2026-09-01 15:17:32,67.65
2026-09-01 15:17:33,67.9
2026-09-01 15:17:34,67.88
2026-09-01 15:17:35,67.97
2026-09-01 15:17:36,68.3
2026-09-01 15:17:37,68.14
2026-09-01 15:17:38,68.3
2026-09-01 15:17:39,68.26
2026-09-01 15:17:40,68.28
2026-09-01 15:17:41,68.32
2026-09-01 15:17:42,67.99
2026-09-01 15:17:43,68.03
2026-09-01 15:17:44,67.92
2026-09-01 15:17:45,67.79
2026-09-01 15:17:46,68.26
2026-09-01 15:17:47,68.33
2026-09-01 15:17:48,68.04
2026-09-01 15:17:49,67.53
2026-09-01 15:17:50,68.3
2026-09-01 15:17:51,68.31
2026-09-01 15:17:52,68.22
2026-09-01 15:17:53,68.0
2026-09-01 15:17:54,67.58
2026-09-01 15:17:55,67.94
2026-09-01 15:17:56,68.22
2026-09-01 15:17:57,67.91
2026-09-01 15:17:58,68.46
2026-09-01 15:17:59,68.01
2026-09-01 15:18:00,68.3
2026-09-01 15:18:01,68.71
2026-09-01 15:18:02,68.06
2026-09-01 15:18:03,68.06
2026-09-01 15:18:04,67.99
2026-09-01 15:18:05,67.94
2026-09-01 15:18:06,68.19
2026-09-01 15:18:07,67.77
2026-09-01 15:18:08,68.51
2026-09-01 15:18:09,68.23
2026-09-01 15:18:10,67.99
2026-09-01 15:18:11,68.57
2026-09-01 15:18:12,67.97
2026-09-01 15:18:13,68.02
2026-09-01 15:18:14,68.19
2026-09-01 15:18:15,67.65
2026-09-01 15:18:16,68.02
2026-09-01 15:18:17,68.62
2026-09-01 15:18:18,68.47
2026-09-01 15:18:19,67.97
2026-09-01 15:18:20,67.9
2026-09-01 15:18:21,68.0
2026-09-01 15:18:22,68.25
2026-09-01 15:18:23,67.97
2026-09-01 15:18:24,68.3
2026-09-01 15:18:25,67.83
2026-09-01 15:18:26,68.1
2026-09-01 15:18:27,67.93
2026-09-01 15:18:28,68.39
2026-09-01 15:18:29,68.37
2026-09-01 15:18:30,67.65
2026-09-01 15:18:31,67.72
2026-09-01 15:18:32,68.46
2026-09-01 15:18:33,68.7
2026-09-01 15:18:34,67.83
2026-09-01 15:18:35,68.3
2026-09-01 15:18:36,68.16
2026-09-01 15:18:37,67.71
2026-09-01 15:18:38,67.97
2026-09-01 15:18:39,67.94
2026-09-01 15:18:40,67.92
2026-09-01 15:18:41,67.93
2026-09-01 15:18:42,67.77
2026-09-01 15:18:43,68.12
2026-09-01 15:18:44,67.78
2026-09-01 15:18:45,68.13
2026-09-01 15:18:46,68.62
2026-09-01 15:18:47,68.38
2026-09-01 15:18:48,67.87
2026-09-01 15:18:49,67.97
2026-09-01 15:18:50,68.08
2026-09-01 15:18:51,68.52
2026-09-01 15:18:52,67.96
2026-09-01 15:18:53,67.73
2026-09-01 15:18:54,67.64
2026-09-01 15:18:55,67.96
2026-09-01 15:18:56,67.5
2026-09-01 15:18:57,68.47
2026-09-01 15:18:58,68.22
2026-09-01 15:18:59,68.54
2026-09-01 15:19:00,68.19
2026-09-01 15:19:01,68.39
2026-09-01 15:19:02,68.18
2026-09-01 15:19:03,67.83
2026-09-01 15:19:04,67.89
2026-09-01 15:19:05,68.01
2026-09-01 15:19:06,68.18
2026-09-01 15:19:07,67.84
2026-09-01 15:19:08,68.07
2026-09-01 15:19:09,68.07
2026-09-01 15:19:10,68.41
2026-09-01 15:19:11,68.36
2026-09-01 15:19:12,67.98
2026-09-01 15:19:13,67.96
2026-09-01 15:19:14,68.51
2026-09-01 15:19:15,67.9
2026-09-01 15:19:16,68.26
2026-09-01 15:19:17,68.32
2026-09-01 15:19:18,68.15
2026-09-01 15:19:19,67.84
2026-09-01 15:19:20,68.31
2026-09-01 15:19:21,68.1
2026-09-01 15:19:22,67.5
2026-09-01 15:19:23,68.31
2026-09-01 15:19:24,67.73
2026-09-01 15:19:25,67.78
2026-09-01 15:19:26,67.61
2026-09-01 15:19:27,67.89
2026-09-01 15:19:28,68.0
2026-09-01 15:19:29,68.25
2026-09-01 15:19:30,68.15
2026-09-01 15:19:31,67.79
2026-09-01 15:19:32,68.29
2026-09-01 15:19:33,68.19
2026-09-01 15:19:34,67.63
2026-09-01 15:19:35,67.94
2026-09-01 15:19:36,68.21
2026-09-01 15:19:37,67.94
2026-09-01 15:19:38,68.01
2026-09-01 15:19:39,67.95
2026-09-01 15:19:40,67.85
2026-09-01 15:19:41,67.97
2026-09-01 15:19:42,68.06
2026-09-01 15:19:43,68.21
2026-09-01 15:19:44,67.61
2026-09-01 15:19:45,68.22
2026-09-01 15:19:46,68.29
2026-09-01 15:19:47,68.33
2026-09-01 15:19:48,68.45
2026-09-01 15:19:49,68.32
2026-09-01 15:19:50,67.78
2026-09-01 15:19:51,68.6
2026-09-01 15:19:52,68.24
2026-09-01 15:19:53,67.94
2026-09-01 15:19:54,68.02
2026-09-01 15:19:55,67.69
2026-09-01 15:19:56,67.41
2026-09-01 15:19:57,68.21
2026-09-01 15:19:58,68.36
2026-09-01 15:19:59,68.13
