timestamp,vibration_mm_s
2026-09-01 12:00:00,2.335
2026-09-01 12:00:01,2.142
2026-09-01 12:00:02,2.661
2026-09-01 12:00:03,2.374
2026-09-01 12:00:04,2.114
2026-09-01 12:00:05,1.89
2026-09-01 12:00:06,1.894
2026-09-01 12:00:07,2.183
2026-09-01 12:00:08,1.618
2026-09-01 12:00:09,2.128
2026-09-01 12:00:10,1.772
2026-09-01 12:00:11,1.883
2026-09-01 12:00:12,1.999
2026-09-01 12:00:13,2.376
2026-09-01 12:00:14,2.214
2026-09-01 12:00:15,2.534
2026-09-01 12:00:16,2.332
2026-09-01 12:00:17,1.909
2026-09-01 12:00:18,2.176
2026-09-01 12:00:19,1.911
2026-09-01 12:00:20,2.674
2026-09-01 12:00:21,1.874
2026-09-01 12:00:22,2.227
2026-09-01 12:00:23,1.832
2026-09-01 12:00:24,2.182
2026-09-01 12:00:25,2.426
2026-09-01 12:00:26,2.298
2026-09-01 12:00:27,2.32
2026-09-01 12:00:28,2.384
2026-09-01 12:00:29,1.922
2026-09-01 12:00:30,1.891
2026-09-01 12:00:31,1.936
2026-09-01 12:00:32,2.082
2026-09-01 12:00:33,1.89
2026-09-01 12:00:34,1.605
2026-09-01 12:00:35,2.126
2026-09-01 12:00:36,1.875
2026-09-01 12:00:37,2.251
2026-09-01 12:00:38,1.98
2026-09-01 12:00:39,1.744
2026-09-01 12:00:40,2.307
2026-09-01 12:00:41,2.392
2026-09-01 12:00:42,2.119
2026-09-01 12:00:43,1.996
2026-09-01 12:00:44,1.762
2026-09-01 12:00:45,2.505
2026-09-01 12:00:46,1.798
2026-09-01 12:00:47,2.279
2026-09-01 12:00:48,2.616
2026-09-01 12:00:49,2.105
2026-09-01 12:00:50,1.629
2026-09-01 12:00:51,2.32
2026-09-01 12:00:52,2.282
2026-09-01 12:00:53,2.576
2026-09-01 12:00:54,1.861
2026-09-01 12:00:55,2.337
2026-09-01 12:00:56,1.689
2026-09-01 12:00:57,2.206
2026-09-01 12:00:58,2.549
2026-09-01 12:00:59,2.458
2026-09-01 12:01:00,2.131
2026-09-01 12:01:01,2.039
2026-09-01 12:01:02,2.191
2026-09-01 12:01:03,2.04
2026-09-01 12:01:04,2.126
2026-09-01 12:01:05,2.185
2026-09-01 12:01:06,1.855
2026-09-01 12:01:07,2.056
2026-09-01 12:01:08,2.299
2026-09-01 12:01:09,1.855
2026-09-01 12:01:10,2.377
2026-09-01 12:01:11,2.471
2026-09-01 12:01:12,2.024
2026-09-01 12:01:13,2.276
2026-09-01 12:01:14,2.167
2026-09-01 12:01:15,1.697
2026-09-01 12:01:16,2.423
2026-09-01 12:01:17,2.364
2026-09-01 12:01:18,1.901
2026-09-01 12:01:19,2.104
2026-09-01 12:01:20,1.982
2026-09-01 12:01:21,2.441
2026-09-01 12:01:22,2.057
2026-09-01 12:01:23,2.371
2026-09-01 12:01:24,2.225
2026-09-01 12:01:25,1.682
2026-09-01 12:01:26,2.351
2026-09-01 12:01:27,2.038
2026-09-01 12:01:28,2.295
2026-09-01 12:01:29,2.597
2026-09-01 12:01:30,2.267
2026-09-01 12:01:31,2.048
2026-09-01 12:01:32,2.157
2026-09-01 12:01:33,2.013
2026-09-01 12:01:34,2.382
2026-09-01 12:01:35,2.474
2026-09-01 12:01:36,1.45
2026-09-01 12:01:37,1.952
2026-09-01 12:01:38,2.014
2026-09-01 12:01:39,2.413
2026-09-01 12:01:40,2.117
2026-09-01 12:01:41,2.467
2026-09-01 12:01:42,2.467
2026-09-01 12:01:43,1.859
2026-09-01 12:01:44,2.091
2026-09-01 12:01:45,2.162
2026-09-01 12:01:46,1.837
2026-09-01 12:01:47,1.948
2026-09-01 12:01:48,1.789
2026-09-01 12:01:49,2.189
2026-09-01 12:01:50,1.982
2026-09-01 12:01:51,2.349
2026-09-01 12:01:52,2.379
2026-09-01 12:01:53,2.264
2026-09-01 12:01:54,2.31
2026-09-01 12:01:55,2.065
2026-09-01 12:01:56,2.61
2026-09-01 12:01:57,2.393
2026-09-01 12:01:58,2.159
2026-09-01 12:01:59,1.948
2026-09-01 12:02:00,2.102
2026-09-01 12:02:01,1.968
2026-09-01 12:02:02,2.466
2026-09-01 12:02:03,2.097
2026-09-01 12:02:04,1.759
2026-09-01 12:02:05,1.862
2026-09-01 12:02:06,1.713
2026-09-01 12:02:07,2.031
2026-09-01 12:02:08,2.252
2026-09-01 12:02:09,2.25
2026-09-01 12:02:10,2.124
2026-09-01 12:02:11,2.232
2026-09-01 12:02:12,2.513
2026-09-01 12:02:13,2.301
2026-09-01 12:02:14,2.143
2026-09-01 12:02:15,1.677
2026-09-01 12:02:16,1.988
2026-09-01 12:02:17,2.121
2026-09-01 12:02:18,2.544
2026-09-01 12:02:19,1.883
2026-09-01 12:02:20,2.118
2026-09-01 12:02:21,1.796
2026-09-01 12:02:22,1.626
2026-09-01 12:02:23,2.272
2026-09-01 12:02:24,1.737
2026-09-01 12:02:25,2.103
2026-09-01 12:02:26,1.862
2026-09-01 12:02:27,1.437
2026-09-01 12:02:28,2.137
2026-09-01 12:02:29,1.809
2026-09-01 12:02:30,1.293
2026-09-01 12:02:31,2.297
2026-09-01 12:02:32,2.653
2026-09-01 12:02:33,1.905
2026-09-01 12:02:34,2.039
2026-09-01 12:02:35,2.019
2026-09-01 12:02:36,1.81
2026-09-01 12:02:37,2.215
2026-09-01 12:02:38,1.692
2026-09-01 12:02:39,1.958
2026-09-01 12:02:40,2.647
2026-09-01 12:02:41,2.376
2026-09-01 12:02:42,2.275
2026-09-01 12:02:43,2.381
2026-09-01 12:02:44,2.204
2026-09-01 12:02:45,2.018
2026-09-01 12:02:46,2.11
2026-09-01 12:02:47,1.83
2026-09-01 12:02:48,1.624
2026-09-01 12:02:49,2.18
2026-09-01 12:02:50,1.878
2026-09-01 12:02:51,2.213
2026-09-01 12:02:52,2.393
2026-09-01 12:02:53,2.15
2026-09-01 12:02:54,2.174
2026-09-01 12:02:55,1.911
2026-09-01 12:02:56,1.941
2026-09-01 12:02:57,2.022
2026-09-01 12:02:58,1.976
2026-09-01 12:02:59,2.219
2026-09-01 12:03:00,1.893
2026-09-01 12:03:01,2.413
2026-09-01 12:03:02,2.03
2026-09-01 12:03:03,2.204
2026-09-01 12:03:04,2.311
2026-09-01 12:03:05,2.079
2026-09-01 12:03:06,2.285
2026-09-01 12:03:07,1.936
2026-09-01 12:03:08,2.381
2026-09-01 12:03:09,2.44
2026-09-01 12:03:10,2.319
2026-09-01 12:03:11,2.047
2026-09-01 12:03:12,2.49
2026-09-01 12:03:13,1.862
2026-09-01 12:03:14,2.164
2026-09-01 12:03:15,2.187
2026-09-01 12:03:16,2.441
2026-09-01 12:03:17,1.926
2026-09-01 12:03:18,2.054
2026-09-01 12:03:19,1.993
2026-09-01 12:03:20,1.698
2026-09-01 12:03:21,1.737
2026-09-01 12:03:22,2.299
2026-09-01 12:03:23,2.194
2026-09-01 12:03:24,2.034
2026-09-01 12:03:25,2.285
2026-09-01 12:03:26,2.154
2026-09-01 12:03:27,1.897
2026-09-01 12:03:28,1.823
2026-09-01 12:03:29,2.211
2026-09-01 12:03:30,1.719
2026-09-01 12:03:31,2.218
2026-09-01 12:03:32,2.187
2026-09-01 12:03:33,2.565
2026-09-01 12:03:34,2.567
2026-09-01 12:03:35,2.038
2026-09-01 12:03:36,2.137
2026-09-01 12:03:37,2.56
2026-09-01 12:03:38,2.142
2026-09-01 12:03:39,1.676
2026-09-01 12:03:40,1.774
2026-09-01 12:03:41,2.099
2026-09-01 12:03:42,1.785
2026-09-01 12:03:43,1.841
2026-09-01 12:03:44,2.021
2026-09-01 12:03:45,1.946
2026-09-01 12:03:46,2.206
2026-09-01 12:03:47,2.425
2026-09-01 12:03:48,1.978
2026-09-01 12:03:49,2.119
2026-09-01 12:03:50,1.791
2026-09-01 12:03:51,2.161
2026-09-01 12:03:52,1.687
2026-09-01 12:03:53,2.152
2026-09-01 12:03:54,2.347
2026-09-01 12:03:55,2.055
2026-09-01 12:03:56,1.959
2026-09-01 12:03:57,2.126
2026-09-01 12:03:58,2.084
2026-09-01 12:03:59,1.786
2026-09-01 12:04:00,2.069
2026-09-01 12:04:01,2.614
2026-09-01 12:04:02,2.384
2026-09-01 12:04:03,2.25
2026-09-01 12:04:04,2.036
2026-09-01 12:04:05,2.251
2026-09-01 12:04:06,1.792
2026-09-01 12:04:07,2.619
2026-09-01 12:04:08,2.432
2026-09-01 12:04:09,2.05
2026-09-01 12:04:10,2.212
2026-09-01 12:04:11,1.873
2026-09-01 12:04:12,1.771
2026-09-01 12:04:13,1.973
2026-09-01 12:04:14,2.25
2026-09-01 12:04:15,2.198
2026-09-01 12:04:16,2.114
2026-09-01 12:04:17,1.941
2026-09-01 12:04:18,2.326
2026-09-01 12:04:19,2.747
2026-09-01 12:04:20,2.049
2026-09-01 12:04:21,2.094
2026-09-01 12:04:22,2.018
2026-09-01 12:04:23,2.091
2026-09-01 12:04:24,1.696
2026-09-01 12:04:25,2.309
2026-09-01 12:04:26,1.842
2026-09-01 12:04:27,1.739
2026-09-01 12:04:28,2.143
2026-09-01 12:04:29,2.437
2026-09-01 12:04:30,2.133
2026-09-01 12:04:31,1.616
2026-09-01 12:04:32,2.216
2026-09-01 12:04:33,2.351
2026-09-01 12:04:34,1.971
2026-09-01 12:04:35,2.403
2026-09-01 12:04:36,2.168
2026-09-01 12:04:37,2.365
2026-09-01 12:04:38,2.419
2026-09-01 12:04:39,2.019
2026-09-01 12:04:40,2.072
2026-09-01 12:04:41,2.19
2026-09-01 12:04:42,2.254
2026-09-01 12:04:43,1.893
2026-09-01 12:04:44,2.002
2026-09-01 12:04:45,2.261
2026-09-01 12:04:46,2.38
2026-09-01 12:04:47,1.642
2026-09-01 12:04:48,2.116
2026-09-01 12:04:49,2.464
2026-09-01 12:04:50,2.62
2026-09-01 12:04:51,1.819
2026-09-01 12:04:52,1.87
2026-09-01 12:04:53,1.981
2026-09-01 12:04:54,2.158
2026-09-01 12:04:55,2.137
2026-09-01 12:04:56,2.035
2026-09-01 12:04:57,1.938
2026-09-01 12:04:58,1.932
2026-09-01 12:04:59,2.035
2026-09-01 12:05:00,2.251
2026-09-01 12:05:01,2.549
2026-09-01 12:05:02,2.248
2026-09-01 12:05:03,2.158
2026-09-01 12:05:04,1.927
2026-09-01 12:05:05,2.105
2026-09-01 12:05:06,1.522
2026-09-01 12:05:07,2.137
2026-09-01 12:05:08,2.244
2026-09-01 12:05:09,1.967
2026-09-01 12:05:10,1.996
2026-09-01 12:05:11,2.101
2026-09-01 12:05:12,2.057
2026-09-01 12:05:13,2.124
2026-09-01 12:05:14,2.262
2026-09-01 12:05:15,2.175
2026-09-01 12:05:16,2.083
2026-09-01 12:05:17,2.108
2026-09-01 12:05:18,1.819
2026-09-01 12:05:19,1.96
2026-09-01 12:05:20,2.264
2026-09-01 12:05:21,2.203
2026-09-01 12:05:22,1.915
2026-09-01 12:05:23,2.169
2026-09-01 12:05:24,1.561
2026-09-01 12:05:25,2.073
2026-09-01 12:05:26,1.883
2026-09-01 12:05:27,1.904
2026-09-01 12:05:28,2.07
2026-09-01 12:05:29,2.148
2026-09-01 12:05:30,1.619
2026-09-01 12:05:31,1.714
2026-09-01 12:05:32,1.792
2026-09-01 12:05:33,2.151
2026-09-01 12:05:34,2.255
2026-09-01 12:05:35,2.277
2026-09-01 12:05:36,1.953
2026-09-01 12:05:37,2.181
2026-09-01 12:05:38,2.207
2026-09-01 12:05:39,1.829
2026-09-01 12:05:40,1.863
2026-09-01 12:05:41,2.32
2026-09-01 12:05:42,1.952
2026-09-01 12:05:43,2.199
2026-09-01 12:05:44,1.823
2026-09-01 12:05:45,1.978
2026-09-01 12:05:46,1.919
2026-09-01 12:05:47,2.196
2026-09-01 12:05:48,2.044
2026-09-01 12:05:49,2.458
2026-09-01 12:05:50,2.105
2026-09-01 12:05:51,2.102
2026-09-01 12:05:52,1.771
2026-09-01 12:05:53,2.19
2026-09-01 12:05:54,2.02
2026-09-01 12:05:55,2.378
2026-09-01 12:05:56,2.077
2026-09-01 12:05:57,1.771
2026-09-01 12:05:58,1.995
2026-09-01 12:05:59,1.32
2026-09-01 12:06:00,2.346
2026-09-01 12:06:01,2.137
2026-09-01 12:06:02,2.336
2026-09-01 12:06:03,1.915
2026-09-01 12:06:04,2.548
2026-09-01 12:06:05,2.77
2026-09-01 12:06:06,2.398
2026-09-01 12:06:07,1.549
2026-09-01 12:06:08,2.271
2026-09-01 12:06:09,2.201
2026-09-01 12:06:10,2.108
2026-09-01 12:06:11,1.862
2026-09-01 12:06:12,2.117
2026-09-01 12:06:13,2.05
2026-09-01 12:06:14,1.482
2026-09-01 12:06:15,1.775
2026-09-01 12:06:16,1.764
2026-09-01 12:06:17,1.779
2026-09-01 12:06:18,2.027
2026-09-01 12:06:19,2.283
2026-09-01 12:06:20,2.189
2026-09-01 12:06:21,2.31
2026-09-01 12:06:22,2.09
2026-09-01 12:06:23,1.489
2026-09-01 12:06:24,2.296
2026-09-01 12:06:25,2.225
2026-09-01 12:06:26,2.398
2026-09-01 12:06:27,1.758
2026-09-01 12:06:28,1.947
2026-09-01 12:06:29,2.175
2026-09-01 12:06:30,2.138
2026-09-01 12:06:31,2.076
2026-09-01 12:06:32,2.027
2026-09-01 12:06:33,1.753
2026-09-01 12:06:34,2.002
2026-09-01 12:06:35,2.346
2026-09-01 12:06:36,2.405
2026-09-01 12:06:37,2.145
2026-09-01 12:06:38,2.005
2026-09-01 12:06:39,2.106
2026-09-01 12:06:40,2.018
2026-09-01 12:06:41,2.342
2026-09-01 12:06:42,2.273
2026-09-01 12:06:43,2.221
2026-09-01 12:06:44,1.915
2026-09-01 12:06:45,1.992
2026-09-01 12:06:46,2.487
2026-09-01 12:06:47,2.066
2026-09-01 12:06:48,2.087
2026-09-01 12:06:49,2.839
2026-09-01 12:06:50,1.952
2026-09-01 12:06:51,1.738
2026-09-01 12:06:52,2.23
2026-09-01 12:06:53,2.091
2026-09-01 12:06:54,2.437
2026-09-01 12:06:55,2.032
2026-09-01 12:06:56,2.25
2026-09-01 12:06:57,2.292
2026-09-01 12:06:58,2.16
2026-09-01 12:06:59,1.718
2026-09-01 12:07:00,2.126
2026-09-01 12:07:01,2.167
2026-09-01 12:07:02,2.184
2026-09-01 12:07:03,2.143
2026-09-01 12:07:04,1.413
2026-09-01 12:07:05,2.354
2026-09-01 12:07:06,2.217
2026-09-01 12:07:07,2.39
2026-09-01 12:07:08,1.905
2026-09-01 12:07:09,2.203
2026-09-01 12:07:10,2.251
2026-09-01 12:07:11,2.059
2026-09-01 12:07:12,2.265
2026-09-01 12:07:13,1.91
2026-09-01 12:07:14,2.418
2026-09-01 12:07:15,2.537
2026-09-01 12:07:16,2.312
2026-09-01 12:07:17,2.249
2026-09-01 12:07:18,1.677
2026-09-01 12:07:19,2.049
2026-09-01 12:07:20,2.199
2026-09-01 12:07:21,2.098
2026-09-01 12:07:22,2.194
2026-09-01 12:07:23,1.958
2026-09-01 12:07:24,2.184
2026-09-01 12:07:25,2.281
2026-09-01 12:07:26,2.138
2026-09-01 12:07:27,2.199
2026-09-01 12:07:28,2.335
2026-09-01 12:07:29,1.791
2026-09-01 12:07:30,1.703
2026-09-01 12:07:31,2.05
2026-09-01 12:07:32,2.106
2026-09-01 12:07:33,1.81
2026-09-01 12:07:34,2.441
2026-09-01 12:07:35,1.739
2026-09-01 12:07:36,1.801
2026-09-01 12:07:37,2.123
2026-09-01 12:07:38,2.055
2026-09-01 12:07:39,1.993
2026-09-01 12:07:40,1.972
2026-09-01 12:07:41,2.112
2026-09-01 12:07:42,2.038
2026-09-01 12:07:43,2.325
2026-09-01 12:07:44,2.353
2026-09-01 12:07:45,1.934
2026-09-01 12:07:46,1.88
2026-09-01 12:07:47,2.051
2026-09-01 12:07:48,2.156
2026-09-01 12:07:49,1.424
2026-09-01 12:07:50,2.274
2026-09-01 12:07:51,2.284
2026-09-01 12:07:52,1.962
2026-09-01 12:07:53,1.91
2026-09-01 12:07:54,2.745
2026-09-01 12:07:55,1.956
2026-09-01 12:07:56,2.002
2026-09-01 12:07:57,2.145
2026-09-01 12:07:58,2.454
2026-09-01 12:07:59,1.818
2026-09-01 12:08:00,2.429
2026-09-01 12:08:01,2.137
2026-09-01 12:08:02,1.936
2026-09-01 12:08:03,1.662
2026-09-01 12:08:04,2.565
2026-09-01 12:08:05,1.952
2026-09-01 12:08:06,1.951
2026-09-01 12:08:07,2.263
2026-09-01 12:08:08,1.621
2026-09-01 12:08:09,2.063
2026-09-01 12:08:10,1.74
2026-09-01 12:08:11,2.195
2026-09-01 12:08:12,2.045
2026-09-01 12:08:13,2.448
2026-09-01 12:08:14,2.1
2026-09-01 12:08:15,2.254
2026-09-01 12:08:16,2.036
2026-09-01 12:08:17,2.166
2026-09-01 12:08:18,2.079
2026-09-01 12:08:19,1.961
2026-09-01 12:08:20,2.402
2026-09-01 12:08:21,2.131
2026-09-01 12:08:22,2.199
2026-09-01 12:08:23,2.301
2026-09-01 12:08:24,2.001
2026-09-01 12:08:25,2.264
2026-09-01 12:08:26,2.196
2026-09-01 12:08:27,1.859
2026-09-01 12:08:28,1.991
2026-09-01 12:08:29,2.349
2026-09-01 12:08:30,2.222
2026-09-01 12:08:31,2.121
2026-09-01 12:08:32,2.218
2026-09-01 12:08:33,1.671
2026-09-01 12:08:34,2.378
2026-09-01 12:08:35,2.034
2026-09-01 12:08:36,2.143
2026-09-01 12:08:37,2.121
2026-09-01 12:08:38,1.895
2026-09-01 12:08:39,1.809
2026-09-01 12:08:40,2.26
2026-09-01 12:08:41,2.297
2026-09-01 12:08:42,2.556
2026-09-01 12:08:43,2.197
2026-09-01 12:08:44,1.983
2026-09-01 12:08:45,2.216
2026-09-01 12:08:46,1.751
2026-09-01 12:08:47,2.213
2026-09-01 12:08:48,1.903
2026-09-01 12:08:49,2.296
2026-09-01 12:08:50,1.878
2026-09-01 12:08:51,2.143
2026-09-01 12:08:52,2.393
2026-09-01 12:08:53,2.227
2026-09-01 12:08:54,2.326
2026-09-01 12:08:55,2.294
2026-09-01 12:08:56,2.329
2026-09-01 12:08:57,1.925
2026-09-01 12:08:58,2.364
2026-09-01 12:08:59,2.99
2026-09-01 12:09:00,2.065
2026-09-01 12:09:01,2.115
2026-09-01 12:09:02,2.286
2026-09-01 12:09:03,1.696
2026-09-01 12:09:04,1.628
2026-09-01 12:09:05,2.204
2026-09-01 12:09:06,2.159
2026-09-01 12:09:07,2.235
2026-09-01 12:09:08,2.291
2026-09-01 12:09:09,1.825
2026-09-01 12:09:10,1.916
2026-09-01 12:09:11,2.081
2026-09-01 12:09:12,2.004
2026-09-01 12:09:13,2.291
2026-09-01 12:09:14,2.501
2026-09-01 12:09:15,2.364
2026-09-01 12:09:16,1.932
2026-09-01 12:09:17,1.722
2026-09-01 12:09:18,2.201
2026-09-01 12:09:19,2.397
2026-09-01 12:09:20,2.283
2026-09-01 12:09:21,1.988
2026-09-01 12:09:22,2.551
2026-09-01 12:09:23,1.921
2026-09-01 12:09:24,2.17
2026-09-01 12:09:25,2.279
2026-09-01 12:09:26,1.966
2026-09-01 12:09:27,2.059
2026-09-01 12:09:28,2.103
2026-09-01 12:09:29,1.922
2026-09-01 12:09:30,1.936
2026-09-01 12:09:31,1.733
2026-09-01 12:09:32,2.129
2026-09-01 12:09:33,2.578
2026-09-01 12:09:34,1.91
2026-09-01 12:09:35,1.848
2026-09-01 12:09:36,2.146
2026-09-01 12:09:37,2.292
2026-09-01 12:09:38,2.167
2026-09-01 12:09:39,1.581
2026-09-01 12:09:40,2.277
2026-09-01 12:09:41,1.579
2026-09-01 12:09:42,2.633
2026-09-01 12:09:43,2.152
2026-09-01 12:09:44,2.651
2026-09-01 12:09:45,2.062
2026-09-01 12:09:46,2.146
2026-09-01 12:09:47,2.203
2026-09-01 12:09:48,1.878
2026-09-01 12:09:49,1.809
2026-09-01 12:09:50,2.067
2026-09-01 12:09:51,1.45
2026-09-01 12:09:52,2.004
2026-09-01 12:09:53,2.441
2026-09-01 12:09:54,2.297
2026-09-01 12:09:55,1.774
2026-09-01 12:09:56,2.044
2026-09-01 12:09:57,2.04
2026-09-01 12:09:58,1.839
2026-09-01 12:09:59,2.39
2026-09-01 12:10:00,2.105
2026-09-01 12:10:01,2.151
2026-09-01 12:10:02,1.689
2026-09-01 12:10:03,1.939
2026-09-01 12:10:04,2.313
2026-09-01 12:10:05,2.391
2026-09-01 12:10:06,1.767
2026-09-01 12:10:07,2.118
2026-09-01 12:10:08,2.276
2026-09-01 12:10:09,2.239
2026-09-01 12:10:10,2.052
2026-09-01 12:10:11,2.093
2026-09-01 12:10:12,2.314
2026-09-01 12:10:13,2.336
2026-09-01 12:10:14,1.798
2026-09-01 12:10:15,2.371
2026-09-01 12:10:16,2.044
2026-09-01 12:10:17,2.182
2026-09-01 12:10:18,1.904
2026-09-01 12:10:19,1.858
2026-09-01 12:10:20,2.034
2026-09-01 12:10:21,2.659
2026-09-01 12:10:22,2.554
2026-09-01 12:10:23,2.133
2026-09-01 12:10:24,2.165
2026-09-01 12:10:25,2.473
2026-09-01 12:10:26,1.744
2026-09-01 12:10:27,1.982
2026-09-01 12:10:28,1.88
2026-09-01 12:10:29,2.37
2026-09-01 12:10:30,1.967
2026-09-01 12:10:31,1.748
2026-09-01 12:10:32,2.106
2026-09-01 12:10:33,1.871
2026-09-01 12:10:34,1.994
2026-09-01 12:10:35,2.272
2026-09-01 12:10:36,2.137
2026-09-01 12:10:37,2.136
2026-09-01 12:10:38,1.94
2026-09-01 12:10:39,2.129
2026-09-01 12:10:40,2.096
2026-09-01 12:10:41,1.824
2026-09-01 12:10:42,1.852
2026-09-01 12:10:43,1.995
2026-09-01 12:10:44,2.092
2026-09-01 12:10:45,1.639
2026-09-01 12:10:46,2.075
2026-09-01 12:10:47,1.892
2026-09-01 12:10:48,1.59
2026-09-01 12:10:49,2.251
2026-09-01 12:10:50,2.459
2026-09-01 12:10:51,2.156
2026-09-01 12:10:52,2.042
2026-09-01 12:10:53,2.269
2026-09-01 12:10:54,2.1
2026-09-01 12:10:55,1.941
2026-09-01 12:10:56,2.245
2026-09-01 12:10:57,2.406
2026-09-01 12:10:58,2.148
2026-09-01 12:10:59,1.783
2026-09-01 12:11:00,2.171
2026-09-01 12:11:01,2.136
2026-09-01 12:11:02,2.38
2026-09-01 12:11:03,2.072
2026-09-01 12:11:04,2.221
2026-09-01 12:11:05,1.937
2026-09-01 12:11:06,1.677
2026-09-01 12:11:07,2.193
2026-09-01 12:11:08,1.811
2026-09-01 12:11:09,2.119
2026-09-01 12:11:10,2.06
2026-09-01 12:11:11,2.046
2026-09-01 12:11:12,2.156
2026-09-01 12:11:13,1.871
2026-09-01 12:11:14,1.927
2026-09-01 12:11:15,2.144
2026-09-01 12:11:16,2.081
2026-09-01 12:11:17,1.778
2026-09-01 12:11:18,2.249
2026-09-01 12:11:19,2.316
2026-09-01 12:11:20,2.416
2026-09-01 12:11:21,2.138
2026-09-01 12:11:22,1.833
2026-09-01 12:11:23,2.329
2026-09-01 12:11:24,2.262
2026-09-01 12:11:25,1.748
2026-09-01 12:11:26,2.183
2026-09-01 12:11:27,1.879
2026-09-01 12:11:28,2.29
2026-09-01 12:11:29,1.891
2026-09-01 12:11:30,2.313
2026-09-01 12:11:31,2.439
2026-09-01 12:11:32,2.245
2026-09-01 12:11:33,2.333
2026-09-01 12:11:34,1.77
2026-09-01 12:11:35,1.632
2026-09-01 12:11:36,2.422
2026-09-01 12:11:37,2.307
2026-09-01 12:11:38,2.149
2026-09-01 12:11:39,2.294
2026-09-01 12:11:40,2.546
2026-09-01 12:11:41,2.125
2026-09-01 12:11:42,2.243
2026-09-01 12:11:43,2.461
2026-09-01 12:11:44,2.034
2026-09-01 12:11:45,1.927
2026-09-01 12:11:46,1.972
2026-09-01 12:11:47,1.834
2026-09-01 12:11:48,1.83
2026-09-01 12:11:49,1.61
2026-09-01 12:11:50,2.139
2026-09-01 12:11:51,1.882
2026-09-01 12:11:52,2.056
2026-09-01 12:11:53,1.992
2026-09-01 12:11:54,2.228
2026-09-01 12:11:55,2.023
2026-09-01 12:11:56,2.12
2026-09-01 12:11:57,2.511
2026-09-01 12:11:58,2.344
2026-09-01 12:11:59,2.239
2026-09-01 12:12:00,2.002
2026-09-01 12:12:01,1.802
2026-09-01 12:12:02,1.944
2026-09-01 12:12:03,2.373
2026-09-01 12:12:04,1.78
2026-09-01 12:12:05,1.923
2026-09-01 12:12:06,1.786
2026-09-01 12:12:07,1.886
2026-09-01 12:12:08,2.25
2026-09-01 12:12:09,1.967
2026-09-01 12:12:10,1.642
2026-09-01 12:12:11,2.171
2026-09-01 12:12:12,2.216
2026-09-01 12:12:13,2.039
2026-09-01 12:12:14,2.708
2026-09-01 12:12:15,2.301
2026-09-01 12:12:16,1.42
2026-09-01 12:12:17,2.247
2026-09-01 12:12:18,2.396
2026-09-01 12:12:19,2.051
2026-09-01 12:12:20,2.173
2026-09-01 12:12:21,1.733
2026-09-01 12:12:22,2.207
2026-09-01 12:12:23,2.053
2026-09-01 12:12:24,1.943
2026-09-01 12:12:25,2.157
2026-09-01 12:12:26,1.752
2026-09-01 12:12:27,2.037
2026-09-01 12:12:28,2.161
2026-09-01 12:12:29,2.438
2026-09-01 12:12:30,2.081
2026-09-01 12:12:31,1.505
2026-09-01 12:12:32,1.27
2026-09-01 12:12:33,1.776
2026-09-01 12:12:34,2.074
2026-09-01 12:12:35,1.916
2026-09-01 12:12:36,1.893
2026-09-01 12:12:37,1.988
2026-09-01 12:12:38,1.896
2026-09-01 12:12:39,2.218
2026-09-01 12:12:40,2.237
2026-09-01 12:12:41,2.041
2026-09-01 12:12:42,2.173
2026-09-01 12:12:43,2.038
2026-09-01 12:12:44,1.947
2026-09-01 12:12:45,1.822
2026-09-01 12:12:46,1.982
2026-09-01 12:12:47,2.184
2026-09-01 12:12:48,2.304
2026-09-01 12:12:49,1.895
2026-09-01 12:12:50,1.867
2026-09-01 12:12:51,2.145
2026-09-01 12:12:52,2.241
2026-09-01 12:12:53,1.851
2026-09-01 12:12:54,1.847
2026-09-01 12:12:55,2.34
2026-09-01 12:12:56,1.805
2026-09-01 12:12:57,2.029
2026-09-01 12:12:58,2.22
2026-09-01 12:12:59,1.88
2026-09-01 12:13:00,1.883
2026-09-01 12:13:01,2.42
2026-09-01 12:13:02,2.195
2026-09-01 12:13:03,2.465
2026-09-01 12:13:04,2.109
2026-09-01 12:13:05,2.076
2026-09-01 12:13:06,1.939
2026-09-01 12:13:07,2.066
2026-09-01 12:13:08,2.378
2026-09-01 12:13:09,1.97
2026-09-01 12:13:10,2.134
2026-09-01 12:13:11,2.221
2026-09-01 12:13:12,1.918
2026-09-01 12:13:13,1.936
2026-09-01 12:13:14,1.979
2026-09-01 12:13:15,2.122
2026-09-01 12:13:16,2.222
2026-09-01 12:13:17,1.915
2026-09-01 12:13:18,1.504
2026-09-01 12:13:19,2.384
2026-09-01 12:13:20,2.017
2026-09-01 12:13:21,2.122
2026-09-01 12:13:22,2.307
2026-09-01 12:13:23,2.164
2026-09-01 12:13:24,1.887
2026-09-01 12:13:25,1.95
2026-09-01 12:13:26,2.201
2026-09-01 12:13:27,2.026
2026-09-01 12:13:28,1.94
2026-09-01 12:13:29,2.188
2026-09-01 12:13:30,1.708
2026-09-01 12:13:31,2.317
2026-09-01 12:13:32,1.941
2026-09-01 12:13:33,2.105
2026-09-01 12:13:34,2.025
2026-09-01 12:13:35,2.091
2026-09-01 12:13:36,2.105
2026-09-01 12:13:37,1.797
2026-09-01 12:13:38,1.938
2026-09-01 12:13:39,2.067
2026-09-01 12:13:40,2.221
2026-09-01 12:13:41,1.996
2026-09-01 12:13:42,1.543
2026-09-01 12:13:43,1.875
2026-09-01 12:13:44,1.904
2026-09-01 12:13:45,2.814
2026-09-01 12:13:46,2.234
2026-09-01 12:13:47,2.205
2026-09-01 12:13:48,2.157
2026-09-01 12:13:49,2.24
2026-09-01 12:13:50,1.92
2026-09-01 12:13:51,2.325
2026-09-01 12:13:52,2.162
2026-09-01 12:13:53,2.114
2026-09-01 12:13:54,1.72
2026-09-01 12:13:55,2.079
2026-09-01 12:13:56,2.026
2026-09-01 12:13:57,1.92
2026-09-01 12:13:58,2.118
2026-09-01 12:13:59,2.226
2026-09-01 12:14:00,2.022
2026-09-01 12:14:01,2.444
2026-09-01 12:14:02,1.948
2026-09-01 12:14:03,2.285
2026-09-01 12:14:04,2.425
2026-09-01 12:14:05,2.332
2026-09-01 12:14:06,2.145
2026-09-01 12:14:07,1.611
2026-09-01 12:14:08,2.18
2026-09-01 12:14:09,2.03
2026-09-01 12:14:10,2.234
2026-09-01 12:14:11,2.597
2026-09-01 12:14:12,1.83
2026-09-01 12:14:13,1.699
2026-09-01 12:14:14,2.073
2026-09-01 12:14:15,2.007
2026-09-01 12:14:16,2.234
2026-09-01 12:14:17,1.984
2026-09-01 12:14:18,1.843
2026-09-01 12:14:19,1.93
2026-09-01 12:14:20,2.133
2026-09-01 12:14:21,1.92
2026-09-01 12:14:22,1.954
2026-09-01 12:14:23,2.326
2026-09-01 12:14:24,1.829
2026-09-01 12:14:25,2.043
2026-09-01 12:14:26,1.921
2026-09-01 12:14:27,1.617
2026-09-01 12:14:28,2.11
2026-09-01 12:14:29,2.255
2026-09-01 12:14:30,2.188
2026-09-01 12:14:31,2.298
2026-09-01 12:14:32,1.841
2026-09-01 12:14:33,2.291
2026-09-01 12:14:34,1.884
2026-09-01 12:14:35,1.944
2026-09-01 12:14:36,1.986
2026-09-01 12:14:37,1.902
2026-09-01 12:14:38,1.923
2026-09-01 12:14:39,2.268
2026-09-01 12:14:40,1.912
2026-09-01 12:14:41,2.399
2026-09-01 12:14:42,2.37
2026-09-01 12:14:43,1.888
2026-09-01 12:14:44,2.09
2026-09-01 12:14:45,2.028
2026-09-01 12:14:46,2.175
2026-09-01 12:14:47,2.314
2026-09-01 12:14:48,1.935
2026-09-01 12:14:49,2.089
2026-09-01 12:14:50,2.315
2026-09-01 12:14:51,2.282
2026-09-01 12:14:52,2.192
2026-09-01 12:14:53,2.21
2026-09-01 12:14:54,2.228
2026-09-01 12:14:55,2.234
2026-09-01 12:14:56,2.087
2026-09-01 12:14:57,2.322
2026-09-01 12:14:58,2.109
2026-09-01 12:14:59,2.25
2026-09-01 12:15:00,2.506
2026-09-01 12:15:01,1.917
2026-09-01 12:15:02,2.144
2026-09-01 12:15:03,1.837
2026-09-01 12:15:04,2.119
2026-09-01 12:15:05,1.618
2026-09-01 12:15:06,1.719
2026-09-01 12:15:07,2.17
2026-09-01 12:15:08,1.909
2026-09-01 12:15:09,1.997
2026-09-01 12:15:10,2.029
2026-09-01 12:15:11,2.487
2026-09-01 12:15:12,2.017
2026-09-01 12:15:13,1.693
2026-09-01 12:15:14,2.505
2026-09-01 12:15:15,1.887
2026-09-01 12:15:16,2.31
2026-09-01 12:15:17,2.164
2026-09-01 12:15:18,2.439
2026-09-01 12:15:19,1.845
2026-09-01 12:15:20,1.844
2026-09-01 12:15:21,1.673
2026-09-01 12:15:22,2.212
2026-09-01 12:15:23,2.488
2026-09-01 12:15:24,2.128
2026-09-01 12:15:25,2.04
2026-09-01 12:15:26,2.302
2026-09-01 12:15:27,2.444
2026-09-01 12:15:28,2.151
2026-09-01 12:15:29,2.36
2026-09-01 12:15:30,2.01
2026-09-01 12:15:31,1.818
2026-09-01 12:15:32,2.294
2026-09-01 12:15:33,1.817
2026-09-01 12:15:34,2.016
2026-09-01 12:15:35,1.933
2026-09-01 12:15:36,1.874
2026-09-01 12:15:37,1.725
2026-09-01 12:15:38,2.161
2026-09-01 12:15:39,2.116
2026-09-01 12:15:40,1.856
2026-09-01 12:15:41,1.585
2026-09-01 12:15:42,2.099
2026-09-01 12:15:43,2.105
2026-09-01 12:15:44,2.208
2026-09-01 12:15:45,2.246
2026-09-01 12:15:46,1.668
2026-09-01 12:15:47,1.898
2026-09-01 12:15:48,1.687
2026-09-01 12:15:49,2.113
2026-09-01 12:15:50,2.3
2026-09-01 12:15:51,2.262
2026-09-01 12:15:52,2.195
2026-09-01 12:15:53,1.865
2026-09-01 12:15:54,2.144
2026-09-01 12:15:55,2.131
2026-09-01 12:15:56,1.844
2026-09-01 12:15:57,1.998
2026-09-01 12:15:58,1.68
2026-09-01 12:15:59,2.058
2026-09-01 12:16:00,1.89
2026-09-01 12:16:01,2.241
2026-09-01 12:16:02,2.195
2026-09-01 12:16:03,2.0
2026-09-01 12:16:04,2.378
2026-09-01 12:16:05,1.798
2026-09-01 12:16:06,1.99
2026-09-01 12:16:07,1.954
2026-09-01 12:16:08,2.246
2026-09-01 12:16:09,2.496
2026-09-01 12:16:10,2.394
2026-09-01 12:16:11,2.054
2026-09-01 12:16:12,2.385
2026-09-01 12:16:13,2.419
2026-09-01 12:16:14,2.585
2026-09-01 12:16:15,2.159
2026-09-01 12:16:16,2.332
2026-09-01 12:16:17,1.834
2026-09-01 12:16:18,2.118
2026-09-01 12:16:19,2.105
2026-09-01 12:16:20,1.976
2026-09-01 12:16:21,1.831
2026-09-01 12:16:22,1.733
2026-09-01 12:16:23,1.683
2026-09-01 12:16:24,1.865
2026-09-01 12:16:25,1.66
2026-09-01 12:16:26,1.971
2026-09-01 12:16:27,2.665
2026-09-01 12:16:28,1.938
2026-09-01 12:16:29,2.28
2026-09-01 12:16:30,2.075
2026-09-01 12:16:31,2.232
2026-09-01 12:16:32,2.039
2026-09-01 12:16:33,1.935
2026-09-01 12:16:34,2.068
2026-09-01 12:16:35,2.163
2026-09-01 12:16:36,2.125
2026-09-01 12:16:37,1.99
2026-09-01 12:16:38,1.98
2026-09-01 12:16:39,2.608
2026-09-01 12:16:40,2.206
2026-09-01 12:16:41,2.223
2026-09-01 12:16:42,1.913
2026-09-01 12:16:43,2.324
2026-09-01 12:16:44,2.092
2026-09-01 12:16:45,2.147
2026-09-01 12:16:46,2.424
2026-09-01 12:16:47,2.184
2026-09-01 12:16:48,2.02
2026-09-01 12:16:49,1.966
2026-09-01 12:16:50,1.712
2026-09-01 12:16:51,2.302
2026-09-01 12:16:52,1.659
2026-09-01 12:16:53,2.201
2026-09-01 12:16:54,2.029
2026-09-01 12:16:55,2.257
2026-09-01 12:16:56,2.343
2026-09-01 12:16:57,2.114
2026-09-01 12:16:58,2.268
2026-09-01 12:16:59,1.777
2026-09-01 12:17:00,2.047
2026-09-01 12:17:01,2.123
2026-09-01 12:17:02,1.891
2026-09-01 12:17:03,2.135
2026-09-01 12:17:04,2.318
2026-09-01 12:17:05,2.052
2026-09-01 12:17:06,1.67
2026-09-01 12:17:07,2.205
2026-09-01 12:17:08,1.811
2026-09-01 12:17:09,2.193
2026-09-01 12:17:10,1.954
2026-09-01 12:17:11,2.138
2026-09-01 12:17:12,1.807
2026-09-01 12:17:13,2.191
2026-09-01 12:17:14,1.682
2026-09-01 12:17:15,2.153
2026-09-01 12:17:16,2.254
2026-09-01 12:17:17,2.086
2026-09-01 12:17:18,2.441
2026-09-01 12:17:19,2.206
2026-09-01 12:17:20,2.041
2026-09-01 12:17:21,1.655
2026-09-01 12:17:22,2.189
2026-09-01 12:17:23,2.192
2026-09-01 12:17:24,2.556
2026-09-01 12:17:25,2.292
2026-09-01 12:17:26,1.731
2026-09-01 12:17:27,2.29
2026-09-01 12:17:28,2.068
2026-09-01 12:17:29,2.337
2026-09-01 12:17:30,2.282
2026-09-01 12:17:31,1.863
2026-09-01 12:17:32,2.396
2026-09-01 12:17:33,1.754
2026-09-01 12:17:34,1.893
2026-09-01 12:17:35,2.186
2026-09-01 12:17:36,2.339
2026-09-01 12:17:37,2.408
2026-09-01 12:17:38,1.874
2026-09-01 12:17:39,2.077
2026-09-01 12:17:40,2.123
2026-09-01 12:17:41,2.065
2026-09-01 12:17:42,2.097
2026-09-01 12:17:43,2.486
2026-09-01 12:17:44,2.23
2026-09-01 12:17:45,2.105
2026-09-01 12:17:46,2.206
2026-09-01 12:17:47,2.273
2026-09-01 12:17:48,1.975
2026-09-01 12:17:49,2.197
2026-09-01 12:17:50,2.489
2026-09-01 12:17:51,2.659
2026-09-01 12:17:52,1.589
2026-09-01 12:17:53,1.998
2026-09-01 12:17:54,1.947
2026-09-01 12:17:55,2.242
2026-09-01 12:17:56,1.638
2026-09-01 12:17:57,2.381
2026-09-01 12:17:58,2.302
2026-09-01 12:17:59,2.308
2026-09-01 12:18:00,2.094
2026-09-01 12:18:01,2.293
2026-09-01 12:18:02,2.405
2026-09-01 12:18:03,2.245
2026-09-01 12:18:04,1.757
2026-09-01 12:18:05,1.749
2026-09-01 12:18:06,2.051
2026-09-01 12:18:07,2.014
2026-09-01 12:18:08,1.832
2026-09-01 12:18:09,1.79
2026-09-01 12:18:10,1.774
2026-09-01 12:18:11,1.723
2026-09-01 12:18:12,2.615
2026-09-01 12:18:13,2.271
2026-09-01 12:18:14,2.073
2026-09-01 12:18:15,2.027
2026-09-01 12:18:16,2.279
2026-09-01 12:18:17,2.095
2026-09-01 12:18:18,1.991
2026-09-01 12:18:19,1.929
2026-09-01 12:18:20,2.081
2026-09-01 12:18:21,2.023
2026-09-01 12:18:22,1.85
2026-09-01 12:18:23,1.777
2026-09-01 12:18:24,2.109
2026-09-01 12:18:25,1.863
2026-09-01 12:18:26,2.334
2026-09-01 12:18:27,2.868
2026-09-01 12:18:28,1.869
2026-09-01 12:18:29,1.735
2026-09-01 12:18:30,2.029
2026-09-01 12:18:31,1.937
2026-09-01 12:18:32,2.039
2026-09-01 12:18:33,2.408
2026-09-01 12:18:34,2.203
2026-09-01 12:18:35,2.659
2026-09-01 12:18:36,1.906
2026-09-01 12:18:37,2.841
2026-09-01 12:18:38,2.093
2026-09-01 12:18:39,1.967
2026-09-01 12:18:40,2.299
2026-09-01 12:18:41,1.979
2026-09-01 12:18:42,2.054
2026-09-01 12:18:43,2.075
2026-09-01 12:18:44,1.821
2026-09-01 12:18:45,1.678
2026-09-01 12:18:46,2.231
2026-09-01 12:18:47,1.974
2026-09-01 12:18:48,1.798
2026-09-01 12:18:49,1.769
2026-09-01 12:18:50,2.511
2026-09-01 12:18:51,2.173
2026-09-01 12:18:52,2.249
2026-09-01 12:18:53,2.395
2026-09-01 12:18:54,2.543
2026-09-01 12:18:55,2.439
2026-09-01 12:18:56,2.272
2026-09-01 12:18:57,2.299
2026-09-01 12:18:58,2.093
2026-09-01 12:18:59,2.348
2026-09-01 12:19:00,1.875
2026-09-01 12:19:01,2.293
2026-09-01 12:19:02,2.303
2026-09-01 12:19:03,2.417
2026-09-01 12:19:04,1.727
2026-09-01 12:19:05,1.956
2026-09-01 12:19:06,2.2
2026-09-01 12:19:07,2.06
2026-09-01 12:19:08,2.049
2026-09-01 12:19:09,1.851
2026-09-01 12:19:10,2.353
2026-09-01 12:19:11,2.186
2026-09-01 12:19:12,2.13
2026-09-01 12:19:13,1.844
2026-09-01 12:19:14,1.968
2026-09-01 12:19:15,2.0
2026-09-01 12:19:16,2.047
2026-09-01 12:19:17,2.018
2026-09-01 12:19:18,1.878
2026-09-01 12:19:19,1.921
2026-09-01 12:19:20,1.512
2026-09-01 12:19:21,2.233
2026-09-01 12:19:22,2.291
2026-09-01 12:19:23,1.947
2026-09-01 12:19:24,1.878
2026-09-01 12:19:25,1.889
2026-09-01 12:19:26,2.204
2026-09-01 12:19:27,2.569
2026-09-01 12:19:28,1.858
2026-09-01 12:19:29,2.204
2026-09-01 12:19:30,2.339
2026-09-01 12:19:31,1.903
2026-09-01 12:19:32,2.213
2026-09-01 12:19:33,2.389
2026-09-01 12:19:34,2.12
2026-09-01 12:19:35,2.012
2026-09-01 12:19:36,1.685
2026-09-01 12:19:37,2.133
2026-09-01 12:19:38,2.511
2026-09-01 12:19:39,2.252
2026-09-01 12:19:40,2.467
2026-09-01 12:19:41,2.297
2026-09-01 12:19:42,2.436
2026-09-01 12:19:43,1.987
2026-09-01 12:19:44,2.126
2026-09-01 12:19:45,1.827
2026-09-01 12:19:46,1.921
2026-09-01 12:19:47,2.289
2026-09-01 12:19:48,2.001
2026-09-01 12:19:49,2.038
2026-09-01 12:19:50,1.838
2026-09-01 12:19:51,2.101
2026-09-01 12:19:52,1.823
2026-09-01 12:19:53,2.385
2026-09-01 12:19:54,1.903
2026-09-01 12:19:55,2.057
2026-09-01 12:19:56,2.166
2026-09-01 12:19:57,2.165
2026-09-01 12:19:58,1.932
2026-09-01 12:19:59,2.157
2026-09-01 12:20:00,1.908
2026-09-01 12:20:01,2.178
2026-09-01 12:20:02,2.086
2026-09-01 12:20:03,2.033
2026-09-01 12:20:04,2.131
2026-09-01 12:20:05,2.65
2026-09-01 12:20:06,2.32
2026-09-01 12:20:07,2.175
2026-09-01 12:20:08,2.139
2026-09-01 12:20:09,2.265
2026-09-01 12:20:10,2.153
2026-09-01 12:20:11,2.148
2026-09-01 12:20:12,2.285
2026-09-01 12:20:13,2.158
2026-09-01 12:20:14,2.068
2026-09-01 12:20:15,1.806
2026-09-01 12:20:16,2.119
2026-09-01 12:20:17,2.318
2026-09-01 12:20:18,2.167
2026-09-01 12:20:19,2.073
2026-09-01 12:20:20,1.967
2026-09-01 12:20:21,2.183
2026-09-01 12:20:22,2.047
2026-09-01 12:20:23,2.162
2026-09-01 12:20:24,2.101
2026-09-01 12:20:25,2.274
2026-09-01 12:20:26,1.966
2026-09-01 12:20:27,2.219
2026-09-01 12:20:28,1.973
2026-09-01 12:20:29,2.057
2026-09-01 12:20:30,2.358
2026-09-01 12:20:31,1.968
2026-09-01 12:20:32,2.02
2026-09-01 12:20:33,2.077
2026-09-01 12:20:34,2.124
2026-09-01 12:20:35,1.846
2026-09-01 12:20:36,2.04
2026-09-01 12:20:37,2.088
2026-09-01 12:20:38,2.259
2026-09-01 12:20:39,1.871
2026-09-01 12:20:40,2.161
2026-09-01 12:20:41,2.259
2026-09-01 12:20:42,2.13
2026-09-01 12:20:43,1.733
2026-09-01 12:20:44,1.998
2026-09-01 12:20:45,1.778
2026-09-01 12:20:46,1.795
2026-09-01 12:20:47,1.589
2026-09-01 12:20:48,2.032
2026-09-01 12:20:49,1.92
2026-09-01 12:20:50,2.365
2026-09-01 12:20:51,2.459
2026-09-01 12:20:52,2.085
2026-09-01 12:20:53,1.61
2026-09-01 12:20:54,1.887
2026-09-01 12:20:55,2.003
2026-09-01 12:20:56,1.85
2026-09-01 12:20:57,1.823
2026-09-01 12:20:58,1.696
2026-09-01 12:20:59,2.383
2026-09-01 12:21:00,2.041
2026-09-01 12:21:01,1.875
2026-09-01 12:21:02,1.586
2026-09-01 12:21:03,2.508
2026-09-01 12:21:04,1.388
2026-09-01 12:21:05,1.925
2026-09-01 12:21:06,1.314
2026-09-01 12:21:07,2.05
2026-09-01 12:21:08,1.917
2026-09-01 12:21:09,2.258
2026-09-01 12:21:10,1.798
2026-09-01 12:21:11,2.403
2026-09-01 12:21:12,2.108
2026-09-01 12:21:13,1.734
2026-09-01 12:21:14,2.285
2026-09-01 12:21:15,2.161
2026-09-01 12:21:16,2.352
2026-09-01 12:21:17,2.234
2026-09-01 12:21:18,2.114
2026-09-01 12:21:19,2.048
2026-09-01 12:21:20,1.637
2026-09-01 12:21:21,2.236
2026-09-01 12:21:22,2.374
2026-09-01 12:21:23,2.229
2026-09-01 12:21:24,2.144
2026-09-01 12:21:25,2.194
2026-09-01 12:21:26,2.253
2026-09-01 12:21:27,1.91
2026-09-01 12:21:28,2.54
2026-09-01 12:21:29,1.803
2026-09-01 12:21:30,2.465
2026-09-01 12:21:31,1.99
2026-09-01 12:21:32,1.97
2026-09-01 12:21:33,2.226
2026-09-01 12:21:34,2.241
2026-09-01 12:21:35,2.269
2026-09-01 12:21:36,2.306
2026-09-01 12:21:37,2.043
2026-09-01 12:21:38,1.979
2026-09-01 12:21:39,2.106
2026-09-01 12:21:40,2.067
2026-09-01 12:21:41,2.123
2026-09-01 12:21:42,1.871
2026-09-01 12:21:43,2.719
2026-09-01 12:21:44,2.212
2026-09-01 12:21:45,1.758
2026-09-01 12:21:46,1.601
2026-09-01 12:21:47,1.839
2026-09-01 12:21:48,1.915
2026-09-01 12:21:49,2.655
2026-09-01 12:21:50,2.368
2026-09-01 12:21:51,1.632
2026-09-01 12:21:52,1.946
2026-09-01 12:21:53,2.196
2026-09-01 12:21:54,1.734
2026-09-01 12:21:55,2.308
2026-09-01 12:21:56,1.843
2026-09-01 12:21:57,1.795
2026-09-01 12:21:58,2.12
2026-09-01 12:21:59,1.973
2026-09-01 12:22:00,2.445
2026-09-01 12:22:01,1.712
2026-09-01 12:22:02,2.547
2026-09-01 12:22:03,2.306
2026-09-01 12:22:04,2.231
2026-09-01 12:22:05,1.457
2026-09-01 12:22:06,1.989
2026-09-01 12:22:07,1.656
2026-09-01 12:22:08,2.218
2026-09-01 12:22:09,2.045
2026-09-01 12:22:10,2.211
2026-09-01 12:22:11,1.552
2026-09-01 12:22:12,2.449
2026-09-01 12:22:13,2.579
2026-09-01 12:22:14,2.59
2026-09-01 12:22:15,1.781
2026-09-01 12:22:16,2.383
2026-09-01 12:22:17,2.331
2026-09-01 12:22:18,2.189
2026-09-01 12:22:19,1.641
2026-09-01 12:22:20,2.196
2026-09-01 12:22:21,2.376
2026-09-01 12:22:22,1.783
2026-09-01 12:22:23,2.193
2026-09-01 12:22:24,2.289
2026-09-01 12:22:25,1.791
2026-09-01 12:22:26,2.401
2026-09-01 12:22:27,2.504
2026-09-01 12:22:28,2.167
2026-09-01 12:22:29,2.179
2026-09-01 12:22:30,2.239
2026-09-01 12:22:31,1.959
2026-09-01 12:22:32,2.018
2026-09-01 12:22:33,2.092
2026-09-01 12:22:34,1.527
2026-09-01 12:22:35,1.5
2026-09-01 12:22:36,2.283
2026-09-01 12:22:37,2.088
2026-09-01 12:22:38,2.427
2026-09-01 12:22:39,2.023
2026-09-01 12:22:40,1.602
2026-09-01 12:22:41,2.049
2026-09-01 12:22:42,2.126
2026-09-01 12:22:43,1.894
2026-09-01 12:22:44,1.948
2026-09-01 12:22:45,2.038
2026-09-01 12:22:46,1.926
2026-09-01 12:22:47,2.698
2026-09-01 12:22:48,2.274
2026-09-01 12:22:49,1.991
2026-09-01 12:22:50,1.944
2026-09-01 12:22:51,1.604
2026-09-01 12:22:52,1.896
2026-09-01 12:22:53,1.987
2026-09-01 12:22:54,1.756
2026-09-01 12:22:55,2.248
2026-09-01 12:22:56,2.1
2026-09-01 12:22:57,2.331
2026-09-01 12:22:58,2.12
2026-09-01 12:22:59,1.89
2026-09-01 12:23:00,2.284
2026-09-01 12:23:01,2.233
2026-09-01 12:23:02,1.93
2026-09-01 12:23:03,2.408
2026-09-01 12:23:04,2.163
2026-09-01 12:23:05,2.43
2026-09-01 12:23:06,2.015
2026-09-01 12:23:07,2.16
2026-09-01 12:23:08,2.244
2026-09-01 12:23:09,2.248
2026-09-01 12:23:10,2.033
2026-09-01 12:23:11,2.147
2026-09-01 12:23:12,2.328
2026-09-01 12:23:13,1.783
2026-09-01 12:23:14,2.207
2026-09-01 12:23:15,2.331
2026-09-01 12:23:16,2.242
2026-09-01 12:23:17,2.156
2026-09-01 12:23:18,2.252
2026-09-01 12:23:19,2.406
2026-09-01 12:23:20,1.864
2026-09-01 12:23:21,2.046
2026-09-01 12:23:22,2.239
2026-09-01 12:23:23,1.969
2026-09-01 12:23:24,2.204
2026-09-01 12:23:25,1.975
2026-09-01 12:23:26,2.193
2026-09-01 12:23:27,2.183
2026-09-01 12:23:28,2.261
2026-09-01 12:23:29,1.848
2026-09-01 12:23:30,1.562
2026-09-01 12:23:31,2.344
2026-09-01 12:23:32,2.504
2026-09-01 12:23:33,2.096
2026-09-01 12:23:34,1.884
2026-09-01 12:23:35,2.474
2026-09-01 12:23:36,2.546
2026-09-01 12:23:37,2.259
2026-09-01 12:23:38,1.921
2026-09-01 12:23:39,2.199
2026-09-01 12:23:40,2.512
2026-09-01 12:23:41,2.109
2026-09-01 12:23:42,2.023
2026-09-01 12:23:43,1.788
2026-09-01 12:23:44,2.006
2026-09-01 12:23:45,2.74
2026-09-01 12:23:46,2.232
2026-09-01 12:23:47,2.108
2026-09-01 12:23:48,1.686
2026-09-01 12:23:49,1.841
2026-09-01 12:23:50,2.012
2026-09-01 12:23:51,2.24
2026-09-01 12:23:52,2.228
2026-09-01 12:23:53,2.624
2026-09-01 12:23:54,2.226
2026-09-01 12:23:55,2.093
2026-09-01 12:23:56,2.049
2026-09-01 12:23:57,2.16
2026-09-01 12:23:58,1.85
2026-09-01 12:23:59,2.291
2026-09-01 12:24:00,1.615
2026-09-01 12:24:01,2.369
2026-09-01 12:24:02,2.415
2026-09-01 12:24:03,2.033
2026-09-01 12:24:04,2.159
2026-09-01 12:24:05,1.888
2026-09-01 12:24:06,2.275
2026-09-01 12:24:07,2.447
2026-09-01 12:24:08,2.096
2026-09-01 12:24:09,2.228
2026-09-01 12:24:10,2.02
2026-09-01 12:24:11,1.729
2026-09-01 12:24:12,1.959
2026-09-01 12:24:13,2.47
2026-09-01 12:24:14,2.074
2026-09-01 12:24:15,1.687
2026-09-01 12:24:16,2.452
2026-09-01 12:24:17,1.834
2026-09-01 12:24:18,1.803
2026-09-01 12:24:19,2.455
2026-09-01 12:24:20,2.084
2026-09-01 12:24:21,2.014
2026-09-01 12:24:22,2.027
2026-09-01 12:24:23,2.202
2026-09-01 12:24:24,2.639
2026-09-01 12:24:25,1.949
2026-09-01 12:24:26,2.554
2026-09-01 12:24:27,1.893
2026-09-01 12:24:28,2.218
2026-09-01 12:24:29,1.902
2026-09-01 12:24:30,2.154
2026-09-01 12:24:31,2.085
2026-09-01 12:24:32,1.883
2026-09-01 12:24:33,2.13
2026-09-01 12:24:34,2.149
2026-09-01 12:24:35,2.164
2026-09-01 12:24:36,1.737
2026-09-01 12:24:37,2.199
2026-09-01 12:24:38,2.004
2026-09-01 12:24:39,1.593
2026-09-01 12:24:40,2.342
2026-09-01 12:24:41,2.086
2026-09-01 12:24:42,2.04
2026-09-01 12:24:43,1.985
2026-09-01 12:24:44,2.427
2026-09-01 12:24:45,2.128
2026-09-01 12:24:46,1.764
2026-09-01 12:24:47,2.103
2026-09-01 12:24:48,2.5
2026-09-01 12:24:49,1.943
2026-09-01 12:24:50,2.615
2026-09-01 12:24:51,2.026
2026-09-01 12:24:52,1.884
2026-09-01 12:24:53,2.003
2026-09-01 12:24:54,2.189
2026-09-01 12:24:55,1.801
2026-09-01 12:24:56,2.089
2026-09-01 12:24:57,2.288
2026-09-01 12:24:58,1.986
2026-09-01 12:24:59,1.953
2026-09-01 12:25:00,2.071
2026-09-01 12:25:01,2.283
2026-09-01 12:25:02,2.281
2026-09-01 12:25:03,2.224
2026-09-01 12:25:04,2.277
2026-09-01 12:25:05,1.99
2026-09-01 12:25:06,1.957
2026-09-01 12:25:07,1.95
2026-09-01 12:25:08,2.069
2026-09-01 12:25:09,2.152
2026-09-01 12:25:10,1.99
2026-09-01 12:25:11,2.14
2026-09-01 12:25:12,2.177
2026-09-01 12:25:13,1.777
2026-09-01 12:25:14,2.026
2026-09-01 12:25:15,2.163
2026-09-01 12:25:16,2.139
2026-09-01 12:25:17,1.921
2026-09-01 12:25:18,2.11
2026-09-01 12:25:19,1.832
2026-09-01 12:25:20,1.935
2026-09-01 12:25:21,2.082
2026-09-01 12:25:22,1.715
2026-09-01 12:25:23,2.182
2026-09-01 12:25:24,2.35
2026-09-01 12:25:25,2.152
2026-09-01 12:25:26,1.99
2026-09-01 12:25:27,1.886
2026-09-01 12:25:28,2.33
2026-09-01 12:25:29,2.008
2026-09-01 12:25:30,1.859
2026-09-01 12:25:31,2.509
2026-09-01 12:25:32,2.157
2026-09-01 12:25:33,2.285
2026-09-01 12:25:34,2.119
2026-09-01 12:25:35,2.237
2026-09-01 12:25:36,1.94
2026-09-01 12:25:37,2.679
2026-09-01 12:25:38,2.006
2026-09-01 12:25:39,2.392
2026-09-01 12:25:40,2.155
2026-09-01 12:25:41,2.363
2026-09-01 12:25:42,2.12
2026-09-01 12:25:43,1.632
2026-09-01 12:25:44,1.556
2026-09-01 12:25:45,1.818
2026-09-01 12:25:46,2.217
2026-09-01 12:25:47,2.078
2026-09-01 12:25:48,2.257
2026-09-01 12:25:49,1.987
2026-09-01 12:25:50,2.253
2026-09-01 12:25:51,1.976
2026-09-01 12:25:52,2.233
2026-09-01 12:25:53,2.331
2026-09-01 12:25:54,2.291
2026-09-01 12:25:55,1.632
2026-09-01 12:25:56,2.223
2026-09-01 12:25:57,1.857
2026-09-01 12:25:58,2.063
2026-09-01 12:25:59,1.974
2026-09-01 12:26:00,2.347
2026-09-01 12:26:01,2.645
2026-09-01 12:26:02,1.985
2026-09-01 12:26:03,2.022
2026-09-01 12:26:04,1.726
2026-09-01 12:26:05,2.184
2026-09-01 12:26:06,2.043
2026-09-01 12:26:07,2.149
2026-09-01 12:26:08,1.991
2026-09-01 12:26:09,1.8
2026-09-01 12:26:10,1.973
2026-09-01 12:26:11,2.198
2026-09-01 12:26:12,2.309
2026-09-01 12:26:13,2.296
2026-09-01 12:26:14,1.563
2026-09-01 12:26:15,2.055
2026-09-01 12:26:16,1.827
2026-09-01 12:26:17,2.692
2026-09-01 12:26:18,1.9
2026-09-01 12:26:19,2.232
2026-09-01 12:26:20,2.215
2026-09-01 12:26:21,2.019
2026-09-01 12:26:22,2.294
2026-09-01 12:26:23,2.002
2026-09-01 12:26:24,1.76
2026-09-01 12:26:25,1.915
2026-09-01 12:26:26,2.541
2026-09-01 12:26:27,2.13
2026-09-01 12:26:28,2.116
2026-09-01 12:26:29,1.592
2026-09-01 12:26:30,1.834
2026-09-01 12:26:31,1.775
2026-09-01 12:26:32,2.379
2026-09-01 12:26:33,2.404
2026-09-01 12:26:34,2.213
2026-09-01 12:26:35,2.118
2026-09-01 12:26:36,1.865
2026-09-01 12:26:37,2.009
2026-09-01 12:26:38,2.154
2026-09-01 12:26:39,2.547
2026-09-01 12:26:40,2.211
2026-09-01 12:26:41,2.222
2026-09-01 12:26:42,2.173
2026-09-01 12:26:43,2.204
2026-09-01 12:26:44,2.111
2026-09-01 12:26:45,2.048
2026-09-01 12:26:46,2.389
2026-09-01 12:26:47,2.064
2026-09-01 12:26:48,1.854
2026-09-01 12:26:49,2.436
2026-09-01 12:26:50,1.924
2026-09-01 12:26:51,2.22
2026-09-01 12:26:52,2.491
2026-09-01 12:26:53,2.155
2026-09-01 12:26:54,2.022
2026-09-01 12:26:55,2.364
2026-09-01 12:26:56,2.369
2026-09-01 12:26:57,1.91
2026-09-01 12:26:58,2.015
2026-09-01 12:26:59,2.525
2026-09-01 12:27:00,1.891
2026-09-01 12:27:01,2.009
2026-09-01 12:27:02,2.251
2026-09-01 12:27:03,1.89
2026-09-01 12:27:04,2.135
2026-09-01 12:27:05,2.297
2026-09-01 12:27:06,1.655
2026-09-01 12:27:07,2.421
2026-09-01 12:27:08,2.154
2026-09-01 12:27:09,2.689
2026-09-01 12:27:10,2.014
2026-09-01 12:27:11,2.353
2026-09-01 12:27:12,2.583
2026-09-01 12:27:13,2.405
2026-09-01 12:27:14,2.263
2026-09-01 12:27:15,2.023
2026-09-01 12:27:16,1.821
2026-09-01 12:27:17,2.001
2026-09-01 12:27:18,2.259
2026-09-01 12:27:19,2.325
2026-09-01 12:27:20,2.105
2026-09-01 12:27:21,2.371
2026-09-01 12:27:22,1.943
2026-09-01 12:27:23,1.966
2026-09-01 12:27:24,1.874
2026-09-01 12:27:25,2.151
2026-09-01 12:27:26,2.36
2026-09-01 12:27:27,2.033
2026-09-01 12:27:28,2.652
2026-09-01 12:27:29,2.236
2026-09-01 12:27:30,2.073
2026-09-01 12:27:31,2.065
2026-09-01 12:27:32,1.999
2026-09-01 12:27:33,1.836
2026-09-01 12:27:34,1.524
2026-09-01 12:27:35,2.171
2026-09-01 12:27:36,1.814
2026-09-01 12:27:37,2.183
2026-09-01 12:27:38,2.231
2026-09-01 12:27:39,1.95
2026-09-01 12:27:40,1.979
2026-09-01 12:27:41,2.148
2026-09-01 12:27:42,2.413
2026-09-01 12:27:43,2.396
2026-09-01 12:27:44,1.658
2026-09-01 12:27:45,1.792
2026-09-01 12:27:46,1.984
2026-09-01 12:27:47,2.12
2026-09-01 12:27:48,2.261
2026-09-01 12:27:49,2.18
2026-09-01 12:27:50,1.642
2026-09-01 12:27:51,2.34
2026-09-01 12:27:52,2.207
2026-09-01 12:27:53,1.829
2026-09-01 12:27:54,2.122
2026-09-01 12:27:55,1.985
2026-09-01 12:27:56,2.058
2026-09-01 12:27:57,2.485
2026-09-01 12:27:58,2.59
2026-09-01 12:27:59,2.11
2026-09-01 12:28:00,2.263
2026-09-01 12:28:01,1.783
2026-09-01 12:28:02,1.847
2026-09-01 12:28:03,1.693
2026-09-01 12:28:04,2.307
2026-09-01 12:28:05,1.904
2026-09-01 12:28:06,2.238
2026-09-01 12:28:07,2.161
2026-09-01 12:28:08,1.976
2026-09-01 12:28:09,2.105
2026-09-01 12:28:10,1.867
2026-09-01 12:28:11,2.157
2026-09-01 12:28:12,1.894
2026-09-01 12:28:13,1.914
2026-09-01 12:28:14,2.537
2026-09-01 12:28:15,2.122
2026-09-01 12:28:16,1.868
2026-09-01 12:28:17,2.362
2026-09-01 12:28:18,2.108
2026-09-01 12:28:19,2.28
2026-09-01 12:28:20,1.936
2026-09-01 12:28:21,1.858
2026-09-01 12:28:22,1.752
2026-09-01 12:28:23,2.631
2026-09-01 12:28:24,2.058
2026-09-01 12:28:25,2.552
2026-09-01 12:28:26,2.13
2026-09-01 12:28:27,1.953
2026-09-01 12:28:28,2.01
2026-09-01 12:28:29,2.142
2026-09-01 12:28:30,2.406
2026-09-01 12:28:31,1.999
2026-09-01 12:28:32,2.412
2026-09-01 12:28:33,2.092
2026-09-01 12:28:34,1.878
2026-09-01 12:28:35,1.757
2026-09-01 12:28:36,2.175
2026-09-01 12:28:37,2.357
2026-09-01 12:28:38,2.082
2026-09-01 12:28:39,2.426
2026-09-01 12:28:40,2.267
2026-09-01 12:28:41,2.236
2026-09-01 12:28:42,1.943
2026-09-01 12:28:43,2.065
2026-09-01 12:28:44,2.012
2026-09-01 12:28:45,2.018
2026-09-01 12:28:46,2.066
2026-09-01 12:28:47,2.87
2026-09-01 12:28:48,2.583
2026-09-01 12:28:49,2.044
2026-09-01 12:28:50,2.286
2026-09-01 12:28:51,2.175
2026-09-01 12:28:52,2.287
2026-09-01 12:28:53,1.624
2026-09-01 12:28:54,1.997
2026-09-01 12:28:55,1.977
2026-09-01 12:28:56,1.789
2026-09-01 12:28:57,1.718
2026-09-01 12:28:58,1.971
2026-09-01 12:28:59,2.251
2026-09-01 12:29:00,2.353
2026-09-01 12:29:01,2.21
2026-09-01 12:29:02,2.185
2026-09-01 12:29:03,2.377
2026-09-01 12:29:04,2.087
2026-09-01 12:29:05,1.576
2026-09-01 12:29:06,2.312
2026-09-01 12:29:07,2.164
2026-09-01 12:29:08,1.937
2026-09-01 12:29:09,2.164
2026-09-01 12:29:10,2.411
2026-09-01 12:29:11,1.796
2026-09-01 12:29:12,2.579
2026-09-01 12:29:13,1.855
2026-09-01 12:29:14,2.202
2026-09-01 12:29:15,2.381
2026-09-01 12:29:16,2.166
2026-09-01 12:29:17,1.94
2026-09-01 12:29:18,2.117
2026-09-01 12:29:19,2.216
2026-09-01 12:29:20,2.206
2026-09-01 12:29:21,2.516
2026-09-01 12:29:22,2.081
2026-09-01 12:29:23,1.951
2026-09-01 12:29:24,2.251
2026-09-01 12:29:25,1.746
2026-09-01 12:29:26,2.563
2026-09-01 12:29:27,2.212
2026-09-01 12:29:28,2.692
2026-09-01 12:29:29,2.23
2026-09-01 12:29:30,2.185
2026-09-01 12:29:31,1.882
2026-09-01 12:29:32,1.935
2026-09-01 12:29:33,2.512
2026-09-01 12:29:34,1.935
2026-09-01 12:29:35,1.868
2026-09-01 12:29:36,1.976
2026-09-01 12:29:37,2.342
2026-09-01 12:29:38,2.132
2026-09-01 12:29:39,2.46
2026-09-01 12:29:40,2.227
2026-09-01 12:29:41,2.319
2026-09-01 12:29:42,1.895
2026-09-01 12:29:43,2.218
2026-09-01 12:29:44,2.278
2026-09-01 12:29:45,2.287
2026-09-01 12:29:46,2.194
2026-09-01 12:29:47,2.628
2026-09-01 12:29:48,2.087
2026-09-01 12:29:49,2.098
2026-09-01 12:29:50,1.384
2026-09-01 12:29:51,1.829
2026-09-01 12:29:52,1.967
2026-09-01 12:29:53,1.842
2026-09-01 12:29:54,2.154
2026-09-01 12:29:55,2.542
2026-09-01 12:29:56,1.859
2026-09-01 12:29:57,2.294
2026-09-01 12:29:58,2.643
2026-09-01 12:29:59,1.848
2026-09-01 12:30:00,1.928
2026-09-01 12:30:01,2.334
2026-09-01 12:30:02,2.192
2026-09-01 12:30:03,2.129
2026-09-01 12:30:04,2.29
2026-09-01 12:30:05,2.234
2026-09-01 12:30:06,1.85
2026-09-01 12:30:07,1.758
2026-09-01 12:30:08,2.454
2026-09-01 12:30:09,2.241
2026-09-01 12:30:10,2.439
2026-09-01 12:30:11,2.023
2026-09-01 12:30:12,2.568
2026-09-01 12:30:13,1.899
2026-09-01 12:30:14,2.183
2026-09-01 12:30:15,1.846
2026-09-01 12:30:16,2.011
2026-09-01 12:30:17,2.305
2026-09-01 12:30:18,2.061
2026-09-01 12:30:19,2.14
2026-09-01 12:30:20,1.795
2026-09-01 12:30:21,2.157
2026-09-01 12:30:22,2.063
2026-09-01 12:30:23,2.25
2026-09-01 12:30:24,2.194
2026-09-01 12:30:25,2.457
2026-09-01 12:30:26,2.151
2026-09-01 12:30:27,1.908
2026-09-01 12:30:28,2.223
2026-09-01 12:30:29,2.242
2026-09-01 12:30:30,2.154
2026-09-01 12:30:31,1.916
2026-09-01 12:30:32,2.428
2026-09-01 12:30:33,1.862
2026-09-01 12:30:34,2.367
2026-09-01 12:30:35,1.893
2026-09-01 12:30:36,1.951
2026-09-01 12:30:37,2.272
2026-09-01 12:30:38,2.486
2026-09-01 12:30:39,2.628
2026-09-01 12:30:40,1.844
2026-09-01 12:30:41,2.134
2026-09-01 12:30:42,2.186
2026-09-01 12:30:43,2.079
2026-09-01 12:30:44,2.01
2026-09-01 12:30:45,1.785
2026-09-01 12:30:46,2.151
2026-09-01 12:30:47,1.884
2026-09-01 12:30:48,2.462
2026-09-01 12:30:49,1.863
2026-09-01 12:30:50,1.834
2026-09-01 12:30:51,1.936
2026-09-01 12:30:52,2.196
2026-09-01 12:30:53,2.301
2026-09-01 12:30:54,2.463
2026-09-01 12:30:55,2.288
2026-09-01 12:30:56,1.945
2026-09-01 12:30:57,2.211
2026-09-01 12:30:58,1.654
2026-09-01 12:30:59,2.271
2026-09-01 12:31:00,2.448
2026-09-01 12:31:01,1.923
2026-09-01 12:31:02,1.872
2026-09-01 12:31:03,2.241
2026-09-01 12:31:04,2.132
2026-09-01 12:31:05,2.393
2026-09-01 12:31:06,1.973
2026-09-01 12:31:07,2.306
2026-09-01 12:31:08,1.794
2026-09-01 12:31:09,2.199
2026-09-01 12:31:10,1.738
2026-09-01 12:31:11,1.956
2026-09-01 12:31:12,1.92
2026-09-01 12:31:13,2.536
2026-09-01 12:31:14,2.379
2026-09-01 12:31:15,1.93
2026-09-01 12:31:16,2.188
2026-09-01 12:31:17,2.147
2026-09-01 12:31:18,2.124
2026-09-01 12:31:19,2.617
2026-09-01 12:31:20,2.173
2026-09-01 12:31:21,1.854
2026-09-01 12:31:22,2.18
2026-09-01 12:31:23,1.942
2026-09-01 12:31:24,1.754
2026-09-01 12:31:25,2.057
2026-09-01 12:31:26,2.673
2026-09-01 12:31:27,2.172
2026-09-01 12:31:28,2.181
2026-09-01 12:31:29,1.895
2026-09-01 12:31:30,1.806
2026-09-01 12:31:31,2.282
2026-09-01 12:31:32,2.573
2026-09-01 12:31:33,2.392
2026-09-01 12:31:34,2.143
2026-09-01 12:31:35,2.098
2026-09-01 12:31:36,2.366
2026-09-01 12:31:37,1.927
2026-09-01 12:31:38,2.699
2026-09-01 12:31:39,2.011
2026-09-01 12:31:40,1.855
2026-09-01 12:31:41,2.125
2026-09-01 12:31:42,1.649
2026-09-01 12:31:43,1.63
2026-09-01 12:31:44,1.927
2026-09-01 12:31:45,2.031
2026-09-01 12:31:46,2.354
2026-09-01 12:31:47,2.533
2026-09-01 12:31:48,2.403
2026-09-01 12:31:49,2.216
2026-09-01 12:31:50,1.815
2026-09-01 12:31:51,1.642
2026-09-01 12:31:52,1.971
2026-09-01 12:31:53,2.26
2026-09-01 12:31:54,2.143
2026-09-01 12:31:55,2.373
2026-09-01 12:31:56,2.314
2026-09-01 12:31:57,1.799
2026-09-01 12:31:58,2.106
2026-09-01 12:31:59,1.822
2026-09-01 12:32:00,2.075
2026-09-01 12:32:01,1.832
2026-09-01 12:32:02,2.287
2026-09-01 12:32:03,2.486
2026-09-01 12:32:04,2.138
2026-09-01 12:32:05,2.104
2026-09-01 12:32:06,1.909
2026-09-01 12:32:07,2.297
2026-09-01 12:32:08,1.629
2026-09-01 12:32:09,2.398
2026-09-01 12:32:10,2.316
2026-09-01 12:32:11,1.739
2026-09-01 12:32:12,2.123
2026-09-01 12:32:13,2.154
2026-09-01 12:32:14,1.918
2026-09-01 12:32:15,2.141
2026-09-01 12:32:16,2.067
2026-09-01 12:32:17,2.036
2026-09-01 12:32:18,2.01
2026-09-01 12:32:19,2.311
2026-09-01 12:32:20,1.783
2026-09-01 12:32:21,1.983
2026-09-01 12:32:22,2.042
2026-09-01 12:32:23,2.37
2026-09-01 12:32:24,1.849
2026-09-01 12:32:25,2.5
2026-09-01 12:32:26,1.957
2026-09-01 12:32:27,1.746
2026-09-01 12:32:28,2.421
2026-09-01 12:32:29,2.153
2026-09-01 12:32:30,2.2
2026-09-01 12:32:31,2.186
2026-09-01 12:32:32,2.096
2026-09-01 12:32:33,2.157
2026-09-01 12:32:34,2.13
2026-09-01 12:32:35,2.029
2026-09-01 12:32:36,2.052
2026-09-01 12:32:37,2.243
2026-09-01 12:32:38,2.028
2026-09-01 12:32:39,1.653
2026-09-01 12:32:40,2.479
2026-09-01 12:32:41,2.292
2026-09-01 12:32:42,1.988
2026-09-01 12:32:43,1.814
2026-09-01 12:32:44,2.015
2026-09-01 12:32:45,1.694
2026-09-01 12:32:46,1.94
2026-09-01 12:32:47,2.084
2026-09-01 12:32:48,2.207
2026-09-01 12:32:49,1.944
2026-09-01 12:32:50,2.209
2026-09-01 12:32:51,2.17
2026-09-01 12:32:52,2.231
2026-09-01 12:32:53,2.214
2026-09-01 12:32:54,2.021
2026-09-01 12:32:55,2.446
2026-09-01 12:32:56,2.048
2026-09-01 12:32:57,1.966
2026-09-01 12:32:58,1.863
2026-09-01 12:32:59,2.339
2026-09-01 12:33:00,1.828
2026-09-01 12:33:01,1.537
2026-09-01 12:33:02,1.945
2026-09-01 12:33:03,1.792
2026-09-01 12:33:04,1.633
2026-09-01 12:33:05,2.092
2026-09-01 12:33:06,2.488
2026-09-01 12:33:07,2.18
2026-09-01 12:33:08,2.115
2026-09-01 12:33:09,1.885
2026-09-01 12:33:10,2.071
2026-09-01 12:33:11,2.12
2026-09-01 12:33:12,2.08
2026-09-01 12:33:13,2.277
2026-09-01 12:33:14,2.223
2026-09-01 12:33:15,2.006
2026-09-01 12:33:16,2.319
2026-09-01 12:33:17,2.364
2026-09-01 12:33:18,2.192
2026-09-01 12:33:19,1.941
2026-09-01 12:33:20,2.052
2026-09-01 12:33:21,2.214
2026-09-01 12:33:22,2.173
2026-09-01 12:33:23,1.949
2026-09-01 12:33:24,1.889
2026-09-01 12:33:25,2.159
2026-09-01 12:33:26,1.876
2026-09-01 12:33:27,1.716
2026-09-01 12:33:28,2.067
2026-09-01 12:33:29,2.04
2026-09-01 12:33:30,2.012
2026-09-01 12:33:31,2.498
2026-09-01 12:33:32,1.802
2026-09-01 12:33:33,2.345
2026-09-01 12:33:34,2.563
2026-09-01 12:33:35,2.124
2026-09-01 12:33:36,2.332
2026-09-01 12:33:37,2.108
2026-09-01 12:33:38,1.952
2026-09-01 12:33:39,1.999
2026-09-01 12:33:40,1.947
2026-09-01 12:33:41,2.279
2026-09-01 12:33:42,2.259
2026-09-01 12:33:43,2.269
2026-09-01 12:33:44,1.733
2026-09-01 12:33:45,2.295
2026-09-01 12:33:46,1.961
2026-09-01 12:33:47,2.11
2026-09-01 12:33:48,1.789
2026-09-01 12:33:49,1.935
2026-09-01 12:33:50,2.149
2026-09-01 12:33:51,1.847
2026-09-01 12:33:52,2.005
2026-09-01 12:33:53,1.953
2026-09-01 12:33:54,1.912
2026-09-01 12:33:55,2.135
2026-09-01 12:33:56,1.848
2026-09-01 12:33:57,2.06
2026-09-01 12:33:58,1.922
2026-09-01 12:33:59,1.923
2026-09-01 12:34:00,1.886
2026-09-01 12:34:01,2.529
2026-09-01 12:34:02,2.052
2026-09-01 12:34:03,2.17
2026-09-01 12:34:04,2.291
2026-09-01 12:34:05,2.207
2026-09-01 12:34:06,1.848
2026-09-01 12:34:07,2.086
2026-09-01 12:34:08,2.361
2026-09-01 12:34:09,2.016
2026-09-01 12:34:10,2.332
2026-09-01 12:34:11,2.227
2026-09-01 12:34:12,1.748
2026-09-01 12:34:13,2.251
2026-09-01 12:34:14,2.072
2026-09-01 12:34:15,1.942
2026-09-01 12:34:16,2.521
2026-09-01 12:34:17,2.216
2026-09-01 12:34:18,2.412
2026-09-01 12:34:19,2.175
2026-09-01 12:34:20,2.036
2026-09-01 12:34:21,1.987
2026-09-01 12:34:22,1.862
2026-09-01 12:34:23,2.296
2026-09-01 12:34:24,1.788
2026-09-01 12:34:25,2.022
2026-09-01 12:34:26,2.354
2026-09-01 12:34:27,2.13
2026-09-01 12:34:28,2.151
2026-09-01 12:34:29,1.955
2026-09-01 12:34:30,1.982
2026-09-01 12:34:31,1.894
2026-09-01 12:34:32,1.942
2026-09-01 12:34:33,2.108
2026-09-01 12:34:34,2.309
2026-09-01 12:34:35,2.2
2026-09-01 12:34:36,1.846
2026-09-01 12:34:37,2.013
2026-09-01 12:34:38,2.054
2026-09-01 12:34:39,1.939
2026-09-01 12:34:40,1.886
2026-09-01 12:34:41,2.179
2026-09-01 12:34:42,1.977
2026-09-01 12:34:43,2.235
2026-09-01 12:34:44,1.913
2026-09-01 12:34:45,1.817
2026-09-01 12:34:46,1.801
2026-09-01 12:34:47,1.876
2026-09-01 12:34:48,1.956
2026-09-01 12:34:49,2.238
2026-09-01 12:34:50,2.007
2026-09-01 12:34:51,2.232
2026-09-01 12:34:52,2.224
2026-09-01 12:34:53,2.159
2026-09-01 12:34:54,2.206
2026-09-01 12:34:55,1.738
2026-09-01 12:34:56,2.421
2026-09-01 12:34:57,1.811
2026-09-01 12:34:58,2.367
2026-09-01 12:34:59,2.304
2026-09-01 12:35:00,2.117
2026-09-01 12:35:01,1.631
2026-09-01 12:35:02,1.745
2026-09-01 12:35:03,2.02
2026-09-01 12:35:04,2.221
2026-09-01 12:35:05,2.329
2026-09-01 12:35:06,2.19
2026-09-01 12:35:07,2.052
2026-09-01 12:35:08,2.39
2026-09-01 12:35:09,2.075
2026-09-01 12:35:10,2.017
2026-09-01 12:35:11,2.251
2026-09-01 12:35:12,2.045
2026-09-01 12:35:13,2.312
2026-09-01 12:35:14,2.212
2026-09-01 12:35:15,2.563
2026-09-01 12:35:16,2.143
2026-09-01 12:35:17,2.829
2026-09-01 12:35:18,2.127
2026-09-01 12:35:19,2.2
2026-09-01 12:35:20,2.044
2026-09-01 12:35:21,1.941
2026-09-01 12:35:22,2.273
2026-09-01 12:35:23,2.229
2026-09-01 12:35:24,1.89
2026-09-01 12:35:25,1.777
2026-09-01 12:35:26,1.469
2026-09-01 12:35:27,2.384
2026-09-01 12:35:28,2.125
2026-09-01 12:35:29,1.916
2026-09-01 12:35:30,2.504
2026-09-01 12:35:31,1.364
2026-09-01 12:35:32,2.288
2026-09-01 12:35:33,2.069
2026-09-01 12:35:34,1.745
2026-09-01 12:35:35,2.189
2026-09-01 12:35:36,2.514
2026-09-01 12:35:37,2.467
2026-09-01 12:35:38,2.088
2026-09-01 12:35:39,1.723
2026-09-01 12:35:40,2.027
2026-09-01 12:35:41,2.604
2026-09-01 12:35:42,2.027
2026-09-01 12:35:43,1.863
2026-09-01 12:35:44,2.485
2026-09-01 12:35:45,1.811
2026-09-01 12:35:46,1.937
2026-09-01 12:35:47,2.327
2026-09-01 12:35:48,1.572
2026-09-01 12:35:49,1.829
2026-09-01 12:35:50,2.072
2026-09-01 12:35:51,2.166
2026-09-01 12:35:52,2.108
2026-09-01 12:35:53,1.893
2026-09-01 12:35:54,2.399
2026-09-01 12:35:55,2.309
2026-09-01 12:35:56,2.262
2026-09-01 12:35:57,2.157
2026-09-01 12:35:58,1.769
2026-09-01 12:35:59,2.194
2026-09-01 12:36:00,2.062
2026-09-01 12:36:01,1.875
2026-09-01 12:36:02,2.055
2026-09-01 12:36:03,1.948
2026-09-01 12:36:04,2.108
2026-09-01 12:36:05,1.858
2026-09-01 12:36:06,2.283
2026-09-01 12:36:07,2.288
2026-09-01 12:36:08,2.194
2026-09-01 12:36:09,2.483
2026-09-01 12:36:10,2.124
2026-09-01 12:36:11,2.5
2026-09-01 12:36:12,2.035
2026-09-01 12:36:13,2.41
2026-09-01 12:36:14,2.055
2026-09-01 12:36:15,2.28
2026-09-01 12:36:16,2.066
2026-09-01 12:36:17,2.367
2026-09-01 12:36:18,2.155
2026-09-01 12:36:19,1.861
2026-09-01 12:36:20,1.948
2026-09-01 12:36:21,2.164
2026-09-01 12:36:22,1.945
2026-09-01 12:36:23,1.785
2026-09-01 12:36:24,1.536
2026-09-01 12:36:25,2.167
2026-09-01 12:36:26,2.263
2026-09-01 12:36:27,1.697
2026-09-01 12:36:28,2.357
2026-09-01 12:36:29,2.491
2026-09-01 12:36:30,2.17
2026-09-01 12:36:31,2.021
2026-09-01 12:36:32,2.104
2026-09-01 12:36:33,2.193
2026-09-01 12:36:34,2.251
2026-09-01 12:36:35,2.109
2026-09-01 12:36:36,2.02
2026-09-01 12:36:37,2.08
2026-09-01 12:36:38,1.779
2026-09-01 12:36:39,2.425
2026-09-01 12:36:40,2.229
2026-09-01 12:36:41,2.542
2026-09-01 12:36:42,1.944
2026-09-01 12:36:43,2.239
2026-09-01 12:36:44,2.007
2026-09-01 12:36:45,2.46
2026-09-01 12:36:46,2.18
2026-09-01 12:36:47,2.096
2026-09-01 12:36:48,2.303
2026-09-01 12:36:49,2.079
2026-09-01 12:36:50,2.356
2026-09-01 12:36:51,1.89
2026-09-01 12:36:52,2.115
2026-09-01 12:36:53,2.049
2026-09-01 12:36:54,1.953
2026-09-01 12:36:55,2.213
2026-09-01 12:36:56,2.202
2026-09-01 12:36:57,2.152
2026-09-01 12:36:58,2.319
2026-09-01 12:36:59,2.705
2026-09-01 12:37:00,2.344
2026-09-01 12:37:01,1.924
2026-09-01 12:37:02,1.865
2026-09-01 12:37:03,1.769
2026-09-01 12:37:04,2.434
2026-09-01 12:37:05,1.87
2026-09-01 12:37:06,2.226
2026-09-01 12:37:07,2.645
2026-09-01 12:37:08,2.248
2026-09-01 12:37:09,2.364
2026-09-01 12:37:10,2.016
2026-09-01 12:37:11,2.311
2026-09-01 12:37:12,2.256
2026-09-01 12:37:13,1.454
2026-09-01 12:37:14,1.823
2026-09-01 12:37:15,2.274
2026-09-01 12:37:16,2.172
2026-09-01 12:37:17,2.385
2026-09-01 12:37:18,2.183
2026-09-01 12:37:19,1.998
2026-09-01 12:37:20,2.108
2026-09-01 12:37:21,2.406
2026-09-01 12:37:22,2.227
2026-09-01 12:37:23,1.897
2026-09-01 12:37:24,1.474
2026-09-01 12:37:25,1.946
2026-09-01 12:37:26,2.246
2026-09-01 12:37:27,1.611
2026-09-01 12:37:28,1.93
2026-09-01 12:37:29,2.411
2026-09-01 12:37:30,1.989
2026-09-01 12:37:31,1.554
2026-09-01 12:37:32,2.02
2026-09-01 12:37:33,2.046
2026-09-01 12:37:34,2.185
2026-09-01 12:37:35,2.049
2026-09-01 12:37:36,2.164
2026-09-01 12:37:37,2.108
2026-09-01 12:37:38,2.057
2026-09-01 12:37:39,1.676
2026-09-01 12:37:40,2.514
2026-09-01 12:37:41,2.143
2026-09-01 12:37:42,2.295
2026-09-01 12:37:43,2.319
2026-09-01 12:37:44,1.802
2026-09-01 12:37:45,2.205
2026-09-01 12:37:46,2.491
2026-09-01 12:37:47,2.186
2026-09-01 12:37:48,2.28
2026-09-01 12:37:49,2.543
2026-09-01 12:37:50,2.198
2026-09-01 12:37:51,1.971
2026-09-01 12:37:52,2.589
2026-09-01 12:37:53,2.031
2026-09-01 12:37:54,1.963
2026-09-01 12:37:55,2.375
2026-09-01 12:37:56,2.283
2026-09-01 12:37:57,2.134
2026-09-01 12:37:58,2.095
2026-09-01 12:37:59,1.841
2026-09-01 12:38:00,2.126
2026-09-01 12:38:01,1.778
2026-09-01 12:38:02,2.147
2026-09-01 12:38:03,2.658
2026-09-01 12:38:04,2.096
2026-09-01 12:38:05,2.276
2026-09-01 12:38:06,2.015
2026-09-01 12:38:07,1.908
2026-09-01 12:38:08,1.939
2026-09-01 12:38:09,1.666
2026-09-01 12:38:10,2.404
2026-09-01 12:38:11,2.244
2026-09-01 12:38:12,1.923
2026-09-01 12:38:13,2.03
2026-09-01 12:38:14,1.833
2026-09-01 12:38:15,2.116
2026-09-01 12:38:16,2.004
2026-09-01 12:38:17,2.037
2026-09-01 12:38:18,2.375
2026-09-01 12:38:19,2.064
2026-09-01 12:38:20,2.257
2026-09-01 12:38:21,2.535
2026-09-01 12:38:22,2.139
2026-09-01 12:38:23,2.169
2026-09-01 12:38:24,2.064
2026-09-01 12:38:25,2.233
2026-09-01 12:38:26,2.6
2026-09-01 12:38:27,2.189
2026-09-01 12:38:28,2.168
2026-09-01 12:38:29,1.936
2026-09-01 12:38:30,2.291
2026-09-01 12:38:31,1.96
2026-09-01 12:38:32,1.914
2026-09-01 12:38:33,1.724
2026-09-01 12:38:34,1.89
2026-09-01 12:38:35,2.274
2026-09-01 12:38:36,2.323
2026-09-01 12:38:37,1.981
2026-09-01 12:38:38,2.21
2026-09-01 12:38:39,2.149
2026-09-01 12:38:40,2.248
2026-09-01 12:38:41,2.185
2026-09-01 12:38:42,1.977
2026-09-01 12:38:43,2.265
2026-09-01 12:38:44,2.112
2026-09-01 12:38:45,2.16
2026-09-01 12:38:46,2.527
2026-09-01 12:38:47,1.701
2026-09-01 12:38:48,1.661
2026-09-01 12:38:49,2.524
2026-09-01 12:38:50,2.117
2026-09-01 12:38:51,2.465
2026-09-01 12:38:52,1.51
2026-09-01 12:38:53,2.147
2026-09-01 12:38:54,1.984
2026-09-01 12:38:55,2.389
2026-09-01 12:38:56,2.162
2026-09-01 12:38:57,1.91
2026-09-01 12:38:58,1.868
2026-09-01 12:38:59,2.274
2026-09-01 12:39:00,2.131
2026-09-01 12:39:01,2.388
2026-09-01 12:39:02,2.175
2026-09-01 12:39:03,1.865
2026-09-01 12:39:04,2.128
2026-09-01 12:39:05,1.858
2026-09-01 12:39:06,1.994
2026-09-01 12:39:07,2.298
2026-09-01 12:39:08,1.597
2026-09-01 12:39:09,2.405
2026-09-01 12:39:10,2.068
2026-09-01 12:39:11,1.956
2026-09-01 12:39:12,2.463
2026-09-01 12:39:13,2.705
2026-09-01 12:39:14,2.483
2026-09-01 12:39:15,1.857
2026-09-01 12:39:16,2.288
2026-09-01 12:39:17,1.665
2026-09-01 12:39:18,1.952
2026-09-01 12:39:19,2.188
2026-09-01 12:39:20,2.029
2026-09-01 12:39:21,1.901
2026-09-01 12:39:22,2.235
2026-09-01 12:39:23,1.701
2026-09-01 12:39:24,1.753
2026-09-01 12:39:25,2.075
2026-09-01 12:39:26,2.481
2026-09-01 12:39:27,2.153
2026-09-01 12:39:28,2.646
2026-09-01 12:39:29,2.577
2026-09-01 12:39:30,2.634
2026-09-01 12:39:31,2.006
2026-09-01 12:39:32,2.254
2026-09-01 12:39:33,2.54
2026-09-01 12:39:34,2.113
2026-09-01 12:39:35,2.398
2026-09-01 12:39:36,2.075
2026-09-01 12:39:37,2.313
2026-09-01 12:39:38,1.773
2026-09-01 12:39:39,2.174
2026-09-01 12:39:40,1.578
2026-09-01 12:39:41,2.342
2026-09-01 12:39:42,1.95
2026-09-01 12:39:43,2.027
2026-09-01 12:39:44,2.197
2026-09-01 12:39:45,2.121
2026-09-01 12:39:46,2.174
2026-09-01 12:39:47,2.237
2026-09-01 12:39:48,2.221
2026-09-01 12:39:49,1.812
2026-09-01 12:39:50,1.98
2026-09-01 12:39:51,2.084
2026-09-01 12:39:52,2.189
2026-09-01 12:39:53,2.138
2026-09-01 12:39:54,1.941
2026-09-01 12:39:55,1.992
2026-09-01 12:39:56,1.936
2026-09-01 12:39:57,2.483
2026-09-01 12:39:58,2.44
2026-09-01 12:39:59,2.089
2026-09-01 12:40:00,2.123
2026-09-01 12:40:01,1.971
2026-09-01 12:40:02,1.787
2026-09-01 12:40:03,2.124
2026-09-01 12:40:04,1.832
2026-09-01 12:40:05,2.387
2026-09-01 12:40:06,2.04
2026-09-01 12:40:07,2.201
2026-09-01 12:40:08,1.846
2026-09-01 12:40:09,2.53
2026-09-01 12:40:10,1.931
2026-09-01 12:40:11,1.757
2026-09-01 12:40:12,2.402
2026-09-01 12:40:13,2.168
2026-09-01 12:40:14,2.001
2026-09-01 12:40:15,2.282
2026-09-01 12:40:16,2.066
2026-09-01 12:40:17,2.275
2026-09-01 12:40:18,2.131
2026-09-01 12:40:19,1.782
2026-09-01 12:40:20,1.929
2026-09-01 12:40:21,2.391
2026-09-01 12:40:22,2.109
2026-09-01 12:40:23,1.934
2026-09-01 12:40:24,2.524
2026-09-01 12:40:25,1.793
2026-09-01 12:40:26,2.053
2026-09-01 12:40:27,2.078
2026-09-01 12:40:28,2.026
2026-09-01 12:40:29,1.812
2026-09-01 12:40:30,1.922
2026-09-01 12:40:31,2.402
2026-09-01 12:40:32,2.098
2026-09-01 12:40:33,2.111
2026-09-01 12:40:34,2.218
2026-09-01 12:40:35,2.117
2026-09-01 12:40:36,2.084
2026-09-01 12:40:37,1.799
2026-09-01 12:40:38,2.334
2026-09-01 12:40:39,2.371
2026-09-01 12:40:40,2.221
2026-09-01 12:40:41,1.981
2026-09-01 12:40:42,2.123
2026-09-01 12:40:43,2.165
2026-09-01 12:40:44,1.98
2026-09-01 12:40:45,2.008
2026-09-01 12:40:46,2.151
2026-09-01 12:40:47,2.105
2026-09-01 12:40:48,2.135
2026-09-01 12:40:49,2.03
2026-09-01 12:40:50,2.634
2026-09-01 12:40:51,1.82
2026-09-01 12:40:52,2.285
2026-09-01 12:40:53,2.396
2026-09-01 12:40:54,2.115
2026-09-01 12:40:55,1.632
2026-09-01 12:40:56,2.169
2026-09-01 12:40:57,2.259
2026-09-01 12:40:58,2.271
2026-09-01 12:40:59,2.313
2026-09-01 12:41:00,2.021
2026-09-01 12:41:01,2.531
2026-09-01 12:41:02,2.348
2026-09-01 12:41:03,1.968
2026-09-01 12:41:04,1.949
2026-09-01 12:41:05,2.067
2026-09-01 12:41:06,2.084
2026-09-01 12:41:07,2.431
2026-09-01 12:41:08,2.261
2026-09-01 12:41:09,2.492
2026-09-01 12:41:10,2.082
2026-09-01 12:41:11,2.276
2026-09-01 12:41:12,2.202
2026-09-01 12:41:13,1.75
2026-09-01 12:41:14,1.819
2026-09-01 12:41:15,2.228
2026-09-01 12:41:16,1.929
2026-09-01 12:41:17,2.1
2026-09-01 12:41:18,1.935
2026-09-01 12:41:19,2.211
2026-09-01 12:41:20,1.942
2026-09-01 12:41:21,2.41
2026-09-01 12:41:22,2.062
2026-09-01 12:41:23,2.068
2026-09-01 12:41:24,1.929
2026-09-01 12:41:25,1.721
2026-09-01 12:41:26,2.189
2026-09-01 12:41:27,2.03
2026-09-01 12:41:28,2.627
2026-09-01 12:41:29,1.938
2026-09-01 12:41:30,1.803
2026-09-01 12:41:31,2.378
2026-09-01 12:41:32,2.414
2026-09-01 12:41:33,2.359
2026-09-01 12:41:34,1.827
2026-09-01 12:41:35,2.332
2026-09-01 12:41:36,2.359
2026-09-01 12:41:37,2.164
2026-09-01 12:41:38,1.914
2026-09-01 12:41:39,2.185
2026-09-01 12:41:40,1.969
2026-09-01 12:41:41,1.985
2026-09-01 12:41:42,2.278
2026-09-01 12:41:43,2.378
2026-09-01 12:41:44,1.926
2026-09-01 12:41:45,2.426
2026-09-01 12:41:46,1.964
2026-09-01 12:41:47,2.051
2026-09-01 12:41:48,2.24
2026-09-01 12:41:49,1.752
2026-09-01 12:41:50,2.369
2026-09-01 12:41:51,2.347
2026-09-01 12:41:52,2.002
2026-09-01 12:41:53,2.583
2026-09-01 12:41:54,1.883
2026-09-01 12:41:55,1.784
2026-09-01 12:41:56,2.602
2026-09-01 12:41:57,2.48
2026-09-01 12:41:58,2.02
2026-09-01 12:41:59,2.353
2026-09-01 12:42:00,1.722
2026-09-01 12:42:01,2.16
2026-09-01 12:42:02,2.63
2026-09-01 12:42:03,1.789
2026-09-01 12:42:04,1.644
2026-09-01 12:42:05,2.015
2026-09-01 12:42:06,2.186
2026-09-01 12:42:07,2.483
2026-09-01 12:42:08,2.495
2026-09-01 12:42:09,1.999
2026-09-01 12:42:10,1.908
2026-09-01 12:42:11,1.815
2026-09-01 12:42:12,1.693
2026-09-01 12:42:13,2.103
2026-09-01 12:42:14,1.809
2026-09-01 12:42:15,2.019
2026-09-01 12:42:16,2.235
2026-09-01 12:42:17,2.12
2026-09-01 12:42:18,1.853
2026-09-01 12:42:19,2.299
2026-09-01 12:42:20,2.334
2026-09-01 12:42:21,1.558
2026-09-01 12:42:22,2.485
2026-09-01 12:42:23,2.216
2026-09-01 12:42:24,2.242
2026-09-01 12:42:25,2.199
2026-09-01 12:42:26,1.898
2026-09-01 12:42:27,2.385
2026-09-01 12:42:28,2.071
2026-09-01 12:42:29,1.983
2026-09-01 12:42:30,2.7
2026-09-01 12:42:31,2.195
2026-09-01 12:42:32,2.492
2026-09-01 12:42:33,2.513
2026-09-01 12:42:34,1.808
2026-09-01 12:42:35,1.534
2026-09-01 12:42:36,2.164
2026-09-01 12:42:37,2.55
2026-09-01 12:42:38,1.962
2026-09-01 12:42:39,2.314
2026-09-01 12:42:40,2.0
2026-09-01 12:42:41,2.007
2026-09-01 12:42:42,2.049
2026-09-01 12:42:43,2.218
2026-09-01 12:42:44,2.376
2026-09-01 12:42:45,1.599
2026-09-01 12:42:46,2.164
2026-09-01 12:42:47,1.937
2026-09-01 12:42:48,1.868
2026-09-01 12:42:49,2.006
2026-09-01 12:42:50,2.144
2026-09-01 12:42:51,1.838
2026-09-01 12:42:52,1.952
2026-09-01 12:42:53,2.226
2026-09-01 12:42:54,2.125
2026-09-01 12:42:55,2.093
2026-09-01 12:42:56,2.946
2026-09-01 12:42:57,2.058
2026-09-01 12:42:58,1.71
2026-09-01 12:42:59,2.345
2026-09-01 12:43:00,2.037
2026-09-01 12:43:01,1.997
2026-09-01 12:43:02,2.045
2026-09-01 12:43:03,2.039
2026-09-01 12:43:04,1.817
2026-09-01 12:43:05,1.852
2026-09-01 12:43:06,2.417
2026-09-01 12:43:07,2.246
2026-09-01 12:43:08,2.433
2026-09-01 12:43:09,1.839
2026-09-01 12:43:10,2.021
2026-09-01 12:43:11,2.072
2026-09-01 12:43:12,1.785
2026-09-01 12:43:13,2.05
2026-09-01 12:43:14,2.379
2026-09-01 12:43:15,2.186
2026-09-01 12:43:16,2.355
2026-09-01 12:43:17,1.656
2026-09-01 12:43:18,2.317
2026-09-01 12:43:19,1.752
2026-09-01 12:43:20,2.233
2026-09-01 12:43:21,2.008
2026-09-01 12:43:22,1.874
2026-09-01 12:43:23,2.271
2026-09-01 12:43:24,2.25
2026-09-01 12:43:25,1.641
2026-09-01 12:43:26,2.139
2026-09-01 12:43:27,1.971
2026-09-01 12:43:28,2.141
2026-09-01 12:43:29,1.542
2026-09-01 12:43:30,2.17
2026-09-01 12:43:31,1.653
2026-09-01 12:43:32,2.156
2026-09-01 12:43:33,2.294
2026-09-01 12:43:34,2.224
2026-09-01 12:43:35,2.111
2026-09-01 12:43:36,1.855
2026-09-01 12:43:37,2.257
2026-09-01 12:43:38,2.239
2026-09-01 12:43:39,1.999
2026-09-01 12:43:40,1.92
2026-09-01 12:43:41,2.526
2026-09-01 12:43:42,2.217
2026-09-01 12:43:43,2.15
2026-09-01 12:43:44,2.076
2026-09-01 12:43:45,1.923
2026-09-01 12:43:46,1.686
2026-09-01 12:43:47,1.873
2026-09-01 12:43:48,2.485
2026-09-01 12:43:49,2.128
2026-09-01 12:43:50,1.644
2026-09-01 12:43:51,1.989
2026-09-01 12:43:52,2.137
2026-09-01 12:43:53,2.046
2026-09-01 12:43:54,2.248
2026-09-01 12:43:55,1.709
2026-09-01 12:43:56,2.146
2026-09-01 12:43:57,2.13
2026-09-01 12:43:58,1.526
2026-09-01 12:43:59,1.76
2026-09-01 12:44:00,2.42
2026-09-01 12:44:01,1.698
2026-09-01 12:44:02,2.179
2026-09-01 12:44:03,1.888
2026-09-01 12:44:04,1.899
2026-09-01 12:44:05,1.87
2026-09-01 12:44:06,2.501
2026-09-01 12:44:07,1.943
2026-09-01 12:44:08,2.194
2026-09-01 12:44:09,2.314
2026-09-01 12:44:10,2.136
2026-09-01 12:44:11,1.964
2026-09-01 12:44:12,2.319
2026-09-01 12:44:13,1.889
2026-09-01 12:44:14,2.027
2026-09-01 12:44:15,2.157
2026-09-01 12:44:16,2.269
2026-09-01 12:44:17,2.347
2026-09-01 12:44:18,1.681
2026-09-01 12:44:19,1.945
2026-09-01 12:44:20,2.427
2026-09-01 12:44:21,2.012
2026-09-01 12:44:22,2.678
2026-09-01 12:44:23,2.403
2026-09-01 12:44:24,2.074
2026-09-01 12:44:25,2.337
2026-09-01 12:44:26,2.027
2026-09-01 12:44:27,2.185
2026-09-01 12:44:28,1.925
2026-09-01 12:44:29,2.079
2026-09-01 12:44:30,2.208
2026-09-01 12:44:31,2.089
2026-09-01 12:44:32,2.371
2026-09-01 12:44:33,1.81
2026-09-01 12:44:34,2.125
2026-09-01 12:44:35,2.147
2026-09-01 12:44:36,2.098
2026-09-01 12:44:37,1.95
2026-09-01 12:44:38,2.557
2026-09-01 12:44:39,1.765
2026-09-01 12:44:40,2.318
2026-09-01 12:44:41,2.304
2026-09-01 12:44:42,2.516
2026-09-01 12:44:43,1.908
2026-09-01 12:44:44,1.686
2026-09-01 12:44:45,2.024
2026-09-01 12:44:46,1.961
2026-09-01 12:44:47,2.368
2026-09-01 12:44:48,1.841
2026-09-01 12:44:49,2.038
2026-09-01 12:44:50,2.07
2026-09-01 12:44:51,2.435
2026-09-01 12:44:52,1.437
2026-09-01 12:44:53,2.208
2026-09-01 12:44:54,1.96
2026-09-01 12:44:55,2.049
2026-09-01 12:44:56,2.267
2026-09-01 12:44:57,2.287
2026-09-01 12:44:58,1.96
2026-09-01 12:44:59,2.143
2026-09-01 12:45:00,2.03
2026-09-01 12:45:01,2.093
2026-09-01 12:45:02,2.209
2026-09-01 12:45:03,2.612
2026-09-01 12:45:04,1.733
2026-09-01 12:45:05,2.158
2026-09-01 12:45:06,2.031
2026-09-01 12:45:07,2.01
2026-09-01 12:45:08,2.236
2026-09-01 12:45:09,2.597
2026-09-01 12:45:10,1.965
2026-09-01 12:45:11,2.172
2026-09-01 12:45:12,1.828
2026-09-01 12:45:13,2.301
2026-09-01 12:45:14,2.259
2026-09-01 12:45:15,2.079
2026-09-01 12:45:16,2.149
2026-09-01 12:45:17,1.844
2026-09-01 12:45:18,2.296
2026-09-01 12:45:19,2.499
2026-09-01 12:45:20,2.239
2026-09-01 12:45:21,2.082
2026-09-01 12:45:22,2.193
2026-09-01 12:45:23,1.961
2026-09-01 12:45:24,1.976
2026-09-01 12:45:25,2.231
2026-09-01 12:45:26,1.891
2026-09-01 12:45:27,1.91
2026-09-01 12:45:28,1.914
2026-09-01 12:45:29,1.784
2026-09-01 12:45:30,1.892
2026-09-01 12:45:31,2.233
2026-09-01 12:45:32,2.042
2026-09-01 12:45:33,1.982
2026-09-01 12:45:34,2.265
2026-09-01 12:45:35,2.189
2026-09-01 12:45:36,2.293
2026-09-01 12:45:37,2.384
2026-09-01 12:45:38,2.075
2026-09-01 12:45:39,2.461
2026-09-01 12:45:40,1.599
2026-09-01 12:45:41,1.793
2026-09-01 12:45:42,2.193
2026-09-01 12:45:43,2.62
2026-09-01 12:45:44,2.425
2026-09-01 12:45:45,2.205
2026-09-01 12:45:46,1.97
2026-09-01 12:45:47,2.218
2026-09-01 12:45:48,2.013
2026-09-01 12:45:49,2.14
2026-09-01 12:45:50,1.839
2026-09-01 12:45:51,2.209
2026-09-01 12:45:52,2.473
2026-09-01 12:45:53,1.813
2026-09-01 12:45:54,1.997
2026-09-01 12:45:55,2.451
2026-09-01 12:45:56,2.211
2026-09-01 12:45:57,2.187
2026-09-01 12:45:58,2.178
2026-09-01 12:45:59,2.538
2026-09-01 12:46:00,2.173
2026-09-01 12:46:01,1.874
2026-09-01 12:46:02,2.065
2026-09-01 12:46:03,2.328
2026-09-01 12:46:04,2.395
2026-09-01 12:46:05,2.243
2026-09-01 12:46:06,2.314
2026-09-01 12:46:07,1.889
2026-09-01 12:46:08,1.892
2026-09-01 12:46:09,1.895
2026-09-01 12:46:10,1.765
2026-09-01 12:46:11,2.336
2026-09-01 12:46:12,1.74
2026-09-01 12:46:13,2.355
2026-09-01 12:46:14,2.288
2026-09-01 12:46:15,2.086
2026-09-01 12:46:16,2.214
2026-09-01 12:46:17,2.029
2026-09-01 12:46:18,2.041
2026-09-01 12:46:19,1.733
2026-09-01 12:46:20,2.125
2026-09-01 12:46:21,2.135
2026-09-01 12:46:22,2.139
2026-09-01 12:46:23,1.716
2026-09-01 12:46:24,2.041
2026-09-01 12:46:25,2.237
2026-09-01 12:46:26,2.272
2026-09-01 12:46:27,1.933
2026-09-01 12:46:28,1.871
2026-09-01 12:46:29,2.529
2026-09-01 12:46:30,1.857
2026-09-01 12:46:31,1.326
2026-09-01 12:46:32,2.464
2026-09-01 12:46:33,1.961
2026-09-01 12:46:34,2.12
2026-09-01 12:46:35,2.117
2026-09-01 12:46:36,2.216
2026-09-01 12:46:37,2.018
2026-09-01 12:46:38,2.478
2026-09-01 12:46:39,2.107
2026-09-01 12:46:40,2.262
2026-09-01 12:46:41,1.957
2026-09-01 12:46:42,2.215
2026-09-01 12:46:43,2.303
2026-09-01 12:46:44,1.914
2026-09-01 12:46:45,2.139
2026-09-01 12:46:46,2.388
2026-09-01 12:46:47,2.232
2026-09-01 12:46:48,2.082
2026-09-01 12:46:49,1.759
2026-09-01 12:46:50,2.239
2026-09-01 12:46:51,2.415
2026-09-01 12:46:52,1.922
2026-09-01 12:46:53,2.357
2026-09-01 12:46:54,1.953
2026-09-01 12:46:55,1.787
2026-09-01 12:46:56,1.999
2026-09-01 12:46:57,2.167
2026-09-01 12:46:58,1.992
2026-09-01 12:46:59,1.965
2026-09-01 12:47:00,1.796
2026-09-01 12:47:01,2.03
2026-09-01 12:47:02,2.221
2026-09-01 12:47:03,2.061
2026-09-01 12:47:04,2.108
2026-09-01 12:47:05,2.109
2026-09-01 12:47:06,2.197
2026-09-01 12:47:07,2.005
2026-09-01 12:47:08,2.308
2026-09-01 12:47:09,2.614
2026-09-01 12:47:10,2.046
2026-09-01 12:47:11,1.856
2026-09-01 12:47:12,2.222
2026-09-01 12:47:13,1.869
2026-09-01 12:47:14,2.52
2026-09-01 12:47:15,2.136
2026-09-01 12:47:16,1.794
2026-09-01 12:47:17,2.211
2026-09-01 12:47:18,2.244
2026-09-01 12:47:19,1.892
2026-09-01 12:47:20,2.409
2026-09-01 12:47:21,2.187
2026-09-01 12:47:22,2.245
2026-09-01 12:47:23,2.315
2026-09-01 12:47:24,2.049
2026-09-01 12:47:25,2.397
2026-09-01 12:47:26,2.477
2026-09-01 12:47:27,1.966
2026-09-01 12:47:28,2.123
2026-09-01 12:47:29,1.958
2026-09-01 12:47:30,2.101
2026-09-01 12:47:31,2.422
2026-09-01 12:47:32,2.058
2026-09-01 12:47:33,1.91
2026-09-01 12:47:34,1.98
2026-09-01 12:47:35,1.888
2026-09-01 12:47:36,1.803
2026-09-01 12:47:37,2.087
2026-09-01 12:47:38,1.854
2026-09-01 12:47:39,2.484
2026-09-01 12:47:40,2.035
2026-09-01 12:47:41,1.837
2026-09-01 12:47:42,2.327
2026-09-01 12:47:43,2.402
2026-09-01 12:47:44,1.855
2026-09-01 12:47:45,2.395
2026-09-01 12:47:46,2.166
2026-09-01 12:47:47,1.966
2026-09-01 12:47:48,2.327
2026-09-01 12:47:49,2.002
2026-09-01 12:47:50,1.969
2026-09-01 12:47:51,2.102
2026-09-01 12:47:52,1.915
2026-09-01 12:47:53,2.242
2026-09-01 12:47:54,2.269
2026-09-01 12:47:55,2.14
2026-09-01 12:47:56,2.118
2026-09-01 12:47:57,2.405
2026-09-01 12:47:58,2.208
2026-09-01 12:47:59,1.894
2026-09-01 12:48:00,1.867
2026-09-01 12:48:01,2.142
2026-09-01 12:48:02,2.043
2026-09-01 12:48:03,1.973
2026-09-01 12:48:04,2.19
2026-09-01 12:48:05,2.444
2026-09-01 12:48:06,2.63
2026-09-01 12:48:07,2.428
2026-09-01 12:48:08,1.87
2026-09-01 12:48:09,2.3
2026-09-01 12:48:10,2.068
2026-09-01 12:48:11,2.033
2026-09-01 12:48:12,2.316
2026-09-01 12:48:13,1.978
2026-09-01 12:48:14,1.795
2026-09-01 12:48:15,1.882
2026-09-01 12:48:16,2.283
2026-09-01 12:48:17,1.751
2026-09-01 12:48:18,2.005
2026-09-01 12:48:19,2.23
2026-09-01 12:48:20,2.401
2026-09-01 12:48:21,2.061
2026-09-01 12:48:22,2.054
2026-09-01 12:48:23,2.261
2026-09-01 12:48:24,2.074
2026-09-01 12:48:25,1.873
2026-09-01 12:48:26,2.257
2026-09-01 12:48:27,2.526
2026-09-01 12:48:28,2.235
2026-09-01 12:48:29,2.042
2026-09-01 12:48:30,2.297
2026-09-01 12:48:31,2.227
2026-09-01 12:48:32,1.91
2026-09-01 12:48:33,1.838
2026-09-01 12:48:34,1.787
2026-09-01 12:48:35,2.176
2026-09-01 12:48:36,2.214
2026-09-01 12:48:37,2.248
2026-09-01 12:48:38,2.009
2026-09-01 12:48:39,1.933
2026-09-01 12:48:40,2.153
2026-09-01 12:48:41,1.951
2026-09-01 12:48:42,2.245
2026-09-01 12:48:43,1.989
2026-09-01 12:48:44,2.237
2026-09-01 12:48:45,2.339
2026-09-01 12:48:46,2.223
2026-09-01 12:48:47,1.793
2026-09-01 12:48:48,2.07
2026-09-01 12:48:49,1.788
2026-09-01 12:48:50,1.891
2026-09-01 12:48:51,2.222
2026-09-01 12:48:52,2.248
2026-09-01 12:48:53,2.113
2026-09-01 12:48:54,2.311
2026-09-01 12:48:55,2.096
2026-09-01 12:48:56,1.617
2026-09-01 12:48:57,2.064
2026-09-01 12:48:58,1.933
2026-09-01 12:48:59,1.892
2026-09-01 12:49:00,2.174
2026-09-01 12:49:01,1.864
2026-09-01 12:49:02,2.136
2026-09-01 12:49:03,2.334
2026-09-01 12:49:04,2.002
2026-09-01 12:49:05,2.037
2026-09-01 12:49:06,2.106
2026-09-01 12:49:07,2.001
2026-09-01 12:49:08,2.074
2026-09-01 12:49:09,1.836
2026-09-01 12:49:10,2.311
2026-09-01 12:49:11,2.317
2026-09-01 12:49:12,1.761
2026-09-01 12:49:13,2.513
2026-09-01 12:49:14,1.835
2026-09-01 12:49:15,1.773
2026-09-01 12:49:16,1.956
2026-09-01 12:49:17,2.114
2026-09-01 12:49:18,1.691
2026-09-01 12:49:19,1.879
2026-09-01 12:49:20,1.8
2026-09-01 12:49:21,2.716
2026-09-01 12:49:22,1.841
2026-09-01 12:49:23,1.818
2026-09-01 12:49:24,2.176
2026-09-01 12:49:25,1.99
2026-09-01 12:49:26,2.218
2026-09-01 12:49:27,2.396
2026-09-01 12:49:28,2.146
2026-09-01 12:49:29,1.643
2026-09-01 12:49:30,1.936
2026-09-01 12:49:31,2.199
2026-09-01 12:49:32,2.068
2026-09-01 12:49:33,1.513
2026-09-01 12:49:34,2.474
2026-09-01 12:49:35,1.821
2026-09-01 12:49:36,2.238
2026-09-01 12:49:37,2.396
2026-09-01 12:49:38,1.785
2026-09-01 12:49:39,2.046
2026-09-01 12:49:40,2.321
2026-09-01 12:49:41,2.141
2026-09-01 12:49:42,2.223
2026-09-01 12:49:43,2.288
2026-09-01 12:49:44,2.283
2026-09-01 12:49:45,1.96
2026-09-01 12:49:46,2.077
2026-09-01 12:49:47,2.397
2026-09-01 12:49:48,1.924
2026-09-01 12:49:49,1.46
2026-09-01 12:49:50,1.709
2026-09-01 12:49:51,2.23
2026-09-01 12:49:52,1.894
2026-09-01 12:49:53,2.038
2026-09-01 12:49:54,1.906
2026-09-01 12:49:55,2.37
2026-09-01 12:49:56,1.809
2026-09-01 12:49:57,2.12
2026-09-01 12:49:58,2.29
2026-09-01 12:49:59,2.098
2026-09-01 12:50:00,
2026-09-01 12:50:01,
2026-09-01 12:50:02,2.477
2026-09-01 12:50:03,1.938
2026-09-01 12:50:04,2.229
2026-09-01 12:50:05,1.821
2026-09-01 12:50:06,1.953
2026-09-01 12:50:07,2.145
2026-09-01 12:50:08,2.035
2026-09-01 12:50:09,2.293
2026-09-01 12:50:10,1.387
2026-09-01 12:50:11,2.337
2026-09-01 12:50:12,1.682
2026-09-01 12:50:13,2.309
2026-09-01 12:50:14,1.974
2026-09-01 12:50:15,2.531
2026-09-01 12:50:16,2.307
2026-09-01 12:50:17,1.957
2026-09-01 12:50:18,2.152
2026-09-01 12:50:19,2.252
2026-09-01 12:50:20,1.995
2026-09-01 12:50:21,2.328
2026-09-01 12:50:22,1.804
2026-09-01 12:50:23,1.886
2026-09-01 12:50:24,1.715
2026-09-01 12:50:25,2.15
2026-09-01 12:50:26,2.441
2026-09-01 12:50:27,2.534
2026-09-01 12:50:28,2.449
2026-09-01 12:50:29,1.617
2026-09-01 12:50:30,2.626
2026-09-01 12:50:31,1.749
2026-09-01 12:50:32,1.837
2026-09-01 12:50:33,2.2
2026-09-01 12:50:34,2.369
2026-09-01 12:50:35,2.504
2026-09-01 12:50:36,2.468
2026-09-01 12:50:37,1.623
2026-09-01 12:50:38,2.523
2026-09-01 12:50:39,2.109
2026-09-01 12:50:40,1.997
2026-09-01 12:50:41,2.306
2026-09-01 12:50:42,1.933
2026-09-01 12:50:43,2.226
2026-09-01 12:50:44,2.006
2026-09-01 12:50:45,2.14
2026-09-01 12:50:46,2.116
2026-09-01 12:50:47,2.154
2026-09-01 12:50:48,2.166
2026-09-01 12:50:49,1.929
2026-09-01 12:50:50,2.459
2026-09-01 12:50:51,1.86
2026-09-01 12:50:52,2.347
2026-09-01 12:50:53,2.049
2026-09-01 12:50:54,2.683
2026-09-01 12:50:55,1.984
2026-09-01 12:50:56,1.856
2026-09-01 12:50:57,2.595
2026-09-01 12:50:58,1.99
2026-09-01 12:50:59,2.266
2026-09-01 12:51:00,1.963
2026-09-01 12:51:01,1.909
2026-09-01 12:51:02,2.071
2026-09-01 12:51:03,2.254
2026-09-01 12:51:04,2.029
2026-09-01 12:51:05,1.97
2026-09-01 12:51:06,1.786
2026-09-01 12:51:07,1.727
2026-09-01 12:51:08,1.952
2026-09-01 12:51:09,2.681
2026-09-01 12:51:10,1.864
2026-09-01 12:51:11,2.06
2026-09-01 12:51:12,2.321
2026-09-01 12:51:13,1.815
2026-09-01 12:51:14,2.544
2026-09-01 12:51:15,1.801
2026-09-01 12:51:16,1.611
2026-09-01 12:51:17,2.178
2026-09-01 12:51:18,2.38
2026-09-01 12:51:19,2.247
2026-09-01 12:51:20,1.993
2026-09-01 12:51:21,2.264
2026-09-01 12:51:22,1.887
2026-09-01 12:51:23,1.827
2026-09-01 12:51:24,1.774
2026-09-01 12:51:25,2.206
2026-09-01 12:51:26,2.041
2026-09-01 12:51:27,2.18
2026-09-01 12:51:28,1.811
2026-09-01 12:51:29,1.805
2026-09-01 12:51:30,1.624
2026-09-01 12:51:31,2.25
2026-09-01 12:51:32,2.083
2026-09-01 12:51:33,1.932
2026-09-01 12:51:34,2.286
2026-09-01 12:51:35,1.82
2026-09-01 12:51:36,2.511
2026-09-01 12:51:37,2.267
2026-09-01 12:51:38,1.816
2026-09-01 12:51:39,2.33
2026-09-01 12:51:40,2.152
2026-09-01 12:51:41,1.892
2026-09-01 12:51:42,2.084
2026-09-01 12:51:43,1.729
2026-09-01 12:51:44,2.471
2026-09-01 12:51:45,2.316
2026-09-01 12:51:46,2.037
2026-09-01 12:51:47,2.097
2026-09-01 12:51:48,2.262
2026-09-01 12:51:49,2.041
2026-09-01 12:51:50,2.132
2026-09-01 12:51:51,1.961
2026-09-01 12:51:52,2.327
2026-09-01 12:51:53,2.4
2026-09-01 12:51:54,2.16
2026-09-01 12:51:55,1.802
2026-09-01 12:51:56,1.905
2026-09-01 12:51:57,2.227
2026-09-01 12:51:58,2.374
2026-09-01 12:51:59,2.132
2026-09-01 12:52:00,1.927
2026-09-01 12:52:01,1.652
2026-09-01 12:52:02,2.212
2026-09-01 12:52:03,2.082
2026-09-01 12:52:04,2.071
2026-09-01 12:52:05,1.845
2026-09-01 12:52:06,2.431
2026-09-01 12:52:07,1.615
2026-09-01 12:52:08,2.06
2026-09-01 12:52:09,2.349
2026-09-01 12:52:10,1.924
2026-09-01 12:52:11,2.354
2026-09-01 12:52:12,2.243
2026-09-01 12:52:13,2.122
2026-09-01 12:52:14,1.96
2026-09-01 12:52:15,2.296
2026-09-01 12:52:16,2.063
2026-09-01 12:52:17,2.085
2026-09-01 12:52:18,2.312
2026-09-01 12:52:19,1.936
2026-09-01 12:52:20,2.116
2026-09-01 12:52:21,2.5
2026-09-01 12:52:22,1.91
2026-09-01 12:52:23,2.285
2026-09-01 12:52:24,2.289
2026-09-01 12:52:25,1.973
2026-09-01 12:52:26,2.19
2026-09-01 12:52:27,2.118
2026-09-01 12:52:28,2.161
2026-09-01 12:52:29,2.03
2026-09-01 12:52:30,1.939
2026-09-01 12:52:31,2.143
2026-09-01 12:52:32,2.228
2026-09-01 12:52:33,2.398
2026-09-01 12:52:34,1.852
2026-09-01 12:52:35,1.823
2026-09-01 12:52:36,2.046
2026-09-01 12:52:37,2.253
2026-09-01 12:52:38,2.638
2026-09-01 12:52:39,1.672
2026-09-01 12:52:40,2.236
2026-09-01 12:52:41,2.095
2026-09-01 12:52:42,1.443
2026-09-01 12:52:43,2.093
2026-09-01 12:52:44,2.104
2026-09-01 12:52:45,2.105
2026-09-01 12:52:46,2.009
2026-09-01 12:52:47,1.935
2026-09-01 12:52:48,2.332
2026-09-01 12:52:49,2.129
2026-09-01 12:52:50,1.873
2026-09-01 12:52:51,2.541
2026-09-01 12:52:52,1.888
2026-09-01 12:52:53,2.363
2026-09-01 12:52:54,1.946
2026-09-01 12:52:55,1.979
2026-09-01 12:52:56,2.323
2026-09-01 12:52:57,2.022
2026-09-01 12:52:58,2.384
2026-09-01 12:52:59,2.186
2026-09-01 12:53:00,2.338
2026-09-01 12:53:01,2.194
2026-09-01 12:53:02,2.235
2026-09-01 12:53:03,2.143
2026-09-01 12:53:04,2.406
2026-09-01 12:53:05,2.096
2026-09-01 12:53:06,2.001
2026-09-01 12:53:07,2.193
2026-09-01 12:53:08,2.018
2026-09-01 12:53:09,2.112
2026-09-01 12:53:10,1.88
2026-09-01 12:53:11,2.085
2026-09-01 12:53:12,1.948
2026-09-01 12:53:13,1.692
2026-09-01 12:53:14,2.043
2026-09-01 12:53:15,2.173
2026-09-01 12:53:16,2.004
2026-09-01 12:53:17,2.225
2026-09-01 12:53:18,1.855
2026-09-01 12:53:19,1.883
2026-09-01 12:53:20,2.29
2026-09-01 12:53:21,2.15
2026-09-01 12:53:22,2.131
2026-09-01 12:53:23,2.161
2026-09-01 12:53:24,2.246
2026-09-01 12:53:25,2.379
2026-09-01 12:53:26,1.722
2026-09-01 12:53:27,1.947
2026-09-01 12:53:28,2.368
2026-09-01 12:53:29,2.184
2026-09-01 12:53:30,1.905
2026-09-01 12:53:31,1.916
2026-09-01 12:53:32,2.1
2026-09-01 12:53:33,1.865
2026-09-01 12:53:34,1.992
2026-09-01 12:53:35,2.332
2026-09-01 12:53:36,2.078
2026-09-01 12:53:37,1.519
2026-09-01 12:53:38,2.159
2026-09-01 12:53:39,2.158
2026-09-01 12:53:40,2.638
2026-09-01 12:53:41,2.184
2026-09-01 12:53:42,1.934
2026-09-01 12:53:43,2.12
2026-09-01 12:53:44,2.001
2026-09-01 12:53:45,2.169
2026-09-01 12:53:46,2.162
2026-09-01 12:53:47,2.111
2026-09-01 12:53:48,2.253
2026-09-01 12:53:49,2.093
2026-09-01 12:53:50,2.379
2026-09-01 12:53:51,2.367
2026-09-01 12:53:52,1.896
2026-09-01 12:53:53,1.97
2026-09-01 12:53:54,2.085
2026-09-01 12:53:55,1.973
2026-09-01 12:53:56,1.877
2026-09-01 12:53:57,2.34
2026-09-01 12:53:58,2.001
2026-09-01 12:53:59,1.702
2026-09-01 12:54:00,2.316
2026-09-01 12:54:01,1.73
2026-09-01 12:54:02,2.059
2026-09-01 12:54:03,1.968
2026-09-01 12:54:04,1.863
2026-09-01 12:54:05,1.904
2026-09-01 12:54:06,2.24
2026-09-01 12:54:07,1.839
2026-09-01 12:54:08,2.206
2026-09-01 12:54:09,1.579
2026-09-01 12:54:10,2.263
2026-09-01 12:54:11,1.849
2026-09-01 12:54:12,1.997
2026-09-01 12:54:13,1.758
2026-09-01 12:54:14,1.971
2026-09-01 12:54:15,2.352
2026-09-01 12:54:16,2.013
2026-09-01 12:54:17,1.978
2026-09-01 12:54:18,2.013
2026-09-01 12:54:19,1.948
2026-09-01 12:54:20,1.619
2026-09-01 12:54:21,1.927
2026-09-01 12:54:22,1.994
2026-09-01 12:54:23,2.234
2026-09-01 12:54:24,1.932
2026-09-01 12:54:25,2.108
2026-09-01 12:54:26,1.941
2026-09-01 12:54:27,2.54
2026-09-01 12:54:28,1.756
2026-09-01 12:54:29,1.93
2026-09-01 12:54:30,2.233
2026-09-01 12:54:31,1.746
2026-09-01 12:54:32,2.16
2026-09-01 12:54:33,1.915
2026-09-01 12:54:34,1.893
2026-09-01 12:54:35,2.091
2026-09-01 12:54:36,1.929
2026-09-01 12:54:37,2.232
2026-09-01 12:54:38,2.324
2026-09-01 12:54:39,2.01
2026-09-01 12:54:40,1.959
2026-09-01 12:54:41,2.194
2026-09-01 12:54:42,1.955
2026-09-01 12:54:43,2.29
2026-09-01 12:54:44,2.415
2026-09-01 12:54:45,1.821
2026-09-01 12:54:46,1.831
2026-09-01 12:54:47,2.305
2026-09-01 12:54:48,1.806
2026-09-01 12:54:49,2.578
2026-09-01 12:54:50,1.999
2026-09-01 12:54:51,1.967
2026-09-01 12:54:52,2.044
2026-09-01 12:54:53,2.068
2026-09-01 12:54:54,2.325
2026-09-01 12:54:55,2.107
2026-09-01 12:54:56,1.848
2026-09-01 12:54:57,2.074
2026-09-01 12:54:58,1.782
2026-09-01 12:54:59,2.149
2026-09-01 12:55:00,2.127
2026-09-01 12:55:01,2.166
2026-09-01 12:55:02,1.564
2026-09-01 12:55:03,2.045
2026-09-01 12:55:04,2.296
2026-09-01 12:55:05,1.464
2026-09-01 12:55:06,1.937
2026-09-01 12:55:07,2.378
2026-09-01 12:55:08,2.116
2026-09-01 12:55:09,2.182
2026-09-01 12:55:10,2.259
2026-09-01 12:55:11,2.385
2026-09-01 12:55:12,2.526
2026-09-01 12:55:13,2.085
2026-09-01 12:55:14,1.925
2026-09-01 12:55:15,2.02
2026-09-01 12:55:16,2.592
2026-09-01 12:55:17,2.141
2026-09-01 12:55:18,2.174
2026-09-01 12:55:19,2.044
2026-09-01 12:55:20,2.084
2026-09-01 12:55:21,2.27
2026-09-01 12:55:22,2.193
2026-09-01 12:55:23,1.779
2026-09-01 12:55:24,1.712
2026-09-01 12:55:25,2.076
2026-09-01 12:55:26,2.229
2026-09-01 12:55:27,1.867
2026-09-01 12:55:28,2.155
2026-09-01 12:55:29,2.02
2026-09-01 12:55:30,2.219
2026-09-01 12:55:31,2.127
2026-09-01 12:55:32,2.09
2026-09-01 12:55:33,2.33
2026-09-01 12:55:34,2.315
2026-09-01 12:55:35,2.221
2026-09-01 12:55:36,1.861
2026-09-01 12:55:37,1.472
2026-09-01 12:55:38,2.068
2026-09-01 12:55:39,2.203
2026-09-01 12:55:40,2.154
2026-09-01 12:55:41,2.277
2026-09-01 12:55:42,2.099
2026-09-01 12:55:43,2.309
2026-09-01 12:55:44,2.202
2026-09-01 12:55:45,2.022
2026-09-01 12:55:46,2.257
2026-09-01 12:55:47,1.591
2026-09-01 12:55:48,1.942
2026-09-01 12:55:49,1.991
2026-09-01 12:55:50,2.254
2026-09-01 12:55:51,2.146
2026-09-01 12:55:52,2.093
2026-09-01 12:55:53,2.339
2026-09-01 12:55:54,2.024
2026-09-01 12:55:55,2.285
2026-09-01 12:55:56,1.89
2026-09-01 12:55:57,1.729
2026-09-01 12:55:58,1.704
2026-09-01 12:55:59,2.107
2026-09-01 12:56:00,2.039
2026-09-01 12:56:01,2.223
2026-09-01 12:56:02,2.152
2026-09-01 12:56:03,2.049
2026-09-01 12:56:04,2.122
2026-09-01 12:56:05,1.82
2026-09-01 12:56:06,1.701
2026-09-01 12:56:07,1.949
2026-09-01 12:56:08,2.14
2026-09-01 12:56:09,2.232
2026-09-01 12:56:10,2.107
2026-09-01 12:56:11,1.864
2026-09-01 12:56:12,1.916
2026-09-01 12:56:13,1.934
2026-09-01 12:56:14,2.042
2026-09-01 12:56:15,2.178
2026-09-01 12:56:16,2.341
2026-09-01 12:56:17,2.177
2026-09-01 12:56:18,2.091
2026-09-01 12:56:19,2.314
2026-09-01 12:56:20,1.986
2026-09-01 12:56:21,2.545
2026-09-01 12:56:22,1.764
2026-09-01 12:56:23,2.257
2026-09-01 12:56:24,2.542
2026-09-01 12:56:25,2.087
2026-09-01 12:56:26,2.481
2026-09-01 12:56:27,1.43
2026-09-01 12:56:28,1.946
2026-09-01 12:56:29,2.352
2026-09-01 12:56:30,2.153
2026-09-01 12:56:31,1.968
2026-09-01 12:56:32,2.065
2026-09-01 12:56:33,1.985
2026-09-01 12:56:34,2.241
2026-09-01 12:56:35,2.164
2026-09-01 12:56:36,2.669
2026-09-01 12:56:37,2.482
2026-09-01 12:56:38,1.611
2026-09-01 12:56:39,1.88
2026-09-01 12:56:40,2.08
2026-09-01 12:56:41,2.161
2026-09-01 12:56:42,2.13
2026-09-01 12:56:43,1.9
2026-09-01 12:56:44,1.604
2026-09-01 12:56:45,1.853
2026-09-01 12:56:46,1.991
2026-09-01 12:56:47,1.942
2026-09-01 12:56:48,2.297
2026-09-01 12:56:49,2.119
2026-09-01 12:56:50,1.952
2026-09-01 12:56:51,1.698
2026-09-01 12:56:52,1.899
2026-09-01 12:56:53,2.007
2026-09-01 12:56:54,2.123
2026-09-01 12:56:55,1.775
2026-09-01 12:56:56,1.85
2026-09-01 12:56:57,1.947
2026-09-01 12:56:58,2.081
2026-09-01 12:56:59,2.176
2026-09-01 12:57:00,1.86
2026-09-01 12:57:01,2.522
2026-09-01 12:57:02,1.848
2026-09-01 12:57:03,2.175
2026-09-01 12:57:04,2.116
2026-09-01 12:57:05,2.232
2026-09-01 12:57:06,2.587
2026-09-01 12:57:07,2.179
2026-09-01 12:57:08,1.887
2026-09-01 12:57:09,2.162
2026-09-01 12:57:10,2.23
2026-09-01 12:57:11,2.235
2026-09-01 12:57:12,1.849
2026-09-01 12:57:13,2.047
2026-09-01 12:57:14,2.014
2026-09-01 12:57:15,2.373
2026-09-01 12:57:16,2.289
2026-09-01 12:57:17,2.124
2026-09-01 12:57:18,1.95
2026-09-01 12:57:19,1.766
2026-09-01 12:57:20,1.797
2026-09-01 12:57:21,1.979
2026-09-01 12:57:22,2.377
2026-09-01 12:57:23,2.308
2026-09-01 12:57:24,2.246
2026-09-01 12:57:25,1.889
2026-09-01 12:57:26,1.932
2026-09-01 12:57:27,1.999
2026-09-01 12:57:28,1.893
2026-09-01 12:57:29,2.246
2026-09-01 12:57:30,2.522
2026-09-01 12:57:31,1.891
2026-09-01 12:57:32,1.958
2026-09-01 12:57:33,2.228
2026-09-01 12:57:34,2.015
2026-09-01 12:57:35,1.983
2026-09-01 12:57:36,2.051
2026-09-01 12:57:37,2.548
2026-09-01 12:57:38,2.398
2026-09-01 12:57:39,2.081
2026-09-01 12:57:40,1.958
2026-09-01 12:57:41,2.257
2026-09-01 12:57:42,2.649
2026-09-01 12:57:43,2.012
2026-09-01 12:57:44,1.953
2026-09-01 12:57:45,1.962
2026-09-01 12:57:46,1.795
2026-09-01 12:57:47,2.182
2026-09-01 12:57:48,2.948
2026-09-01 12:57:49,1.952
2026-09-01 12:57:50,2.161
2026-09-01 12:57:51,1.991
2026-09-01 12:57:52,2.161
2026-09-01 12:57:53,2.021
2026-09-01 12:57:54,2.311
2026-09-01 12:57:55,2.041
2026-09-01 12:57:56,2.114
2026-09-01 12:57:57,2.133
2026-09-01 12:57:58,1.769
2026-09-01 12:57:59,1.827
2026-09-01 12:58:00,2.094
2026-09-01 12:58:01,1.973
2026-09-01 12:58:02,2.232
2026-09-01 12:58:03,1.983
2026-09-01 12:58:04,2.163
2026-09-01 12:58:05,2.033
2026-09-01 12:58:06,2.08
2026-09-01 12:58:07,1.706
2026-09-01 12:58:08,1.801
2026-09-01 12:58:09,2.487
2026-09-01 12:58:10,1.714
2026-09-01 12:58:11,2.02
2026-09-01 12:58:12,1.919
2026-09-01 12:58:13,2.175
2026-09-01 12:58:14,2.0
2026-09-01 12:58:15,2.341
2026-09-01 12:58:16,2.216
2026-09-01 12:58:17,1.759
2026-09-01 12:58:18,1.619
2026-09-01 12:58:19,2.118
2026-09-01 12:58:20,1.713
2026-09-01 12:58:21,2.2
2026-09-01 12:58:22,2.091
2026-09-01 12:58:23,1.769
2026-09-01 12:58:24,1.972
2026-09-01 12:58:25,2.468
2026-09-01 12:58:26,2.42
2026-09-01 12:58:27,1.917
2026-09-01 12:58:28,2.092
2026-09-01 12:58:29,2.382
2026-09-01 12:58:30,2.047
2026-09-01 12:58:31,2.052
2026-09-01 12:58:32,1.994
2026-09-01 12:58:33,2.162
2026-09-01 12:58:34,2.329
2026-09-01 12:58:35,2.328
2026-09-01 12:58:36,2.459
2026-09-01 12:58:37,1.969
2026-09-01 12:58:38,2.231
2026-09-01 12:58:39,2.053
2026-09-01 12:58:40,2.397
2026-09-01 12:58:41,2.217
2026-09-01 12:58:42,1.918
2026-09-01 12:58:43,2.618
2026-09-01 12:58:44,2.451
2026-09-01 12:58:45,2.361
2026-09-01 12:58:46,2.208
2026-09-01 12:58:47,2.152
2026-09-01 12:58:48,2.127
2026-09-01 12:58:49,2.389
2026-09-01 12:58:50,2.061
2026-09-01 12:58:51,1.777
2026-09-01 12:58:52,1.918
2026-09-01 12:58:53,2.172
2026-09-01 12:58:54,2.038
2026-09-01 12:58:55,2.207
2026-09-01 12:58:56,2.199
2026-09-01 12:58:57,2.222
2026-09-01 12:58:58,1.865
2026-09-01 12:58:59,2.245
2026-09-01 12:59:00,1.801
2026-09-01 12:59:01,2.013
2026-09-01 12:59:02,2.446
2026-09-01 12:59:03,2.64
2026-09-01 12:59:04,2.192
2026-09-01 12:59:05,2.059
2026-09-01 12:59:06,2.395
2026-09-01 12:59:07,2.2
2026-09-01 12:59:08,1.62
2026-09-01 12:59:09,1.918
2026-09-01 12:59:10,2.434
2026-09-01 12:59:11,1.822
2026-09-01 12:59:12,2.169
2026-09-01 12:59:13,1.961
2026-09-01 12:59:14,2.3
2026-09-01 12:59:15,1.36
2026-09-01 12:59:16,2.177
2026-09-01 12:59:17,2.208
2026-09-01 12:59:18,1.838
2026-09-01 12:59:19,2.295
2026-09-01 12:59:20,2.1
2026-09-01 12:59:21,1.855
2026-09-01 12:59:22,2.192
2026-09-01 12:59:23,1.687
2026-09-01 12:59:24,1.858
2026-09-01 12:59:25,1.585
2026-09-01 12:59:26,2.286
2026-09-01 12:59:27,2.002
2026-09-01 12:59:28,2.096
2026-09-01 12:59:29,2.311
2026-09-01 12:59:30,1.95
2026-09-01 12:59:31,2.037
2026-09-01 12:59:32,2.332
2026-09-01 12:59:33,2.134
2026-09-01 12:59:34,2.359
2026-09-01 12:59:35,2.221
2026-09-01 12:59:36,2.032
2026-09-01 12:59:37,1.857
2026-09-01 12:59:38,2.111
2026-09-01 12:59:39,2.123
2026-09-01 12:59:40,2.073
2026-09-01 12:59:41,2.01
2026-09-01 12:59:42,2.62
2026-09-01 12:59:43,1.847
2026-09-01 12:59:44,2.865
2026-09-01 12:59:45,2.0
2026-09-01 12:59:46,2.27
2026-09-01 12:59:47,2.277
2026-09-01 12:59:48,2.226
2026-09-01 12:59:49,1.566
2026-09-01 12:59:50,2.229
2026-09-01 12:59:51,2.348
2026-09-01 12:59:52,1.988
2026-09-01 12:59:53,2.187
2026-09-01 12:59:54,1.997
2026-09-01 12:59:55,2.055
2026-09-01 12:59:56,1.952
2026-09-01 12:59:57,2.703
2026-09-01 12:59:58,2.09
2026-09-01 12:59:59,1.953
2026-09-01 13:00:00,2.042
2026-09-01 13:00:01,2.151
2026-09-01 13:00:02,2.13
2026-09-01 13:00:03,2.003
2026-09-01 13:00:04,1.982
2026-09-01 13:00:05,1.992
2026-09-01 13:00:06,1.899
2026-09-01 13:00:07,2.361
2026-09-01 13:00:08,2.199
2026-09-01 13:00:09,1.855
2026-09-01 13:00:10,2.297
2026-09-01 13:00:11,1.931
2026-09-01 13:00:12,1.9
2026-09-01 13:00:13,1.853
2026-09-01 13:00:14,2.056
2026-09-01 13:00:15,1.924
2026-09-01 13:00:16,1.623
2026-09-01 13:00:17,2.632
2026-09-01 13:00:18,2.592
2026-09-01 13:00:19,2.426
2026-09-01 13:00:20,2.605
2026-09-01 13:00:21,2.124
2026-09-01 13:00:22,1.861
2026-09-01 13:00:23,2.082
2026-09-01 13:00:24,2.342
2026-09-01 13:00:25,1.88
2026-09-01 13:00:26,2.669
2026-09-01 13:00:27,1.701
2026-09-01 13:00:28,2.641
2026-09-01 13:00:29,2.638
2026-09-01 13:00:30,1.61
2026-09-01 13:00:31,2.36
2026-09-01 13:00:32,2.005
2026-09-01 13:00:33,2.084
2026-09-01 13:00:34,2.509
2026-09-01 13:00:35,2.448
2026-09-01 13:00:36,1.631
2026-09-01 13:00:37,2.026
2026-09-01 13:00:38,2.318
2026-09-01 13:00:39,2.519
2026-09-01 13:00:40,2.461
2026-09-01 13:00:41,1.818
2026-09-01 13:00:42,2.024
2026-09-01 13:00:43,1.891
2026-09-01 13:00:44,2.278
2026-09-01 13:00:45,1.835
2026-09-01 13:00:46,2.153
2026-09-01 13:00:47,2.144
2026-09-01 13:00:48,1.612
2026-09-01 13:00:49,2.07
2026-09-01 13:00:50,2.081
2026-09-01 13:00:51,2.304
2026-09-01 13:00:52,2.378
2026-09-01 13:00:53,1.736
2026-09-01 13:00:54,2.06
2026-09-01 13:00:55,1.999
2026-09-01 13:00:56,2.059
2026-09-01 13:00:57,1.935
2026-09-01 13:00:58,2.272
2026-09-01 13:00:59,1.81
2026-09-01 13:01:00,1.875
2026-09-01 13:01:01,2.037
2026-09-01 13:01:02,1.968
2026-09-01 13:01:03,1.92
2026-09-01 13:01:04,2.401
2026-09-01 13:01:05,2.244
2026-09-01 13:01:06,1.86
2026-09-01 13:01:07,2.203
2026-09-01 13:01:08,2.603
2026-09-01 13:01:09,1.878
2026-09-01 13:01:10,2.252
2026-09-01 13:01:11,1.963
2026-09-01 13:01:12,2.42
2026-09-01 13:01:13,2.011
2026-09-01 13:01:14,1.798
2026-09-01 13:01:15,2.233
2026-09-01 13:01:16,2.12
2026-09-01 13:01:17,1.842
2026-09-01 13:01:18,1.961
2026-09-01 13:01:19,1.764
2026-09-01 13:01:20,1.988
2026-09-01 13:01:21,2.116
2026-09-01 13:01:22,2.127
2026-09-01 13:01:23,2.319
2026-09-01 13:01:24,1.772
2026-09-01 13:01:25,2.306
2026-09-01 13:01:26,2.084
2026-09-01 13:01:27,2.111
2026-09-01 13:01:28,1.475
2026-09-01 13:01:29,2.102
2026-09-01 13:01:30,2.184
2026-09-01 13:01:31,2.356
2026-09-01 13:01:32,2.055
2026-09-01 13:01:33,1.954
2026-09-01 13:01:34,2.23
2026-09-01 13:01:35,2.214
2026-09-01 13:01:36,2.223
2026-09-01 13:01:37,2.095
2026-09-01 13:01:38,1.899
2026-09-01 13:01:39,2.099
2026-09-01 13:01:40,1.606
2026-09-01 13:01:41,2.103
2026-09-01 13:01:42,2.066
2026-09-01 13:01:43,2.019
2026-09-01 13:01:44,2.462
2026-09-01 13:01:45,2.391
2026-09-01 13:01:46,2.143
2026-09-01 13:01:47,1.79
2026-09-01 13:01:48,2.184
2026-09-01 13:01:49,1.962
2026-09-01 13:01:50,1.979
2026-09-01 13:01:51,2.169
2026-09-01 13:01:52,1.421
2026-09-01 13:01:53,2.452
2026-09-01 13:01:54,2.35
2026-09-01 13:01:55,2.278
2026-09-01 13:01:56,2.022
2026-09-01 13:01:57,2.194
2026-09-01 13:01:58,2.545
2026-09-01 13:01:59,2.256
2026-09-01 13:02:00,2.269
2026-09-01 13:02:01,1.889
2026-09-01 13:02:02,2.104
2026-09-01 13:02:03,2.165
2026-09-01 13:02:04,2.7
2026-09-01 13:02:05,2.058
2026-09-01 13:02:06,2.486
2026-09-01 13:02:07,2.185
2026-09-01 13:02:08,1.616
2026-09-01 13:02:09,2.355
2026-09-01 13:02:10,2.176
2026-09-01 13:02:11,1.693
2026-09-01 13:02:12,2.342
2026-09-01 13:02:13,2.268
2026-09-01 13:02:14,2.245
2026-09-01 13:02:15,1.853
2026-09-01 13:02:16,2.173
2026-09-01 13:02:17,2.152
2026-09-01 13:02:18,2.084
2026-09-01 13:02:19,2.036
2026-09-01 13:02:20,1.911
2026-09-01 13:02:21,2.268
2026-09-01 13:02:22,2.18
2026-09-01 13:02:23,2.233
2026-09-01 13:02:24,1.686
2026-09-01 13:02:25,2.047
2026-09-01 13:02:26,1.843
2026-09-01 13:02:27,1.822
2026-09-01 13:02:28,2.509
2026-09-01 13:02:29,2.136
2026-09-01 13:02:30,2.152
2026-09-01 13:02:31,2.145
2026-09-01 13:02:32,2.011
2026-09-01 13:02:33,2.0
2026-09-01 13:02:34,2.105
2026-09-01 13:02:35,2.522
2026-09-01 13:02:36,2.423
2026-09-01 13:02:37,1.882
2026-09-01 13:02:38,1.966
2026-09-01 13:02:39,2.04
2026-09-01 13:02:40,2.019
2026-09-01 13:02:41,2.206
2026-09-01 13:02:42,1.972
2026-09-01 13:02:43,1.942
2026-09-01 13:02:44,1.999
2026-09-01 13:02:45,2.415
2026-09-01 13:02:46,2.061
2026-09-01 13:02:47,2.279
2026-09-01 13:02:48,1.862
2026-09-01 13:02:49,2.077
2026-09-01 13:02:50,2.371
2026-09-01 13:02:51,1.858
2026-09-01 13:02:52,2.034
2026-09-01 13:02:53,2.481
2026-09-01 13:02:54,1.955
2026-09-01 13:02:55,1.843
2026-09-01 13:02:56,2.058
2026-09-01 13:02:57,1.947
2026-09-01 13:02:58,2.045
2026-09-01 13:02:59,2.358
2026-09-01 13:03:00,2.026
2026-09-01 13:03:01,2.502
2026-09-01 13:03:02,2.233
2026-09-01 13:03:03,2.323
2026-09-01 13:03:04,1.865
2026-09-01 13:03:05,2.132
2026-09-01 13:03:06,2.248
2026-09-01 13:03:07,2.171
2026-09-01 13:03:08,1.886
2026-09-01 13:03:09,1.967
2026-09-01 13:03:10,2.342
2026-09-01 13:03:11,1.967
2026-09-01 13:03:12,1.944
2026-09-01 13:03:13,2.574
2026-09-01 13:03:14,2.167
2026-09-01 13:03:15,2.061
2026-09-01 13:03:16,1.717
2026-09-01 13:03:17,1.929
2026-09-01 13:03:18,2.119
2026-09-01 13:03:19,1.943
2026-09-01 13:03:20,2.078
2026-09-01 13:03:21,2.334
2026-09-01 13:03:22,1.817
2026-09-01 13:03:23,1.877
2026-09-01 13:03:24,2.298
2026-09-01 13:03:25,1.945
2026-09-01 13:03:26,2.141
2026-09-01 13:03:27,2.056
2026-09-01 13:03:28,1.595
2026-09-01 13:03:29,1.905
2026-09-01 13:03:30,1.861
2026-09-01 13:03:31,2.396
2026-09-01 13:03:32,2.125
2026-09-01 13:03:33,2.031
2026-09-01 13:03:34,1.962
2026-09-01 13:03:35,1.946
2026-09-01 13:03:36,2.347
2026-09-01 13:03:37,2.041
2026-09-01 13:03:38,1.907
2026-09-01 13:03:39,2.133
2026-09-01 13:03:40,2.374
2026-09-01 13:03:41,1.885
2026-09-01 13:03:42,1.897
2026-09-01 13:03:43,1.979
2026-09-01 13:03:44,1.395
2026-09-01 13:03:45,2.165
2026-09-01 13:03:46,2.114
2026-09-01 13:03:47,2.179
2026-09-01 13:03:48,1.862
2026-09-01 13:03:49,1.523
2026-09-01 13:03:50,1.925
2026-09-01 13:03:51,1.575
2026-09-01 13:03:52,2.179
2026-09-01 13:03:53,1.651
2026-09-01 13:03:54,2.103
2026-09-01 13:03:55,1.595
2026-09-01 13:03:56,2.074
2026-09-01 13:03:57,2.666
2026-09-01 13:03:58,2.173
2026-09-01 13:03:59,2.189
2026-09-01 13:04:00,2.067
2026-09-01 13:04:01,1.979
2026-09-01 13:04:02,2.707
2026-09-01 13:04:03,2.038
2026-09-01 13:04:04,2.052
2026-09-01 13:04:05,1.848
2026-09-01 13:04:06,1.888
2026-09-01 13:04:07,2.483
2026-09-01 13:04:08,2.054
2026-09-01 13:04:09,2.137
2026-09-01 13:04:10,1.707
2026-09-01 13:04:11,1.46
2026-09-01 13:04:12,1.861
2026-09-01 13:04:13,1.967
2026-09-01 13:04:14,2.28
2026-09-01 13:04:15,1.856
2026-09-01 13:04:16,1.79
2026-09-01 13:04:17,2.344
2026-09-01 13:04:18,1.973
2026-09-01 13:04:19,2.413
2026-09-01 13:04:20,2.495
2026-09-01 13:04:21,2.284
2026-09-01 13:04:22,1.672
2026-09-01 13:04:23,2.024
2026-09-01 13:04:24,2.03
2026-09-01 13:04:25,2.006
2026-09-01 13:04:26,1.838
2026-09-01 13:04:27,2.023
2026-09-01 13:04:28,1.937
2026-09-01 13:04:29,2.075
2026-09-01 13:04:30,1.949
2026-09-01 13:04:31,2.317
2026-09-01 13:04:32,2.365
2026-09-01 13:04:33,2.132
2026-09-01 13:04:34,2.282
2026-09-01 13:04:35,1.424
2026-09-01 13:04:36,1.852
2026-09-01 13:04:37,2.43
2026-09-01 13:04:38,2.299
2026-09-01 13:04:39,2.129
2026-09-01 13:04:40,2.395
2026-09-01 13:04:41,1.932
2026-09-01 13:04:42,2.102
2026-09-01 13:04:43,1.627
2026-09-01 13:04:44,2.296
2026-09-01 13:04:45,2.21
2026-09-01 13:04:46,2.329
2026-09-01 13:04:47,2.26
2026-09-01 13:04:48,2.096
2026-09-01 13:04:49,2.058
2026-09-01 13:04:50,1.463
2026-09-01 13:04:51,2.14
2026-09-01 13:04:52,2.343
2026-09-01 13:04:53,2.013
2026-09-01 13:04:54,2.077
2026-09-01 13:04:55,1.814
2026-09-01 13:04:56,2.11
2026-09-01 13:04:57,1.649
2026-09-01 13:04:58,1.876
2026-09-01 13:04:59,2.495
2026-09-01 13:05:00,2.044
2026-09-01 13:05:01,2.507
2026-09-01 13:05:02,2.233
2026-09-01 13:05:03,1.689
2026-09-01 13:05:04,2.314
2026-09-01 13:05:05,2.485
2026-09-01 13:05:06,2.136
2026-09-01 13:05:07,2.216
2026-09-01 13:05:08,2.261
2026-09-01 13:05:09,2.28
2026-09-01 13:05:10,1.624
2026-09-01 13:05:11,2.055
2026-09-01 13:05:12,1.736
2026-09-01 13:05:13,1.891
2026-09-01 13:05:14,1.752
2026-09-01 13:05:15,1.962
2026-09-01 13:05:16,2.141
2026-09-01 13:05:17,2.189
2026-09-01 13:05:18,2.58
2026-09-01 13:05:19,2.109
2026-09-01 13:05:20,2.135
2026-09-01 13:05:21,2.412
2026-09-01 13:05:22,2.181
2026-09-01 13:05:23,2.049
2026-09-01 13:05:24,2.247
2026-09-01 13:05:25,1.456
2026-09-01 13:05:26,2.715
2026-09-01 13:05:27,2.209
2026-09-01 13:05:28,1.895
2026-09-01 13:05:29,2.29
2026-09-01 13:05:30,2.238
2026-09-01 13:05:31,2.258
2026-09-01 13:05:32,2.334
2026-09-01 13:05:33,2.101
2026-09-01 13:05:34,2.03
2026-09-01 13:05:35,2.055
2026-09-01 13:05:36,2.237
2026-09-01 13:05:37,2.27
2026-09-01 13:05:38,2.543
2026-09-01 13:05:39,2.038
2026-09-01 13:05:40,2.366
2026-09-01 13:05:41,2.627
2026-09-01 13:05:42,1.947
2026-09-01 13:05:43,1.726
2026-09-01 13:05:44,2.59
2026-09-01 13:05:45,1.99
2026-09-01 13:05:46,2.393
2026-09-01 13:05:47,1.773
2026-09-01 13:05:48,2.047
2026-09-01 13:05:49,1.997
2026-09-01 13:05:50,2.025
2026-09-01 13:05:51,2.181
2026-09-01 13:05:52,2.309
2026-09-01 13:05:53,2.128
2026-09-01 13:05:54,2.415
2026-09-01 13:05:55,2.115
2026-09-01 13:05:56,1.948
2026-09-01 13:05:57,2.068
2026-09-01 13:05:58,2.167
2026-09-01 13:05:59,2.597
2026-09-01 13:06:00,1.984
2026-09-01 13:06:01,2.235
2026-09-01 13:06:02,1.579
2026-09-01 13:06:03,2.491
2026-09-01 13:06:04,2.129
2026-09-01 13:06:05,2.161
2026-09-01 13:06:06,1.653
2026-09-01 13:06:07,1.928
2026-09-01 13:06:08,2.142
2026-09-01 13:06:09,2.311
2026-09-01 13:06:10,1.984
2026-09-01 13:06:11,2.073
2026-09-01 13:06:12,2.105
2026-09-01 13:06:13,1.912
2026-09-01 13:06:14,1.957
2026-09-01 13:06:15,2.042
2026-09-01 13:06:16,2.136
2026-09-01 13:06:17,1.55
2026-09-01 13:06:18,2.26
2026-09-01 13:06:19,2.023
2026-09-01 13:06:20,2.336
2026-09-01 13:06:21,2.112
2026-09-01 13:06:22,2.243
2026-09-01 13:06:23,1.652
2026-09-01 13:06:24,2.109
2026-09-01 13:06:25,2.002
2026-09-01 13:06:26,2.28
2026-09-01 13:06:27,1.996
2026-09-01 13:06:28,1.807
2026-09-01 13:06:29,1.84
2026-09-01 13:06:30,2.456
2026-09-01 13:06:31,2.259
2026-09-01 13:06:32,2.054
2026-09-01 13:06:33,2.037
2026-09-01 13:06:34,2.443
2026-09-01 13:06:35,1.877
2026-09-01 13:06:36,2.168
2026-09-01 13:06:37,2.254
2026-09-01 13:06:38,2.33
2026-09-01 13:06:39,2.34
2026-09-01 13:06:40,2.236
2026-09-01 13:06:41,2.621
2026-09-01 13:06:42,2.354
2026-09-01 13:06:43,2.065
2026-09-01 13:06:44,2.087
2026-09-01 13:06:45,2.015
2026-09-01 13:06:46,2.395
2026-09-01 13:06:47,1.84
2026-09-01 13:06:48,2.033
2026-09-01 13:06:49,2.335
2026-09-01 13:06:50,2.153
2026-09-01 13:06:51,1.965
2026-09-01 13:06:52,2.066
2026-09-01 13:06:53,1.834
2026-09-01 13:06:54,2.206
2026-09-01 13:06:55,2.004
2026-09-01 13:06:56,2.243
2026-09-01 13:06:57,2.11
2026-09-01 13:06:58,1.977
2026-09-01 13:06:59,2.205
2026-09-01 13:07:00,2.232
2026-09-01 13:07:01,2.465
2026-09-01 13:07:02,1.919
2026-09-01 13:07:03,2.315
2026-09-01 13:07:04,2.136
2026-09-01 13:07:05,2.334
2026-09-01 13:07:06,1.961
2026-09-01 13:07:07,2.183
2026-09-01 13:07:08,2.064
2026-09-01 13:07:09,2.258
2026-09-01 13:07:10,1.908
2026-09-01 13:07:11,1.967
2026-09-01 13:07:12,2.157
2026-09-01 13:07:13,2.455
2026-09-01 13:07:14,1.813
2026-09-01 13:07:15,2.353
2026-09-01 13:07:16,1.722
2026-09-01 13:07:17,1.745
2026-09-01 13:07:18,2.447
2026-09-01 13:07:19,1.862
2026-09-01 13:07:20,2.277
2026-09-01 13:07:21,2.32
2026-09-01 13:07:22,2.308
2026-09-01 13:07:23,2.262
2026-09-01 13:07:24,1.717
2026-09-01 13:07:25,1.883
2026-09-01 13:07:26,1.995
2026-09-01 13:07:27,2.02
2026-09-01 13:07:28,2.273
2026-09-01 13:07:29,2.365
2026-09-01 13:07:30,2.09
2026-09-01 13:07:31,2.324
2026-09-01 13:07:32,1.843
2026-09-01 13:07:33,1.909
2026-09-01 13:07:34,2.729
2026-09-01 13:07:35,2.214
2026-09-01 13:07:36,2.117
2026-09-01 13:07:37,2.324
2026-09-01 13:07:38,1.938
2026-09-01 13:07:39,1.938
2026-09-01 13:07:40,2.088
2026-09-01 13:07:41,1.95
2026-09-01 13:07:42,2.04
2026-09-01 13:07:43,2.415
2026-09-01 13:07:44,2.126
2026-09-01 13:07:45,1.829
2026-09-01 13:07:46,2.304
2026-09-01 13:07:47,2.082
2026-09-01 13:07:48,2.035
2026-09-01 13:07:49,2.702
2026-09-01 13:07:50,1.794
2026-09-01 13:07:51,2.388
2026-09-01 13:07:52,2.139
2026-09-01 13:07:53,1.833
2026-09-01 13:07:54,2.295
2026-09-01 13:07:55,2.552
2026-09-01 13:07:56,2.627
2026-09-01 13:07:57,1.98
2026-09-01 13:07:58,2.158
2026-09-01 13:07:59,2.132
2026-09-01 13:08:00,1.954
2026-09-01 13:08:01,2.078
2026-09-01 13:08:02,2.212
2026-09-01 13:08:03,2.4
2026-09-01 13:08:04,1.719
2026-09-01 13:08:05,2.422
2026-09-01 13:08:06,1.838
2026-09-01 13:08:07,2.11
2026-09-01 13:08:08,2.008
2026-09-01 13:08:09,2.163
2026-09-01 13:08:10,2.29
2026-09-01 13:08:11,2.098
2026-09-01 13:08:12,2.201
2026-09-01 13:08:13,2.202
2026-09-01 13:08:14,2.206
2026-09-01 13:08:15,2.226
2026-09-01 13:08:16,2.032
2026-09-01 13:08:17,2.093
2026-09-01 13:08:18,2.752
2026-09-01 13:08:19,2.518
2026-09-01 13:08:20,2.232
2026-09-01 13:08:21,2.387
2026-09-01 13:08:22,2.2
2026-09-01 13:08:23,2.073
2026-09-01 13:08:24,2.098
2026-09-01 13:08:25,2.679
2026-09-01 13:08:26,1.97
2026-09-01 13:08:27,2.252
2026-09-01 13:08:28,1.871
2026-09-01 13:08:29,1.744
2026-09-01 13:08:30,2.2
2026-09-01 13:08:31,1.897
2026-09-01 13:08:32,2.173
2026-09-01 13:08:33,2.29
2026-09-01 13:08:34,2.227
2026-09-01 13:08:35,1.941
2026-09-01 13:08:36,1.578
2026-09-01 13:08:37,2.077
2026-09-01 13:08:38,2.244
2026-09-01 13:08:39,2.506
2026-09-01 13:08:40,1.72
2026-09-01 13:08:41,1.917
2026-09-01 13:08:42,2.245
2026-09-01 13:08:43,2.266
2026-09-01 13:08:44,1.667
2026-09-01 13:08:45,1.878
2026-09-01 13:08:46,2.081
2026-09-01 13:08:47,2.097
2026-09-01 13:08:48,2.203
2026-09-01 13:08:49,1.823
2026-09-01 13:08:50,2.161
2026-09-01 13:08:51,2.168
2026-09-01 13:08:52,2.425
2026-09-01 13:08:53,2.43
2026-09-01 13:08:54,1.759
2026-09-01 13:08:55,1.948
2026-09-01 13:08:56,2.544
2026-09-01 13:08:57,2.169
2026-09-01 13:08:58,2.218
2026-09-01 13:08:59,2.181
2026-09-01 13:09:00,2.135
2026-09-01 13:09:01,2.016
2026-09-01 13:09:02,2.213
2026-09-01 13:09:03,1.639
2026-09-01 13:09:04,1.662
2026-09-01 13:09:05,1.613
2026-09-01 13:09:06,1.952
2026-09-01 13:09:07,2.027
2026-09-01 13:09:08,1.923
2026-09-01 13:09:09,2.269
2026-09-01 13:09:10,2.016
2026-09-01 13:09:11,2.276
2026-09-01 13:09:12,2.267
2026-09-01 13:09:13,1.969
2026-09-01 13:09:14,2.122
2026-09-01 13:09:15,2.505
2026-09-01 13:09:16,2.132
2026-09-01 13:09:17,2.239
2026-09-01 13:09:18,2.137
2026-09-01 13:09:19,1.913
2026-09-01 13:09:20,2.193
2026-09-01 13:09:21,2.183
2026-09-01 13:09:22,1.972
2026-09-01 13:09:23,2.317
2026-09-01 13:09:24,1.919
2026-09-01 13:09:25,1.684
2026-09-01 13:09:26,2.084
2026-09-01 13:09:27,2.371
2026-09-01 13:09:28,1.466
2026-09-01 13:09:29,2.38
2026-09-01 13:09:30,1.972
2026-09-01 13:09:31,2.078
2026-09-01 13:09:32,1.692
2026-09-01 13:09:33,2.31
2026-09-01 13:09:34,1.914
2026-09-01 13:09:35,2.295
2026-09-01 13:09:36,1.91
2026-09-01 13:09:37,1.947
2026-09-01 13:09:38,2.064
2026-09-01 13:09:39,2.223
2026-09-01 13:09:40,2.123
2026-09-01 13:09:41,2.394
2026-09-01 13:09:42,1.878
2026-09-01 13:09:43,2.562
2026-09-01 13:09:44,2.286
2026-09-01 13:09:45,2.525
2026-09-01 13:09:46,2.19
2026-09-01 13:09:47,1.679
2026-09-01 13:09:48,1.92
2026-09-01 13:09:49,2.584
2026-09-01 13:09:50,1.876
2026-09-01 13:09:51,2.251
2026-09-01 13:09:52,2.378
2026-09-01 13:09:53,2.064
2026-09-01 13:09:54,2.321
2026-09-01 13:09:55,2.155
2026-09-01 13:09:56,2.264
2026-09-01 13:09:57,2.324
2026-09-01 13:09:58,2.172
2026-09-01 13:09:59,1.839
2026-09-01 13:10:00,2.086
2026-09-01 13:10:01,2.595
2026-09-01 13:10:02,2.546
2026-09-01 13:10:03,2.17
2026-09-01 13:10:04,1.917
2026-09-01 13:10:05,2.265
2026-09-01 13:10:06,2.071
2026-09-01 13:10:07,2.477
2026-09-01 13:10:08,1.861
2026-09-01 13:10:09,2.221
2026-09-01 13:10:10,1.795
2026-09-01 13:10:11,2.732
2026-09-01 13:10:12,2.018
2026-09-01 13:10:13,1.766
2026-09-01 13:10:14,2.519
2026-09-01 13:10:15,2.145
2026-09-01 13:10:16,1.49
2026-09-01 13:10:17,2.609
2026-09-01 13:10:18,2.058
2026-09-01 13:10:19,2.439
2026-09-01 13:10:20,2.355
2026-09-01 13:10:21,2.133
2026-09-01 13:10:22,1.899
2026-09-01 13:10:23,2.314
2026-09-01 13:10:24,2.097
2026-09-01 13:10:25,2.237
2026-09-01 13:10:26,2.432
2026-09-01 13:10:27,2.429
2026-09-01 13:10:28,2.102
2026-09-01 13:10:29,2.105
2026-09-01 13:10:30,2.596
2026-09-01 13:10:31,2.745
2026-09-01 13:10:32,2.021
2026-09-01 13:10:33,1.919
2026-09-01 13:10:34,2.176
2026-09-01 13:10:35,1.625
2026-09-01 13:10:36,1.835
2026-09-01 13:10:37,2.407
2026-09-01 13:10:38,1.806
2026-09-01 13:10:39,2.137
2026-09-01 13:10:40,2.251
2026-09-01 13:10:41,1.72
2026-09-01 13:10:42,1.861
2026-09-01 13:10:43,2.445
2026-09-01 13:10:44,2.049
2026-09-01 13:10:45,2.515
2026-09-01 13:10:46,2.069
2026-09-01 13:10:47,1.924
2026-09-01 13:10:48,1.997
2026-09-01 13:10:49,2.09
2026-09-01 13:10:50,1.557
2026-09-01 13:10:51,2.403
2026-09-01 13:10:52,2.371
2026-09-01 13:10:53,2.198
2026-09-01 13:10:54,1.626
2026-09-01 13:10:55,2.024
2026-09-01 13:10:56,2.408
2026-09-01 13:10:57,1.621
2026-09-01 13:10:58,2.014
2026-09-01 13:10:59,1.821
2026-09-01 13:11:00,2.306
2026-09-01 13:11:01,2.23
2026-09-01 13:11:02,2.695
2026-09-01 13:11:03,1.923
2026-09-01 13:11:04,1.74
2026-09-01 13:11:05,2.043
2026-09-01 13:11:06,1.893
2026-09-01 13:11:07,1.935
2026-09-01 13:11:08,2.441
2026-09-01 13:11:09,2.152
2026-09-01 13:11:10,2.386
2026-09-01 13:11:11,1.815
2026-09-01 13:11:12,2.09
2026-09-01 13:11:13,2.119
2026-09-01 13:11:14,1.61
2026-09-01 13:11:15,2.039
2026-09-01 13:11:16,2.278
2026-09-01 13:11:17,1.846
2026-09-01 13:11:18,2.027
2026-09-01 13:11:19,2.108
2026-09-01 13:11:20,2.31
2026-09-01 13:11:21,2.718
2026-09-01 13:11:22,2.709
2026-09-01 13:11:23,1.969
2026-09-01 13:11:24,1.972
2026-09-01 13:11:25,2.433
2026-09-01 13:11:26,2.248
2026-09-01 13:11:27,2.064
2026-09-01 13:11:28,1.902
2026-09-01 13:11:29,2.627
2026-09-01 13:11:30,2.365
2026-09-01 13:11:31,2.174
2026-09-01 13:11:32,2.356
2026-09-01 13:11:33,1.912
2026-09-01 13:11:34,2.197
2026-09-01 13:11:35,1.953
2026-09-01 13:11:36,2.471
2026-09-01 13:11:37,2.212
2026-09-01 13:11:38,1.742
2026-09-01 13:11:39,2.427
2026-09-01 13:11:40,1.82
2026-09-01 13:11:41,1.821
2026-09-01 13:11:42,2.031
2026-09-01 13:11:43,2.2
2026-09-01 13:11:44,1.541
2026-09-01 13:11:45,2.349
2026-09-01 13:11:46,2.185
2026-09-01 13:11:47,1.505
2026-09-01 13:11:48,2.24
2026-09-01 13:11:49,2.026
2026-09-01 13:11:50,1.93
2026-09-01 13:11:51,2.463
2026-09-01 13:11:52,2.461
2026-09-01 13:11:53,2.202
2026-09-01 13:11:54,2.242
2026-09-01 13:11:55,1.769
2026-09-01 13:11:56,2.021
2026-09-01 13:11:57,2.21
2026-09-01 13:11:58,1.827
2026-09-01 13:11:59,1.787
2026-09-01 13:12:00,2.185
2026-09-01 13:12:01,1.987
2026-09-01 13:12:02,1.952
2026-09-01 13:12:03,2.26
2026-09-01 13:12:04,2.093
2026-09-01 13:12:05,1.754
2026-09-01 13:12:06,1.853
2026-09-01 13:12:07,2.097
2026-09-01 13:12:08,2.143
2026-09-01 13:12:09,2.419
2026-09-01 13:12:10,2.103
2026-09-01 13:12:11,2.174
2026-09-01 13:12:12,2.318
2026-09-01 13:12:13,2.346
2026-09-01 13:12:14,1.944
2026-09-01 13:12:15,2.434
2026-09-01 13:12:16,2.096
2026-09-01 13:12:17,1.814
2026-09-01 13:12:18,2.126
2026-09-01 13:12:19,1.922
2026-09-01 13:12:20,2.406
2026-09-01 13:12:21,2.03
2026-09-01 13:12:22,2.089
2026-09-01 13:12:23,1.799
2026-09-01 13:12:24,1.504
2026-09-01 13:12:25,2.152
2026-09-01 13:12:26,2.022
2026-09-01 13:12:27,1.997
2026-09-01 13:12:28,2.032
2026-09-01 13:12:29,1.577
2026-09-01 13:12:30,2.184
2026-09-01 13:12:31,2.186
2026-09-01 13:12:32,2.211
2026-09-01 13:12:33,2.463
2026-09-01 13:12:34,2.271
2026-09-01 13:12:35,1.74
2026-09-01 13:12:36,1.96
2026-09-01 13:12:37,2.042
2026-09-01 13:12:38,2.229
2026-09-01 13:12:39,1.876
2026-09-01 13:12:40,2.232
2026-09-01 13:12:41,2.4
2026-09-01 13:12:42,2.341
2026-09-01 13:12:43,2.087
2026-09-01 13:12:44,2.135
2026-09-01 13:12:45,1.978
2026-09-01 13:12:46,2.106
2026-09-01 13:12:47,2.242
2026-09-01 13:12:48,1.855
2026-09-01 13:12:49,1.946
2026-09-01 13:12:50,2.107
2026-09-01 13:12:51,2.087
2026-09-01 13:12:52,2.032
2026-09-01 13:12:53,2.022
2026-09-01 13:12:54,2.039
2026-09-01 13:12:55,2.326
2026-09-01 13:12:56,2.221
2026-09-01 13:12:57,2.184
2026-09-01 13:12:58,2.084
2026-09-01 13:12:59,1.962
2026-09-01 13:13:00,2.091
2026-09-01 13:13:01,2.007
2026-09-01 13:13:02,1.737
2026-09-01 13:13:03,2.422
2026-09-01 13:13:04,2.268
2026-09-01 13:13:05,1.597
2026-09-01 13:13:06,2.081
2026-09-01 13:13:07,2.203
2026-09-01 13:13:08,2.38
2026-09-01 13:13:09,2.2
2026-09-01 13:13:10,2.136
2026-09-01 13:13:11,2.153
2026-09-01 13:13:12,2.346
2026-09-01 13:13:13,1.964
2026-09-01 13:13:14,2.555
2026-09-01 13:13:15,2.158
2026-09-01 13:13:16,1.878
2026-09-01 13:13:17,1.982
2026-09-01 13:13:18,1.878
2026-09-01 13:13:19,2.618
2026-09-01 13:13:20,2.187
2026-09-01 13:13:21,1.848
2026-09-01 13:13:22,2.145
2026-09-01 13:13:23,2.121
2026-09-01 13:13:24,2.023
2026-09-01 13:13:25,1.737
2026-09-01 13:13:26,1.857
2026-09-01 13:13:27,2.246
2026-09-01 13:13:28,2.533
2026-09-01 13:13:29,1.642
2026-09-01 13:13:30,2.342
2026-09-01 13:13:31,2.299
2026-09-01 13:13:32,2.184
2026-09-01 13:13:33,2.101
2026-09-01 13:13:34,1.838
2026-09-01 13:13:35,2.439
2026-09-01 13:13:36,1.93
2026-09-01 13:13:37,2.166
2026-09-01 13:13:38,1.786
2026-09-01 13:13:39,1.666
2026-09-01 13:13:40,1.672
2026-09-01 13:13:41,2.024
2026-09-01 13:13:42,1.886
2026-09-01 13:13:43,1.85
2026-09-01 13:13:44,2.51
2026-09-01 13:13:45,1.983
2026-09-01 13:13:46,2.029
2026-09-01 13:13:47,2.141
2026-09-01 13:13:48,2.014
2026-09-01 13:13:49,1.771
2026-09-01 13:13:50,1.982
2026-09-01 13:13:51,2.063
2026-09-01 13:13:52,1.831
2026-09-01 13:13:53,1.953
2026-09-01 13:13:54,2.381
2026-09-01 13:13:55,2.096
2026-09-01 13:13:56,2.126
2026-09-01 13:13:57,1.957
2026-09-01 13:13:58,2.215
2026-09-01 13:13:59,2.044
2026-09-01 13:14:00,1.868
2026-09-01 13:14:01,2.274
2026-09-01 13:14:02,2.116
2026-09-01 13:14:03,2.477
2026-09-01 13:14:04,1.569
2026-09-01 13:14:05,2.323
2026-09-01 13:14:06,1.847
2026-09-01 13:14:07,2.319
2026-09-01 13:14:08,2.224
2026-09-01 13:14:09,2.357
2026-09-01 13:14:10,2.298
2026-09-01 13:14:11,1.942
2026-09-01 13:14:12,2.322
2026-09-01 13:14:13,2.442
2026-09-01 13:14:14,1.978
2026-09-01 13:14:15,2.352
2026-09-01 13:14:16,2.14
2026-09-01 13:14:17,1.625
2026-09-01 13:14:18,2.178
2026-09-01 13:14:19,2.04
2026-09-01 13:14:20,2.355
2026-09-01 13:14:21,2.632
2026-09-01 13:14:22,1.905
2026-09-01 13:14:23,2.019
2026-09-01 13:14:24,2.134
2026-09-01 13:14:25,2.018
2026-09-01 13:14:26,2.025
2026-09-01 13:14:27,2.487
2026-09-01 13:14:28,1.844
2026-09-01 13:14:29,2.228
2026-09-01 13:14:30,1.921
2026-09-01 13:14:31,2.342
2026-09-01 13:14:32,2.749
2026-09-01 13:14:33,1.605
2026-09-01 13:14:34,1.785
2026-09-01 13:14:35,2.237
2026-09-01 13:14:36,1.87
2026-09-01 13:14:37,1.933
2026-09-01 13:14:38,2.105
2026-09-01 13:14:39,2.081
2026-09-01 13:14:40,2.228
2026-09-01 13:14:41,1.971
2026-09-01 13:14:42,2.15
2026-09-01 13:14:43,2.039
2026-09-01 13:14:44,1.948
2026-09-01 13:14:45,1.877
2026-09-01 13:14:46,2.664
2026-09-01 13:14:47,1.913
2026-09-01 13:14:48,1.911
2026-09-01 13:14:49,2.082
2026-09-01 13:14:50,2.007
2026-09-01 13:14:51,2.159
2026-09-01 13:14:52,1.957
2026-09-01 13:14:53,2.047
2026-09-01 13:14:54,2.192
2026-09-01 13:14:55,2.412
2026-09-01 13:14:56,2.342
2026-09-01 13:14:57,2.027
2026-09-01 13:14:58,1.966
2026-09-01 13:14:59,1.77
2026-09-01 13:15:00,2.081
2026-09-01 13:15:01,1.588
2026-09-01 13:15:02,2.331
2026-09-01 13:15:03,2.524
2026-09-01 13:15:04,2.073
2026-09-01 13:15:05,1.838
2026-09-01 13:15:06,2.365
2026-09-01 13:15:07,1.726
2026-09-01 13:15:08,1.67
2026-09-01 13:15:09,2.123
2026-09-01 13:15:10,1.55
2026-09-01 13:15:11,1.947
2026-09-01 13:15:12,2.286
2026-09-01 13:15:13,1.761
2026-09-01 13:15:14,2.073
2026-09-01 13:15:15,1.582
2026-09-01 13:15:16,2.298
2026-09-01 13:15:17,2.31
2026-09-01 13:15:18,1.729
2026-09-01 13:15:19,1.997
2026-09-01 13:15:20,1.99
2026-09-01 13:15:21,2.064
2026-09-01 13:15:22,2.399
2026-09-01 13:15:23,2.053
2026-09-01 13:15:24,2.135
2026-09-01 13:15:25,1.833
2026-09-01 13:15:26,1.817
2026-09-01 13:15:27,2.515
2026-09-01 13:15:28,1.752
2026-09-01 13:15:29,1.871
2026-09-01 13:15:30,2.088
2026-09-01 13:15:31,2.259
2026-09-01 13:15:32,1.834
2026-09-01 13:15:33,1.774
2026-09-01 13:15:34,2.256
2026-09-01 13:15:35,1.843
2026-09-01 13:15:36,1.994
2026-09-01 13:15:37,2.069
2026-09-01 13:15:38,2.182
2026-09-01 13:15:39,2.038
2026-09-01 13:15:40,2.208
2026-09-01 13:15:41,1.775
2026-09-01 13:15:42,2.454
2026-09-01 13:15:43,1.823
2026-09-01 13:15:44,2.059
2026-09-01 13:15:45,2.147
2026-09-01 13:15:46,1.978
2026-09-01 13:15:47,2.094
2026-09-01 13:15:48,2.064
2026-09-01 13:15:49,2.439
2026-09-01 13:15:50,2.039
2026-09-01 13:15:51,2.193
2026-09-01 13:15:52,2.295
2026-09-01 13:15:53,1.987
2026-09-01 13:15:54,2.223
2026-09-01 13:15:55,2.085
2026-09-01 13:15:56,2.026
2026-09-01 13:15:57,1.992
2026-09-01 13:15:58,1.956
2026-09-01 13:15:59,2.304
2026-09-01 13:16:00,2.263
2026-09-01 13:16:01,1.9
2026-09-01 13:16:02,2.21
2026-09-01 13:16:03,1.866
2026-09-01 13:16:04,1.856
2026-09-01 13:16:05,2.16
2026-09-01 13:16:06,2.083
2026-09-01 13:16:07,2.38
2026-09-01 13:16:08,2.116
2026-09-01 13:16:09,2.168
2026-09-01 13:16:10,1.925
2026-09-01 13:16:11,1.769
2026-09-01 13:16:12,2.27
2026-09-01 13:16:13,2.023
2026-09-01 13:16:14,2.142
2026-09-01 13:16:15,2.147
2026-09-01 13:16:16,2.312
2026-09-01 13:16:17,2.454
2026-09-01 13:16:18,1.887
2026-09-01 13:16:19,1.604
2026-09-01 13:16:20,2.215
2026-09-01 13:16:21,1.947
2026-09-01 13:16:22,1.805
2026-09-01 13:16:23,1.965
2026-09-01 13:16:24,2.531
2026-09-01 13:16:25,2.158
2026-09-01 13:16:26,2.204
2026-09-01 13:16:27,2.09
2026-09-01 13:16:28,2.315
2026-09-01 13:16:29,2.311
2026-09-01 13:16:30,1.881
2026-09-01 13:16:31,2.24
2026-09-01 13:16:32,2.031
2026-09-01 13:16:33,1.731
2026-09-01 13:16:34,2.084
2026-09-01 13:16:35,1.785
2026-09-01 13:16:36,2.364
2026-09-01 13:16:37,1.81
2026-09-01 13:16:38,1.49
2026-09-01 13:16:39,2.105
2026-09-01 13:16:40,1.962
2026-09-01 13:16:41,2.049
2026-09-01 13:16:42,2.286
2026-09-01 13:16:43,2.466
2026-09-01 13:16:44,2.428
2026-09-01 13:16:45,2.299
2026-09-01 13:16:46,1.803
2026-09-01 13:16:47,2.502
2026-09-01 13:16:48,2.161
2026-09-01 13:16:49,1.957
2026-09-01 13:16:50,1.476
2026-09-01 13:16:51,1.968
2026-09-01 13:16:52,1.879
2026-09-01 13:16:53,2.305
2026-09-01 13:16:54,2.245
2026-09-01 13:16:55,2.254
2026-09-01 13:16:56,2.214
2026-09-01 13:16:57,1.815
2026-09-01 13:16:58,1.808
2026-09-01 13:16:59,2.155
2026-09-01 13:17:00,2.763
2026-09-01 13:17:01,1.996
2026-09-01 13:17:02,1.858
2026-09-01 13:17:03,2.195
2026-09-01 13:17:04,1.754
2026-09-01 13:17:05,2.212
2026-09-01 13:17:06,2.065
2026-09-01 13:17:07,2.095
2026-09-01 13:17:08,2.115
2026-09-01 13:17:09,1.955
2026-09-01 13:17:10,2.265
2026-09-01 13:17:11,1.909
2026-09-01 13:17:12,2.019
2026-09-01 13:17:13,1.964
2026-09-01 13:17:14,1.761
2026-09-01 13:17:15,2.407
2026-09-01 13:17:16,2.019
2026-09-01 13:17:17,2.048
2026-09-01 13:17:18,2.281
2026-09-01 13:17:19,2.141
2026-09-01 13:17:20,2.251
2026-09-01 13:17:21,2.099
2026-09-01 13:17:22,2.212
2026-09-01 13:17:23,1.973
2026-09-01 13:17:24,2.243
2026-09-01 13:17:25,2.301
2026-09-01 13:17:26,2.159
2026-09-01 13:17:27,2.395
2026-09-01 13:17:28,2.018
2026-09-01 13:17:29,2.093
2026-09-01 13:17:30,1.742
2026-09-01 13:17:31,2.343
2026-09-01 13:17:32,2.066
2026-09-01 13:17:33,1.687
2026-09-01 13:17:34,2.381
2026-09-01 13:17:35,2.146
2026-09-01 13:17:36,2.516
2026-09-01 13:17:37,2.143
2026-09-01 13:17:38,1.912
2026-09-01 13:17:39,2.036
2026-09-01 13:17:40,1.944
2026-09-01 13:17:41,2.149
2026-09-01 13:17:42,2.535
2026-09-01 13:17:43,2.208
2026-09-01 13:17:44,1.508
2026-09-01 13:17:45,2.269
2026-09-01 13:17:46,1.886
2026-09-01 13:17:47,2.29
2026-09-01 13:17:48,2.015
2026-09-01 13:17:49,1.532
2026-09-01 13:17:50,2.383
2026-09-01 13:17:51,1.813
2026-09-01 13:17:52,2.18
2026-09-01 13:17:53,1.949
2026-09-01 13:17:54,2.519
2026-09-01 13:17:55,2.05
2026-09-01 13:17:56,1.995
2026-09-01 13:17:57,2.119
2026-09-01 13:17:58,2.184
2026-09-01 13:17:59,2.129
2026-09-01 13:18:00,2.063
2026-09-01 13:18:01,1.91
2026-09-01 13:18:02,1.726
2026-09-01 13:18:03,1.906
2026-09-01 13:18:04,2.118
2026-09-01 13:18:05,1.894
2026-09-01 13:18:06,2.12
2026-09-01 13:18:07,1.797
2026-09-01 13:18:08,2.223
2026-09-01 13:18:09,2.325
2026-09-01 13:18:10,1.914
2026-09-01 13:18:11,2.199
2026-09-01 13:18:12,1.923
2026-09-01 13:18:13,2.615
2026-09-01 13:18:14,1.851
2026-09-01 13:18:15,2.377
2026-09-01 13:18:16,1.856
2026-09-01 13:18:17,2.082
2026-09-01 13:18:18,1.975
2026-09-01 13:18:19,1.967
2026-09-01 13:18:20,2.301
2026-09-01 13:18:21,2.145
2026-09-01 13:18:22,2.279
2026-09-01 13:18:23,1.975
2026-09-01 13:18:24,2.046
2026-09-01 13:18:25,2.183
2026-09-01 13:18:26,2.277
2026-09-01 13:18:27,2.292
2026-09-01 13:18:28,2.143
2026-09-01 13:18:29,2.034
2026-09-01 13:18:30,2.368
2026-09-01 13:18:31,1.875
2026-09-01 13:18:32,2.191
2026-09-01 13:18:33,2.202
2026-09-01 13:18:34,2.364
2026-09-01 13:18:35,2.087
2026-09-01 13:18:36,1.831
2026-09-01 13:18:37,2.297
2026-09-01 13:18:38,1.925
2026-09-01 13:18:39,1.695
2026-09-01 13:18:40,2.643
2026-09-01 13:18:41,2.23
2026-09-01 13:18:42,1.641
2026-09-01 13:18:43,1.8
2026-09-01 13:18:44,2.532
2026-09-01 13:18:45,1.441
2026-09-01 13:18:46,1.857
2026-09-01 13:18:47,2.142
2026-09-01 13:18:48,1.918
2026-09-01 13:18:49,2.349
2026-09-01 13:18:50,1.661
2026-09-01 13:18:51,1.981
2026-09-01 13:18:52,2.279
2026-09-01 13:18:53,2.052
2026-09-01 13:18:54,2.081
2026-09-01 13:18:55,2.434
2026-09-01 13:18:56,2.358
2026-09-01 13:18:57,1.846
2026-09-01 13:18:58,2.403
2026-09-01 13:18:59,2.035
2026-09-01 13:19:00,2.021
2026-09-01 13:19:01,1.649
2026-09-01 13:19:02,2.401
2026-09-01 13:19:03,1.906
2026-09-01 13:19:04,2.065
2026-09-01 13:19:05,1.759
2026-09-01 13:19:06,2.388
2026-09-01 13:19:07,2.296
2026-09-01 13:19:08,2.476
2026-09-01 13:19:09,2.473
2026-09-01 13:19:10,1.547
2026-09-01 13:19:11,1.958
2026-09-01 13:19:12,2.264
2026-09-01 13:19:13,1.871
2026-09-01 13:19:14,2.023
2026-09-01 13:19:15,2.394
2026-09-01 13:19:16,1.83
2026-09-01 13:19:17,2.154
2026-09-01 13:19:18,1.739
2026-09-01 13:19:19,1.918
2026-09-01 13:19:20,2.358
2026-09-01 13:19:21,1.879
2026-09-01 13:19:22,2.214
2026-09-01 13:19:23,2.243
2026-09-01 13:19:24,2.008
2026-09-01 13:19:25,2.372
2026-09-01 13:19:26,1.875
2026-09-01 13:19:27,2.171
2026-09-01 13:19:28,2.063
2026-09-01 13:19:29,2.284
2026-09-01 13:19:30,1.765
2026-09-01 13:19:31,2.27
2026-09-01 13:19:32,2.256
2026-09-01 13:19:33,2.137
2026-09-01 13:19:34,2.209
2026-09-01 13:19:35,1.805
2026-09-01 13:19:36,1.939
2026-09-01 13:19:37,2.263
2026-09-01 13:19:38,2.19
2026-09-01 13:19:39,2.129
2026-09-01 13:19:40,2.094
2026-09-01 13:19:41,1.97
2026-09-01 13:19:42,1.938
2026-09-01 13:19:43,1.898
2026-09-01 13:19:44,1.719
2026-09-01 13:19:45,1.524
2026-09-01 13:19:46,2.128
2026-09-01 13:19:47,2.294
2026-09-01 13:19:48,2.155
2026-09-01 13:19:49,2.799
2026-09-01 13:19:50,1.781
2026-09-01 13:19:51,2.337
2026-09-01 13:19:52,2.261
2026-09-01 13:19:53,2.199
2026-09-01 13:19:54,2.548
2026-09-01 13:19:55,2.117
2026-09-01 13:19:56,2.527
2026-09-01 13:19:57,2.345
2026-09-01 13:19:58,2.414
2026-09-01 13:19:59,2.626
2026-09-01 13:20:00,2.391
2026-09-01 13:20:01,2.092
2026-09-01 13:20:02,1.672
2026-09-01 13:20:03,2.368
2026-09-01 13:20:04,2.185
2026-09-01 13:20:05,2.099
2026-09-01 13:20:06,2.611
2026-09-01 13:20:07,2.076
2026-09-01 13:20:08,2.247
2026-09-01 13:20:09,2.225
2026-09-01 13:20:10,2.102
2026-09-01 13:20:11,1.743
2026-09-01 13:20:12,2.13
2026-09-01 13:20:13,2.159
2026-09-01 13:20:14,1.977
2026-09-01 13:20:15,2.323
2026-09-01 13:20:16,1.97
2026-09-01 13:20:17,2.005
2026-09-01 13:20:18,2.181
2026-09-01 13:20:19,2.043
2026-09-01 13:20:20,1.771
2026-09-01 13:20:21,1.882
2026-09-01 13:20:22,2.203
2026-09-01 13:20:23,2.367
2026-09-01 13:20:24,2.234
2026-09-01 13:20:25,2.163
2026-09-01 13:20:26,2.346
2026-09-01 13:20:27,1.937
2026-09-01 13:20:28,2.075
2026-09-01 13:20:29,1.801
2026-09-01 13:20:30,2.197
2026-09-01 13:20:31,2.389
2026-09-01 13:20:32,1.704
2026-09-01 13:20:33,2.422
2026-09-01 13:20:34,2.16
2026-09-01 13:20:35,1.607
2026-09-01 13:20:36,1.778
2026-09-01 13:20:37,2.277
2026-09-01 13:20:38,1.739
2026-09-01 13:20:39,1.924
2026-09-01 13:20:40,1.83
2026-09-01 13:20:41,2.549
2026-09-01 13:20:42,2.179
2026-09-01 13:20:43,2.489
2026-09-01 13:20:44,2.415
2026-09-01 13:20:45,2.44
2026-09-01 13:20:46,1.848
2026-09-01 13:20:47,1.873
2026-09-01 13:20:48,1.878
2026-09-01 13:20:49,2.091
2026-09-01 13:20:50,1.908
2026-09-01 13:20:51,2.146
2026-09-01 13:20:52,2.035
2026-09-01 13:20:53,2.149
2026-09-01 13:20:54,2.092
2026-09-01 13:20:55,2.002
2026-09-01 13:20:56,1.997
2026-09-01 13:20:57,1.986
2026-09-01 13:20:58,2.256
2026-09-01 13:20:59,2.231
2026-09-01 13:21:00,1.964
2026-09-01 13:21:01,1.964
2026-09-01 13:21:02,2.096
2026-09-01 13:21:03,2.022
2026-09-01 13:21:04,2.035
2026-09-01 13:21:05,2.419
2026-09-01 13:21:06,2.494
2026-09-01 13:21:07,1.969
2026-09-01 13:21:08,2.162
2026-09-01 13:21:09,2.025
2026-09-01 13:21:10,1.998
2026-09-01 13:21:11,1.862
2026-09-01 13:21:12,2.139
2026-09-01 13:21:13,2.402
2026-09-01 13:21:14,2.425
2026-09-01 13:21:15,2.131
2026-09-01 13:21:16,1.787
2026-09-01 13:21:17,2.114
2026-09-01 13:21:18,1.647
2026-09-01 13:21:19,1.812
2026-09-01 13:21:20,2.027
2026-09-01 13:21:21,2.404
2026-09-01 13:21:22,2.111
2026-09-01 13:21:23,2.007
2026-09-01 13:21:24,1.628
2026-09-01 13:21:25,2.121
2026-09-01 13:21:26,1.448
2026-09-01 13:21:27,1.952
2026-09-01 13:21:28,2.279
2026-09-01 13:21:29,2.081
2026-09-01 13:21:30,2.348
2026-09-01 13:21:31,1.813
2026-09-01 13:21:32,1.961
2026-09-01 13:21:33,1.873
2026-09-01 13:21:34,2.412
2026-09-01 13:21:35,2.427
2026-09-01 13:21:36,2.154
2026-09-01 13:21:37,2.491
2026-09-01 13:21:38,2.158
2026-09-01 13:21:39,1.997
2026-09-01 13:21:40,2.237
2026-09-01 13:21:41,1.91
2026-09-01 13:21:42,2.384
2026-09-01 13:21:43,2.43
2026-09-01 13:21:44,2.303
2026-09-01 13:21:45,2.251
2026-09-01 13:21:46,1.827
2026-09-01 13:21:47,2.126
2026-09-01 13:21:48,1.957
2026-09-01 13:21:49,2.666
2026-09-01 13:21:50,2.345
2026-09-01 13:21:51,2.561
2026-09-01 13:21:52,2.269
2026-09-01 13:21:53,1.832
2026-09-01 13:21:54,2.311
2026-09-01 13:21:55,2.075
2026-09-01 13:21:56,2.147
2026-09-01 13:21:57,2.128
2026-09-01 13:21:58,2.149
2026-09-01 13:21:59,2.321
2026-09-01 13:22:00,1.557
2026-09-01 13:22:01,2.334
2026-09-01 13:22:02,1.403
2026-09-01 13:22:03,2.196
2026-09-01 13:22:04,2.559
2026-09-01 13:22:05,2.183
2026-09-01 13:22:06,1.832
2026-09-01 13:22:07,2.09
2026-09-01 13:22:08,2.178
2026-09-01 13:22:09,1.811
2026-09-01 13:22:10,2.573
2026-09-01 13:22:11,1.639
2026-09-01 13:22:12,1.981
2026-09-01 13:22:13,2.142
2026-09-01 13:22:14,2.247
2026-09-01 13:22:15,2.201
2026-09-01 13:22:16,2.103
2026-09-01 13:22:17,2.174
2026-09-01 13:22:18,1.875
2026-09-01 13:22:19,2.036
2026-09-01 13:22:20,2.319
2026-09-01 13:22:21,2.492
2026-09-01 13:22:22,1.942
2026-09-01 13:22:23,1.931
2026-09-01 13:22:24,1.701
2026-09-01 13:22:25,2.377
2026-09-01 13:22:26,2.458
2026-09-01 13:22:27,1.862
2026-09-01 13:22:28,2.353
2026-09-01 13:22:29,1.873
2026-09-01 13:22:30,2.162
2026-09-01 13:22:31,2.282
2026-09-01 13:22:32,2.014
2026-09-01 13:22:33,1.899
2026-09-01 13:22:34,1.741
2026-09-01 13:22:35,2.224
2026-09-01 13:22:36,2.217
2026-09-01 13:22:37,2.074
2026-09-01 13:22:38,2.193
2026-09-01 13:22:39,2.156
2026-09-01 13:22:40,2.056
2026-09-01 13:22:41,1.877
2026-09-01 13:22:42,1.743
2026-09-01 13:22:43,1.949
2026-09-01 13:22:44,2.212
2026-09-01 13:22:45,1.75
2026-09-01 13:22:46,2.166
2026-09-01 13:22:47,2.053
2026-09-01 13:22:48,1.968
2026-09-01 13:22:49,2.03
2026-09-01 13:22:50,1.731
2026-09-01 13:22:51,2.127
2026-09-01 13:22:52,1.946
2026-09-01 13:22:53,2.363
2026-09-01 13:22:54,2.464
2026-09-01 13:22:55,2.525
2026-09-01 13:22:56,1.993
2026-09-01 13:22:57,2.718
2026-09-01 13:22:58,2.269
2026-09-01 13:22:59,2.117
2026-09-01 13:23:00,1.966
2026-09-01 13:23:01,2.465
2026-09-01 13:23:02,1.99
2026-09-01 13:23:03,2.234
2026-09-01 13:23:04,2.387
2026-09-01 13:23:05,1.528
2026-09-01 13:23:06,1.791
2026-09-01 13:23:07,2.224
2026-09-01 13:23:08,2.144
2026-09-01 13:23:09,1.942
2026-09-01 13:23:10,2.496
2026-09-01 13:23:11,1.605
2026-09-01 13:23:12,1.969
2026-09-01 13:23:13,1.944
2026-09-01 13:23:14,1.989
2026-09-01 13:23:15,2.081
2026-09-01 13:23:16,1.944
2026-09-01 13:23:17,2.048
2026-09-01 13:23:18,2.334
2026-09-01 13:23:19,2.077
2026-09-01 13:23:20,2.447
2026-09-01 13:23:21,2.446
2026-09-01 13:23:22,2.179
2026-09-01 13:23:23,2.275
2026-09-01 13:23:24,2.017
2026-09-01 13:23:25,1.779
2026-09-01 13:23:26,2.049
2026-09-01 13:23:27,1.908
2026-09-01 13:23:28,2.053
2026-09-01 13:23:29,2.041
2026-09-01 13:23:30,2.456
2026-09-01 13:23:31,1.766
2026-09-01 13:23:32,2.409
2026-09-01 13:23:33,1.857
2026-09-01 13:23:34,1.998
2026-09-01 13:23:35,2.659
2026-09-01 13:23:36,2.042
2026-09-01 13:23:37,1.782
2026-09-01 13:23:38,2.049
2026-09-01 13:23:39,2.024
2026-09-01 13:23:40,2.048
2026-09-01 13:23:41,2.282
2026-09-01 13:23:42,1.972
2026-09-01 13:23:43,1.889
2026-09-01 13:23:44,2.153
2026-09-01 13:23:45,2.022
2026-09-01 13:23:46,2.555
2026-09-01 13:23:47,1.875
2026-09-01 13:23:48,1.931
2026-09-01 13:23:49,2.272
2026-09-01 13:23:50,1.726
2026-09-01 13:23:51,2.346
2026-09-01 13:23:52,2.208
2026-09-01 13:23:53,2.459
2026-09-01 13:23:54,2.216
2026-09-01 13:23:55,2.103
2026-09-01 13:23:56,1.919
2026-09-01 13:23:57,2.408
2026-09-01 13:23:58,2.053
2026-09-01 13:23:59,2.326
2026-09-01 13:24:00,2.01
2026-09-01 13:24:01,1.952
2026-09-01 13:24:02,2.033
2026-09-01 13:24:03,2.475
2026-09-01 13:24:04,1.806
2026-09-01 13:24:05,1.944
2026-09-01 13:24:06,1.878
2026-09-01 13:24:07,2.024
2026-09-01 13:24:08,1.845
2026-09-01 13:24:09,2.352
2026-09-01 13:24:10,1.521
2026-09-01 13:24:11,2.14
2026-09-01 13:24:12,2.058
2026-09-01 13:24:13,2.196
2026-09-01 13:24:14,2.137
2026-09-01 13:24:15,2.245
2026-09-01 13:24:16,2.321
2026-09-01 13:24:17,2.065
2026-09-01 13:24:18,1.917
2026-09-01 13:24:19,2.443
2026-09-01 13:24:20,2.025
2026-09-01 13:24:21,2.09
2026-09-01 13:24:22,2.246
2026-09-01 13:24:23,2.009
2026-09-01 13:24:24,1.915
2026-09-01 13:24:25,2.208
2026-09-01 13:24:26,2.196
2026-09-01 13:24:27,1.955
2026-09-01 13:24:28,1.924
2026-09-01 13:24:29,1.877
2026-09-01 13:24:30,2.282
2026-09-01 13:24:31,2.5
2026-09-01 13:24:32,2.25
2026-09-01 13:24:33,2.414
2026-09-01 13:24:34,2.162
2026-09-01 13:24:35,2.217
2026-09-01 13:24:36,2.546
2026-09-01 13:24:37,2.317
2026-09-01 13:24:38,2.047
2026-09-01 13:24:39,1.771
2026-09-01 13:24:40,2.17
2026-09-01 13:24:41,1.956
2026-09-01 13:24:42,1.624
2026-09-01 13:24:43,2.066
2026-09-01 13:24:44,2.234
2026-09-01 13:24:45,1.956
2026-09-01 13:24:46,1.64
2026-09-01 13:24:47,1.993
2026-09-01 13:24:48,2.13
2026-09-01 13:24:49,2.112
2026-09-01 13:24:50,1.895
2026-09-01 13:24:51,1.986
2026-09-01 13:24:52,2.577
2026-09-01 13:24:53,2.15
2026-09-01 13:24:54,2.02
2026-09-01 13:24:55,1.926
2026-09-01 13:24:56,1.512
2026-09-01 13:24:57,2.417
2026-09-01 13:24:58,1.848
2026-09-01 13:24:59,2.154
2026-09-01 13:25:00,2.066
2026-09-01 13:25:01,1.969
2026-09-01 13:25:02,1.641
2026-09-01 13:25:03,2.352
2026-09-01 13:25:04,2.19
2026-09-01 13:25:05,2.055
2026-09-01 13:25:06,2.378
2026-09-01 13:25:07,2.528
2026-09-01 13:25:08,2.31
2026-09-01 13:25:09,2.202
2026-09-01 13:25:10,1.96
2026-09-01 13:25:11,2.044
2026-09-01 13:25:12,2.277
2026-09-01 13:25:13,1.967
2026-09-01 13:25:14,2.192
2026-09-01 13:25:15,2.211
2026-09-01 13:25:16,2.155
2026-09-01 13:25:17,1.884
2026-09-01 13:25:18,2.102
2026-09-01 13:25:19,2.115
2026-09-01 13:25:20,1.774
2026-09-01 13:25:21,2.239
2026-09-01 13:25:22,2.371
2026-09-01 13:25:23,1.883
2026-09-01 13:25:24,1.826
2026-09-01 13:25:25,1.725
2026-09-01 13:25:26,2.479
2026-09-01 13:25:27,2.147
2026-09-01 13:25:28,1.955
2026-09-01 13:25:29,2.012
2026-09-01 13:25:30,1.952
2026-09-01 13:25:31,2.415
2026-09-01 13:25:32,1.832
2026-09-01 13:25:33,2.091
2026-09-01 13:25:34,2.032
2026-09-01 13:25:35,2.14
2026-09-01 13:25:36,1.983
2026-09-01 13:25:37,2.396
2026-09-01 13:25:38,2.014
2026-09-01 13:25:39,2.166
2026-09-01 13:25:40,2.027
2026-09-01 13:25:41,2.316
2026-09-01 13:25:42,1.972
2026-09-01 13:25:43,2.506
2026-09-01 13:25:44,1.819
2026-09-01 13:25:45,2.197
2026-09-01 13:25:46,2.149
2026-09-01 13:25:47,1.953
2026-09-01 13:25:48,1.79
2026-09-01 13:25:49,2.084
2026-09-01 13:25:50,2.05
2026-09-01 13:25:51,2.134
2026-09-01 13:25:52,2.125
2026-09-01 13:25:53,2.145
2026-09-01 13:25:54,1.875
2026-09-01 13:25:55,1.958
2026-09-01 13:25:56,2.244
2026-09-01 13:25:57,2.553
2026-09-01 13:25:58,2.401
2026-09-01 13:25:59,2.09
2026-09-01 13:26:00,1.951
2026-09-01 13:26:01,2.016
2026-09-01 13:26:02,1.926
2026-09-01 13:26:03,1.847
2026-09-01 13:26:04,1.943
2026-09-01 13:26:05,1.823
2026-09-01 13:26:06,1.721
2026-09-01 13:26:07,2.22
2026-09-01 13:26:08,2.336
2026-09-01 13:26:09,1.746
2026-09-01 13:26:10,2.003
2026-09-01 13:26:11,1.936
2026-09-01 13:26:12,2.211
2026-09-01 13:26:13,1.858
2026-09-01 13:26:14,1.902
2026-09-01 13:26:15,1.909
2026-09-01 13:26:16,1.759
2026-09-01 13:26:17,2.189
2026-09-01 13:26:18,2.072
2026-09-01 13:26:19,1.746
2026-09-01 13:26:20,2.028
2026-09-01 13:26:21,2.052
2026-09-01 13:26:22,1.952
2026-09-01 13:26:23,2.248
2026-09-01 13:26:24,2.235
2026-09-01 13:26:25,2.056
2026-09-01 13:26:26,2.127
2026-09-01 13:26:27,1.636
2026-09-01 13:26:28,2.003
2026-09-01 13:26:29,1.955
2026-09-01 13:26:30,2.21
2026-09-01 13:26:31,2.213
2026-09-01 13:26:32,2.422
2026-09-01 13:26:33,2.064
2026-09-01 13:26:34,2.242
2026-09-01 13:26:35,2.236
2026-09-01 13:26:36,2.601
2026-09-01 13:26:37,1.795
2026-09-01 13:26:38,1.944
2026-09-01 13:26:39,2.127
2026-09-01 13:26:40,2.118
2026-09-01 13:26:41,2.08
2026-09-01 13:26:42,2.01
2026-09-01 13:26:43,2.557
2026-09-01 13:26:44,2.23
2026-09-01 13:26:45,1.926
2026-09-01 13:26:46,2.129
2026-09-01 13:26:47,2.155
2026-09-01 13:26:48,1.713
2026-09-01 13:26:49,2.172
2026-09-01 13:26:50,1.973
2026-09-01 13:26:51,1.959
2026-09-01 13:26:52,1.701
2026-09-01 13:26:53,2.315
2026-09-01 13:26:54,2.75
2026-09-01 13:26:55,2.004
2026-09-01 13:26:56,2.159
2026-09-01 13:26:57,2.103
2026-09-01 13:26:58,2.237
2026-09-01 13:26:59,1.844
2026-09-01 13:27:00,2.419
2026-09-01 13:27:01,1.738
2026-09-01 13:27:02,2.19
2026-09-01 13:27:03,2.273
2026-09-01 13:27:04,1.805
2026-09-01 13:27:05,2.486
2026-09-01 13:27:06,1.95
2026-09-01 13:27:07,1.906
2026-09-01 13:27:08,2.161
2026-09-01 13:27:09,2.22
2026-09-01 13:27:10,2.03
2026-09-01 13:27:11,1.897
2026-09-01 13:27:12,2.323
2026-09-01 13:27:13,1.989
2026-09-01 13:27:14,2.302
2026-09-01 13:27:15,2.288
2026-09-01 13:27:16,2.637
2026-09-01 13:27:17,1.964
2026-09-01 13:27:18,2.289
2026-09-01 13:27:19,1.859
2026-09-01 13:27:20,2.463
2026-09-01 13:27:21,2.056
2026-09-01 13:27:22,2.406
2026-09-01 13:27:23,1.696
2026-09-01 13:27:24,1.738
2026-09-01 13:27:25,2.03
2026-09-01 13:27:26,2.647
2026-09-01 13:27:27,2.378
2026-09-01 13:27:28,2.006
2026-09-01 13:27:29,2.034
2026-09-01 13:27:30,2.488
2026-09-01 13:27:31,2.215
2026-09-01 13:27:32,2.107
2026-09-01 13:27:33,2.402
2026-09-01 13:27:34,1.61
2026-09-01 13:27:35,1.866
2026-09-01 13:27:36,2.107
2026-09-01 13:27:37,1.907
2026-09-01 13:27:38,1.989
2026-09-01 13:27:39,1.662
2026-09-01 13:27:40,2.337
2026-09-01 13:27:41,1.609
2026-09-01 13:27:42,1.881
2026-09-01 13:27:43,2.028
2026-09-01 13:27:44,1.853
2026-09-01 13:27:45,1.67
2026-09-01 13:27:46,1.729
2026-09-01 13:27:47,2.423
2026-09-01 13:27:48,2.255
2026-09-01 13:27:49,2.101
2026-09-01 13:27:50,1.714
2026-09-01 13:27:51,1.825
2026-09-01 13:27:52,1.816
2026-09-01 13:27:53,2.208
2026-09-01 13:27:54,2.07
2026-09-01 13:27:55,1.929
2026-09-01 13:27:56,2.331
2026-09-01 13:27:57,2.002
2026-09-01 13:27:58,1.399
2026-09-01 13:27:59,2.02
2026-09-01 13:28:00,1.946
2026-09-01 13:28:01,2.433
2026-09-01 13:28:02,2.234
2026-09-01 13:28:03,1.844
2026-09-01 13:28:04,2.147
2026-09-01 13:28:05,2.062
2026-09-01 13:28:06,1.825
2026-09-01 13:28:07,2.111
2026-09-01 13:28:08,2.192
2026-09-01 13:28:09,2.176
2026-09-01 13:28:10,2.574
2026-09-01 13:28:11,2.135
2026-09-01 13:28:12,1.735
2026-09-01 13:28:13,2.235
2026-09-01 13:28:14,1.687
2026-09-01 13:28:15,1.605
2026-09-01 13:28:16,2.172
2026-09-01 13:28:17,2.289
2026-09-01 13:28:18,2.174
2026-09-01 13:28:19,2.796
2026-09-01 13:28:20,2.212
2026-09-01 13:28:21,2.495
2026-09-01 13:28:22,1.953
2026-09-01 13:28:23,2.41
2026-09-01 13:28:24,2.252
2026-09-01 13:28:25,2.158
2026-09-01 13:28:26,2.327
2026-09-01 13:28:27,2.312
2026-09-01 13:28:28,2.213
2026-09-01 13:28:29,2.474
2026-09-01 13:28:30,2.37
2026-09-01 13:28:31,1.635
2026-09-01 13:28:32,2.046
2026-09-01 13:28:33,1.955
2026-09-01 13:28:34,1.996
2026-09-01 13:28:35,2.038
2026-09-01 13:28:36,2.166
2026-09-01 13:28:37,2.083
2026-09-01 13:28:38,2.143
2026-09-01 13:28:39,2.17
2026-09-01 13:28:40,2.374
2026-09-01 13:28:41,1.599
2026-09-01 13:28:42,2.489
2026-09-01 13:28:43,2.395
2026-09-01 13:28:44,1.97
2026-09-01 13:28:45,2.011
2026-09-01 13:28:46,1.909
2026-09-01 13:28:47,2.436
2026-09-01 13:28:48,1.956
2026-09-01 13:28:49,1.672
2026-09-01 13:28:50,2.355
2026-09-01 13:28:51,2.146
2026-09-01 13:28:52,2.036
2026-09-01 13:28:53,1.765
2026-09-01 13:28:54,2.181
2026-09-01 13:28:55,2.149
2026-09-01 13:28:56,2.27
2026-09-01 13:28:57,2.066
2026-09-01 13:28:58,1.726
2026-09-01 13:28:59,2.17
2026-09-01 13:29:00,2.147
2026-09-01 13:29:01,2.482
2026-09-01 13:29:02,2.14
2026-09-01 13:29:03,2.099
2026-09-01 13:29:04,1.916
2026-09-01 13:29:05,2.017
2026-09-01 13:29:06,2.15
2026-09-01 13:29:07,1.807
2026-09-01 13:29:08,1.92
2026-09-01 13:29:09,2.31
2026-09-01 13:29:10,2.143
2026-09-01 13:29:11,1.959
2026-09-01 13:29:12,1.68
2026-09-01 13:29:13,2.016
2026-09-01 13:29:14,2.353
2026-09-01 13:29:15,1.626
2026-09-01 13:29:16,2.262
2026-09-01 13:29:17,1.733
2026-09-01 13:29:18,2.362
2026-09-01 13:29:19,1.743
2026-09-01 13:29:20,2.506
2026-09-01 13:29:21,2.238
2026-09-01 13:29:22,2.337
2026-09-01 13:29:23,1.797
2026-09-01 13:29:24,2.166
2026-09-01 13:29:25,2.254
2026-09-01 13:29:26,2.382
2026-09-01 13:29:27,2.287
2026-09-01 13:29:28,1.778
2026-09-01 13:29:29,2.147
2026-09-01 13:29:30,2.096
2026-09-01 13:29:31,1.991
2026-09-01 13:29:32,2.215
2026-09-01 13:29:33,2.022
2026-09-01 13:29:34,1.944
2026-09-01 13:29:35,1.99
2026-09-01 13:29:36,1.569
2026-09-01 13:29:37,2.047
2026-09-01 13:29:38,2.306
2026-09-01 13:29:39,1.922
2026-09-01 13:29:40,2.013
2026-09-01 13:29:41,2.053
2026-09-01 13:29:42,2.184
2026-09-01 13:29:43,2.091
2026-09-01 13:29:44,1.707
2026-09-01 13:29:45,2.028
2026-09-01 13:29:46,2.332
2026-09-01 13:29:47,2.244
2026-09-01 13:29:48,1.957
2026-09-01 13:29:49,2.52
2026-09-01 13:29:50,2.536
2026-09-01 13:29:51,2.248
2026-09-01 13:29:52,2.572
2026-09-01 13:29:53,2.084
2026-09-01 13:29:54,2.617
2026-09-01 13:29:55,2.46
2026-09-01 13:29:56,2.393
2026-09-01 13:29:57,1.894
2026-09-01 13:29:58,2.248
2026-09-01 13:29:59,2.374
2026-09-01 13:30:00,2.196
2026-09-01 13:30:01,1.962
2026-09-01 13:30:02,2.314
2026-09-01 13:30:03,2.189
2026-09-01 13:30:04,2.243
2026-09-01 13:30:05,1.857
2026-09-01 13:30:06,2.382
2026-09-01 13:30:07,1.745
2026-09-01 13:30:08,1.864
2026-09-01 13:30:09,1.617
2026-09-01 13:30:10,2.144
2026-09-01 13:30:11,2.125
2026-09-01 13:30:12,2.129
2026-09-01 13:30:13,1.709
2026-09-01 13:30:14,1.989
2026-09-01 13:30:15,1.883
2026-09-01 13:30:16,2.069
2026-09-01 13:30:17,1.983
2026-09-01 13:30:18,2.394
2026-09-01 13:30:19,2.276
2026-09-01 13:30:20,2.004
2026-09-01 13:30:21,2.471
2026-09-01 13:30:22,2.178
2026-09-01 13:30:23,2.188
2026-09-01 13:30:24,1.932
2026-09-01 13:30:25,1.705
2026-09-01 13:30:26,2.294
2026-09-01 13:30:27,2.332
2026-09-01 13:30:28,2.019
2026-09-01 13:30:29,2.051
2026-09-01 13:30:30,2.23
2026-09-01 13:30:31,2.308
2026-09-01 13:30:32,2.02
2026-09-01 13:30:33,1.633
2026-09-01 13:30:34,2.078
2026-09-01 13:30:35,2.144
2026-09-01 13:30:36,2.274
2026-09-01 13:30:37,2.479
2026-09-01 13:30:38,2.094
2026-09-01 13:30:39,2.128
2026-09-01 13:30:40,1.831
2026-09-01 13:30:41,2.393
2026-09-01 13:30:42,1.763
2026-09-01 13:30:43,1.921
2026-09-01 13:30:44,2.243
2026-09-01 13:30:45,2.028
2026-09-01 13:30:46,2.195
2026-09-01 13:30:47,2.354
2026-09-01 13:30:48,2.085
2026-09-01 13:30:49,2.27
2026-09-01 13:30:50,2.161
2026-09-01 13:30:51,2.35
2026-09-01 13:30:52,2.092
2026-09-01 13:30:53,1.788
2026-09-01 13:30:54,1.876
2026-09-01 13:30:55,1.728
2026-09-01 13:30:56,2.238
2026-09-01 13:30:57,2.013
2026-09-01 13:30:58,2.124
2026-09-01 13:30:59,2.029
2026-09-01 13:31:00,1.794
2026-09-01 13:31:01,2.153
2026-09-01 13:31:02,2.15
2026-09-01 13:31:03,2.286
2026-09-01 13:31:04,2.024
2026-09-01 13:31:05,2.428
2026-09-01 13:31:06,2.143
2026-09-01 13:31:07,1.692
2026-09-01 13:31:08,2.042
2026-09-01 13:31:09,2.227
2026-09-01 13:31:10,1.946
2026-09-01 13:31:11,2.32
2026-09-01 13:31:12,2.046
2026-09-01 13:31:13,2.042
2026-09-01 13:31:14,2.113
2026-09-01 13:31:15,2.206
2026-09-01 13:31:16,1.953
2026-09-01 13:31:17,2.151
2026-09-01 13:31:18,2.178
2026-09-01 13:31:19,2.187
2026-09-01 13:31:20,1.899
2026-09-01 13:31:21,2.156
2026-09-01 13:31:22,1.945
2026-09-01 13:31:23,2.169
2026-09-01 13:31:24,2.366
2026-09-01 13:31:25,2.127
2026-09-01 13:31:26,2.226
2026-09-01 13:31:27,2.244
2026-09-01 13:31:28,2.194
2026-09-01 13:31:29,1.946
2026-09-01 13:31:30,1.886
2026-09-01 13:31:31,2.337
2026-09-01 13:31:32,2.132
2026-09-01 13:31:33,2.099
2026-09-01 13:31:34,2.074
2026-09-01 13:31:35,2.031
2026-09-01 13:31:36,2.313
2026-09-01 13:31:37,2.297
2026-09-01 13:31:38,1.992
2026-09-01 13:31:39,2.362
2026-09-01 13:31:40,2.06
2026-09-01 13:31:41,1.465
2026-09-01 13:31:42,2.143
2026-09-01 13:31:43,2.023
2026-09-01 13:31:44,1.955
2026-09-01 13:31:45,2.091
2026-09-01 13:31:46,1.81
2026-09-01 13:31:47,1.97
2026-09-01 13:31:48,1.819
2026-09-01 13:31:49,1.905
2026-09-01 13:31:50,2.51
2026-09-01 13:31:51,2.41
2026-09-01 13:31:52,2.1
2026-09-01 13:31:53,2.032
2026-09-01 13:31:54,2.344
2026-09-01 13:31:55,2.335
2026-09-01 13:31:56,2.221
2026-09-01 13:31:57,2.167
2026-09-01 13:31:58,2.199
2026-09-01 13:31:59,2.305
2026-09-01 13:32:00,2.375
2026-09-01 13:32:01,2.352
2026-09-01 13:32:02,2.296
2026-09-01 13:32:03,2.768
2026-09-01 13:32:04,2.491
2026-09-01 13:32:05,2.196
2026-09-01 13:32:06,2.14
2026-09-01 13:32:07,2.253
2026-09-01 13:32:08,1.831
2026-09-01 13:32:09,1.879
2026-09-01 13:32:10,2.415
2026-09-01 13:32:11,1.947
2026-09-01 13:32:12,2.112
2026-09-01 13:32:13,2.177
2026-09-01 13:32:14,1.402
2026-09-01 13:32:15,2.195
2026-09-01 13:32:16,2.155
2026-09-01 13:32:17,2.312
2026-09-01 13:32:18,1.457
2026-09-01 13:32:19,2.285
2026-09-01 13:32:20,2.187
2026-09-01 13:32:21,2.551
2026-09-01 13:32:22,2.008
2026-09-01 13:32:23,2.357
2026-09-01 13:32:24,2.043
2026-09-01 13:32:25,2.104
2026-09-01 13:32:26,2.164
2026-09-01 13:32:27,2.332
2026-09-01 13:32:28,2.439
2026-09-01 13:32:29,1.985
2026-09-01 13:32:30,1.48
2026-09-01 13:32:31,2.194
2026-09-01 13:32:32,2.099
2026-09-01 13:32:33,2.346
2026-09-01 13:32:34,2.355
2026-09-01 13:32:35,1.543
2026-09-01 13:32:36,2.115
2026-09-01 13:32:37,1.705
2026-09-01 13:32:38,2.167
2026-09-01 13:32:39,2.04
2026-09-01 13:32:40,2.432
2026-09-01 13:32:41,2.128
2026-09-01 13:32:42,1.818
2026-09-01 13:32:43,2.622
2026-09-01 13:32:44,2.234
2026-09-01 13:32:45,2.347
2026-09-01 13:32:46,1.612
2026-09-01 13:32:47,2.056
2026-09-01 13:32:48,1.77
2026-09-01 13:32:49,1.829
2026-09-01 13:32:50,1.929
2026-09-01 13:32:51,1.774
2026-09-01 13:32:52,1.817
2026-09-01 13:32:53,1.936
2026-09-01 13:32:54,1.866
2026-09-01 13:32:55,2.215
2026-09-01 13:32:56,1.796
2026-09-01 13:32:57,2.116
2026-09-01 13:32:58,2.082
2026-09-01 13:32:59,2.285
2026-09-01 13:33:00,1.834
2026-09-01 13:33:01,1.605
2026-09-01 13:33:02,2.036
2026-09-01 13:33:03,1.638
2026-09-01 13:33:04,2.317
2026-09-01 13:33:05,2.56
2026-09-01 13:33:06,2.231
2026-09-01 13:33:07,1.602
2026-09-01 13:33:08,1.998
2026-09-01 13:33:09,2.055
2026-09-01 13:33:10,2.028
2026-09-01 13:33:11,2.015
2026-09-01 13:33:12,2.433
2026-09-01 13:33:13,2.282
2026-09-01 13:33:14,2.115
2026-09-01 13:33:15,2.279
2026-09-01 13:33:16,1.773
2026-09-01 13:33:17,2.562
2026-09-01 13:33:18,2.038
2026-09-01 13:33:19,2.21
2026-09-01 13:33:20,2.05
2026-09-01 13:33:21,1.499
2026-09-01 13:33:22,2.092
2026-09-01 13:33:23,2.326
2026-09-01 13:33:24,2.077
2026-09-01 13:33:25,2.408
2026-09-01 13:33:26,2.242
2026-09-01 13:33:27,1.988
2026-09-01 13:33:28,2.311
2026-09-01 13:33:29,1.971
2026-09-01 13:33:30,1.952
2026-09-01 13:33:31,2.176
2026-09-01 13:33:32,2.093
2026-09-01 13:33:33,2.201
2026-09-01 13:33:34,1.658
2026-09-01 13:33:35,2.216
2026-09-01 13:33:36,2.026
2026-09-01 13:33:37,1.996
2026-09-01 13:33:38,2.183
2026-09-01 13:33:39,2.023
2026-09-01 13:33:40,2.12
2026-09-01 13:33:41,2.208
2026-09-01 13:33:42,2.112
2026-09-01 13:33:43,2.083
2026-09-01 13:33:44,2.12
2026-09-01 13:33:45,2.146
2026-09-01 13:33:46,2.094
2026-09-01 13:33:47,2.137
2026-09-01 13:33:48,1.78
2026-09-01 13:33:49,2.604
2026-09-01 13:33:50,2.022
2026-09-01 13:33:51,2.174
2026-09-01 13:33:52,2.172
2026-09-01 13:33:53,2.167
2026-09-01 13:33:54,2.533
2026-09-01 13:33:55,1.997
2026-09-01 13:33:56,2.185
2026-09-01 13:33:57,1.881
2026-09-01 13:33:58,1.83
2026-09-01 13:33:59,1.88
2026-09-01 13:34:00,2.458
2026-09-01 13:34:01,1.642
2026-09-01 13:34:02,1.716
2026-09-01 13:34:03,2.747
2026-09-01 13:34:04,2.185
2026-09-01 13:34:05,2.332
2026-09-01 13:34:06,1.924
2026-09-01 13:34:07,2.128
2026-09-01 13:34:08,1.866
2026-09-01 13:34:09,2.245
2026-09-01 13:34:10,2.267
2026-09-01 13:34:11,2.322
2026-09-01 13:34:12,2.246
2026-09-01 13:34:13,2.128
2026-09-01 13:34:14,2.297
2026-09-01 13:34:15,2.382
2026-09-01 13:34:16,1.975
2026-09-01 13:34:17,2.033
2026-09-01 13:34:18,1.682
2026-09-01 13:34:19,1.761
2026-09-01 13:34:20,2.036
2026-09-01 13:34:21,1.728
2026-09-01 13:34:22,2.29
2026-09-01 13:34:23,2.332
2026-09-01 13:34:24,2.381
2026-09-01 13:34:25,2.254
2026-09-01 13:34:26,2.222
2026-09-01 13:34:27,2.025
2026-09-01 13:34:28,2.09
2026-09-01 13:34:29,2.182
2026-09-01 13:34:30,2.085
2026-09-01 13:34:31,1.988
2026-09-01 13:34:32,2.187
2026-09-01 13:34:33,1.802
2026-09-01 13:34:34,1.954
2026-09-01 13:34:35,1.928
2026-09-01 13:34:36,2.092
2026-09-01 13:34:37,2.114
2026-09-01 13:34:38,2.194
2026-09-01 13:34:39,2.508
2026-09-01 13:34:40,1.843
2026-09-01 13:34:41,2.177
2026-09-01 13:34:42,2.403
2026-09-01 13:34:43,2.263
2026-09-01 13:34:44,2.231
2026-09-01 13:34:45,2.403
2026-09-01 13:34:46,1.947
2026-09-01 13:34:47,2.215
2026-09-01 13:34:48,2.011
2026-09-01 13:34:49,1.955
2026-09-01 13:34:50,2.224
2026-09-01 13:34:51,2.206
2026-09-01 13:34:52,2.092
2026-09-01 13:34:53,2.37
2026-09-01 13:34:54,1.524
2026-09-01 13:34:55,1.881
2026-09-01 13:34:56,2.343
2026-09-01 13:34:57,1.915
2026-09-01 13:34:58,1.952
2026-09-01 13:34:59,1.899
2026-09-01 13:35:00,2.214
2026-09-01 13:35:01,1.587
2026-09-01 13:35:02,2.393
2026-09-01 13:35:03,2.03
2026-09-01 13:35:04,1.89
2026-09-01 13:35:05,1.924
2026-09-01 13:35:06,2.404
2026-09-01 13:35:07,2.273
2026-09-01 13:35:08,2.01
2026-09-01 13:35:09,2.371
2026-09-01 13:35:10,1.435
2026-09-01 13:35:11,1.997
2026-09-01 13:35:12,2.12
2026-09-01 13:35:13,1.83
2026-09-01 13:35:14,2.195
2026-09-01 13:35:15,2.349
2026-09-01 13:35:16,2.228
2026-09-01 13:35:17,2.431
2026-09-01 13:35:18,2.294
2026-09-01 13:35:19,2.191
2026-09-01 13:35:20,2.265
2026-09-01 13:35:21,2.409
2026-09-01 13:35:22,2.241
2026-09-01 13:35:23,2.036
2026-09-01 13:35:24,2.473
2026-09-01 13:35:25,2.494
2026-09-01 13:35:26,1.906
2026-09-01 13:35:27,1.855
2026-09-01 13:35:28,1.824
2026-09-01 13:35:29,1.697
2026-09-01 13:35:30,2.085
2026-09-01 13:35:31,2.273
2026-09-01 13:35:32,2.038
2026-09-01 13:35:33,1.694
2026-09-01 13:35:34,2.809
2026-09-01 13:35:35,2.351
2026-09-01 13:35:36,2.481
2026-09-01 13:35:37,2.449
2026-09-01 13:35:38,2.905
2026-09-01 13:35:39,2.22
2026-09-01 13:35:40,1.777
2026-09-01 13:35:41,2.131
2026-09-01 13:35:42,2.393
2026-09-01 13:35:43,2.348
2026-09-01 13:35:44,2.679
2026-09-01 13:35:45,2.463
2026-09-01 13:35:46,1.945
2026-09-01 13:35:47,2.287
2026-09-01 13:35:48,2.5
2026-09-01 13:35:49,1.601
2026-09-01 13:35:50,2.512
2026-09-01 13:35:51,1.507
2026-09-01 13:35:52,1.876
2026-09-01 13:35:53,2.022
2026-09-01 13:35:54,2.189
2026-09-01 13:35:55,2.327
2026-09-01 13:35:56,1.85
2026-09-01 13:35:57,2.1
2026-09-01 13:35:58,2.146
2026-09-01 13:35:59,1.885
2026-09-01 13:36:00,2.638
2026-09-01 13:36:01,2.23
2026-09-01 13:36:02,2.089
2026-09-01 13:36:03,1.784
2026-09-01 13:36:04,2.366
2026-09-01 13:36:05,2.018
2026-09-01 13:36:06,1.995
2026-09-01 13:36:07,2.222
2026-09-01 13:36:08,2.022
2026-09-01 13:36:09,2.127
2026-09-01 13:36:10,2.204
2026-09-01 13:36:11,1.838
2026-09-01 13:36:12,2.444
2026-09-01 13:36:13,2.158
2026-09-01 13:36:14,2.007
2026-09-01 13:36:15,2.496
2026-09-01 13:36:16,1.956
2026-09-01 13:36:17,2.611
2026-09-01 13:36:18,1.73
2026-09-01 13:36:19,1.953
2026-09-01 13:36:20,2.18
2026-09-01 13:36:21,2.202
2026-09-01 13:36:22,1.754
2026-09-01 13:36:23,2.473
2026-09-01 13:36:24,2.045
2026-09-01 13:36:25,2.207
2026-09-01 13:36:26,2.438
2026-09-01 13:36:27,2.464
2026-09-01 13:36:28,1.476
2026-09-01 13:36:29,2.122
2026-09-01 13:36:30,2.043
2026-09-01 13:36:31,2.247
2026-09-01 13:36:32,1.879
2026-09-01 13:36:33,1.827
2026-09-01 13:36:34,2.164
2026-09-01 13:36:35,2.332
2026-09-01 13:36:36,2.028
2026-09-01 13:36:37,2.13
2026-09-01 13:36:38,1.988
2026-09-01 13:36:39,2.426
2026-09-01 13:36:40,1.897
2026-09-01 13:36:41,2.292
2026-09-01 13:36:42,1.861
2026-09-01 13:36:43,1.748
2026-09-01 13:36:44,2.291
2026-09-01 13:36:45,2.164
2026-09-01 13:36:46,1.942
2026-09-01 13:36:47,2.041
2026-09-01 13:36:48,2.167
2026-09-01 13:36:49,2.324
2026-09-01 13:36:50,2.298
2026-09-01 13:36:51,2.51
2026-09-01 13:36:52,1.866
2026-09-01 13:36:53,2.313
2026-09-01 13:36:54,1.956
2026-09-01 13:36:55,2.527
2026-09-01 13:36:56,2.144
2026-09-01 13:36:57,2.256
2026-09-01 13:36:58,2.164
2026-09-01 13:36:59,2.054
2026-09-01 13:37:00,2.423
2026-09-01 13:37:01,2.06
2026-09-01 13:37:02,2.212
2026-09-01 13:37:03,2.283
2026-09-01 13:37:04,2.0
2026-09-01 13:37:05,2.184
2026-09-01 13:37:06,1.825
2026-09-01 13:37:07,2.028
2026-09-01 13:37:08,2.051
2026-09-01 13:37:09,2.096
2026-09-01 13:37:10,2.432
2026-09-01 13:37:11,2.276
2026-09-01 13:37:12,2.291
2026-09-01 13:37:13,2.033
2026-09-01 13:37:14,2.369
2026-09-01 13:37:15,2.378
2026-09-01 13:37:16,2.227
2026-09-01 13:37:17,2.496
2026-09-01 13:37:18,2.26
2026-09-01 13:37:19,1.677
2026-09-01 13:37:20,1.853
2026-09-01 13:37:21,2.383
2026-09-01 13:37:22,1.86
2026-09-01 13:37:23,1.882
2026-09-01 13:37:24,2.216
2026-09-01 13:37:25,2.032
2026-09-01 13:37:26,2.164
2026-09-01 13:37:27,2.194
2026-09-01 13:37:28,1.422
2026-09-01 13:37:29,2.089
2026-09-01 13:37:30,2.559
2026-09-01 13:37:31,2.07
2026-09-01 13:37:32,2.212
2026-09-01 13:37:33,2.033
2026-09-01 13:37:34,2.246
2026-09-01 13:37:35,2.267
2026-09-01 13:37:36,2.332
2026-09-01 13:37:37,2.589
2026-09-01 13:37:38,2.075
2026-09-01 13:37:39,2.039
2026-09-01 13:37:40,2.151
2026-09-01 13:37:41,2.044
2026-09-01 13:37:42,2.047
2026-09-01 13:37:43,1.991
2026-09-01 13:37:44,1.847
2026-09-01 13:37:45,2.0
2026-09-01 13:37:46,1.747
2026-09-01 13:37:47,2.033
2026-09-01 13:37:48,2.644
2026-09-01 13:37:49,2.438
2026-09-01 13:37:50,2.11
2026-09-01 13:37:51,2.167
2026-09-01 13:37:52,2.302
2026-09-01 13:37:53,1.825
2026-09-01 13:37:54,2.415
2026-09-01 13:37:55,2.342
2026-09-01 13:37:56,2.2
2026-09-01 13:37:57,2.02
2026-09-01 13:37:58,2.041
2026-09-01 13:37:59,1.955
2026-09-01 13:38:00,2.249
2026-09-01 13:38:01,2.393
2026-09-01 13:38:02,2.232
2026-09-01 13:38:03,2.674
2026-09-01 13:38:04,1.906
2026-09-01 13:38:05,1.883
2026-09-01 13:38:06,2.101
2026-09-01 13:38:07,2.468
2026-09-01 13:38:08,1.856
2026-09-01 13:38:09,2.531
2026-09-01 13:38:10,2.3
2026-09-01 13:38:11,2.211
2026-09-01 13:38:12,2.201
2026-09-01 13:38:13,2.096
2026-09-01 13:38:14,1.98
2026-09-01 13:38:15,2.415
2026-09-01 13:38:16,2.105
2026-09-01 13:38:17,1.904
2026-09-01 13:38:18,1.909
2026-09-01 13:38:19,2.216
2026-09-01 13:38:20,2.43
2026-09-01 13:38:21,1.903
2026-09-01 13:38:22,1.98
2026-09-01 13:38:23,1.907
2026-09-01 13:38:24,1.477
2026-09-01 13:38:25,1.979
2026-09-01 13:38:26,2.154
2026-09-01 13:38:27,1.896
2026-09-01 13:38:28,1.804
2026-09-01 13:38:29,2.685
2026-09-01 13:38:30,1.871
2026-09-01 13:38:31,2.149
2026-09-01 13:38:32,2.005
2026-09-01 13:38:33,1.69
2026-09-01 13:38:34,2.124
2026-09-01 13:38:35,1.899
2026-09-01 13:38:36,2.561
2026-09-01 13:38:37,2.23
2026-09-01 13:38:38,1.915
2026-09-01 13:38:39,2.271
2026-09-01 13:38:40,2.318
2026-09-01 13:38:41,1.959
2026-09-01 13:38:42,2.204
2026-09-01 13:38:43,1.981
2026-09-01 13:38:44,2.419
2026-09-01 13:38:45,2.331
2026-09-01 13:38:46,1.715
2026-09-01 13:38:47,2.335
2026-09-01 13:38:48,2.021
2026-09-01 13:38:49,2.02
2026-09-01 13:38:50,2.264
2026-09-01 13:38:51,2.435
2026-09-01 13:38:52,1.755
2026-09-01 13:38:53,1.811
2026-09-01 13:38:54,1.877
2026-09-01 13:38:55,2.022
2026-09-01 13:38:56,2.13
2026-09-01 13:38:57,1.916
2026-09-01 13:38:58,2.065
2026-09-01 13:38:59,2.138
2026-09-01 13:39:00,2.18
2026-09-01 13:39:01,2.138
2026-09-01 13:39:02,2.02
2026-09-01 13:39:03,2.263
2026-09-01 13:39:04,2.491
2026-09-01 13:39:05,2.068
2026-09-01 13:39:06,2.163
2026-09-01 13:39:07,2.088
2026-09-01 13:39:08,2.213
2026-09-01 13:39:09,1.85
2026-09-01 13:39:10,2.378
2026-09-01 13:39:11,2.064
2026-09-01 13:39:12,2.238
2026-09-01 13:39:13,2.615
2026-09-01 13:39:14,2.116
2026-09-01 13:39:15,2.06
2026-09-01 13:39:16,1.569
2026-09-01 13:39:17,2.007
2026-09-01 13:39:18,2.35
2026-09-01 13:39:19,2.013
2026-09-01 13:39:20,1.779
2026-09-01 13:39:21,2.704
2026-09-01 13:39:22,1.91
2026-09-01 13:39:23,1.943
2026-09-01 13:39:24,2.153
2026-09-01 13:39:25,1.884
2026-09-01 13:39:26,1.675
2026-09-01 13:39:27,1.993
2026-09-01 13:39:28,1.962
2026-09-01 13:39:29,2.38
2026-09-01 13:39:30,2.088
2026-09-01 13:39:31,2.072
2026-09-01 13:39:32,1.738
2026-09-01 13:39:33,2.303
2026-09-01 13:39:34,2.137
2026-09-01 13:39:35,2.461
2026-09-01 13:39:36,2.068
2026-09-01 13:39:37,1.959
2026-09-01 13:39:38,2.236
2026-09-01 13:39:39,1.753
2026-09-01 13:39:40,1.93
2026-09-01 13:39:41,2.424
2026-09-01 13:39:42,1.798
2026-09-01 13:39:43,1.586
2026-09-01 13:39:44,2.024
2026-09-01 13:39:45,1.797
2026-09-01 13:39:46,2.239
2026-09-01 13:39:47,2.118
2026-09-01 13:39:48,2.315
2026-09-01 13:39:49,1.93
2026-09-01 13:39:50,2.021
2026-09-01 13:39:51,2.38
2026-09-01 13:39:52,1.873
2026-09-01 13:39:53,1.701
2026-09-01 13:39:54,1.879
2026-09-01 13:39:55,2.058
2026-09-01 13:39:56,2.229
2026-09-01 13:39:57,2.269
2026-09-01 13:39:58,1.842
2026-09-01 13:39:59,2.066
2026-09-01 13:40:00,2.271
2026-09-01 13:40:01,2.175
2026-09-01 13:40:02,2.184
2026-09-01 13:40:03,2.27
2026-09-01 13:40:04,1.718
2026-09-01 13:40:05,1.92
2026-09-01 13:40:06,2.072
2026-09-01 13:40:07,2.423
2026-09-01 13:40:08,1.849
2026-09-01 13:40:09,2.155
2026-09-01 13:40:10,1.846
2026-09-01 13:40:11,2.218
2026-09-01 13:40:12,2.222
2026-09-01 13:40:13,1.938
2026-09-01 13:40:14,2.086
2026-09-01 13:40:15,2.529
2026-09-01 13:40:16,1.795
2026-09-01 13:40:17,2.426
2026-09-01 13:40:18,2.115
2026-09-01 13:40:19,2.274
2026-09-01 13:40:20,2.107
2026-09-01 13:40:21,1.83
2026-09-01 13:40:22,1.945
2026-09-01 13:40:23,2.044
2026-09-01 13:40:24,2.297
2026-09-01 13:40:25,2.085
2026-09-01 13:40:26,2.35
2026-09-01 13:40:27,2.141
2026-09-01 13:40:28,2.226
2026-09-01 13:40:29,2.069
2026-09-01 13:40:30,1.974
2026-09-01 13:40:31,2.404
2026-09-01 13:40:32,1.784
2026-09-01 13:40:33,1.836
2026-09-01 13:40:34,1.848
2026-09-01 13:40:35,2.23
2026-09-01 13:40:36,2.028
2026-09-01 13:40:37,1.855
2026-09-01 13:40:38,2.241
2026-09-01 13:40:39,2.003
2026-09-01 13:40:40,1.681
2026-09-01 13:40:41,1.74
2026-09-01 13:40:42,1.67
2026-09-01 13:40:43,2.514
2026-09-01 13:40:44,2.112
2026-09-01 13:40:45,1.94
2026-09-01 13:40:46,2.456
2026-09-01 13:40:47,2.309
2026-09-01 13:40:48,1.809
2026-09-01 13:40:49,2.042
2026-09-01 13:40:50,2.297
2026-09-01 13:40:51,2.54
2026-09-01 13:40:52,2.368
2026-09-01 13:40:53,1.85
2026-09-01 13:40:54,2.073
2026-09-01 13:40:55,1.982
2026-09-01 13:40:56,2.159
2026-09-01 13:40:57,2.393
2026-09-01 13:40:58,1.935
2026-09-01 13:40:59,2.43
2026-09-01 13:41:00,2.373
2026-09-01 13:41:01,2.361
2026-09-01 13:41:02,1.9
2026-09-01 13:41:03,1.934
2026-09-01 13:41:04,1.963
2026-09-01 13:41:05,2.162
2026-09-01 13:41:06,2.249
2026-09-01 13:41:07,2.449
2026-09-01 13:41:08,2.539
2026-09-01 13:41:09,2.31
2026-09-01 13:41:10,1.91
2026-09-01 13:41:11,2.107
2026-09-01 13:41:12,2.189
2026-09-01 13:41:13,2.089
2026-09-01 13:41:14,2.008
2026-09-01 13:41:15,1.941
2026-09-01 13:41:16,2.117
2026-09-01 13:41:17,2.15
2026-09-01 13:41:18,2.396
2026-09-01 13:41:19,2.226
2026-09-01 13:41:20,2.406
2026-09-01 13:41:21,2.1
2026-09-01 13:41:22,2.121
2026-09-01 13:41:23,2.178
2026-09-01 13:41:24,1.807
2026-09-01 13:41:25,2.072
2026-09-01 13:41:26,1.828
2026-09-01 13:41:27,2.352
2026-09-01 13:41:28,2.15
2026-09-01 13:41:29,2.178
2026-09-01 13:41:30,2.439
2026-09-01 13:41:31,2.546
2026-09-01 13:41:32,1.977
2026-09-01 13:41:33,1.78
2026-09-01 13:41:34,2.101
2026-09-01 13:41:35,2.312
2026-09-01 13:41:36,2.15
2026-09-01 13:41:37,1.955
2026-09-01 13:41:38,2.21
2026-09-01 13:41:39,2.104
2026-09-01 13:41:40,2.259
2026-09-01 13:41:41,2.484
2026-09-01 13:41:42,2.281
2026-09-01 13:41:43,2.209
2026-09-01 13:41:44,2.135
2026-09-01 13:41:45,2.376
2026-09-01 13:41:46,2.458
2026-09-01 13:41:47,1.861
2026-09-01 13:41:48,1.964
2026-09-01 13:41:49,2.566
2026-09-01 13:41:50,1.904
2026-09-01 13:41:51,2.149
2026-09-01 13:41:52,2.356
2026-09-01 13:41:53,2.071
2026-09-01 13:41:54,1.505
2026-09-01 13:41:55,2.453
2026-09-01 13:41:56,2.509
2026-09-01 13:41:57,2.25
2026-09-01 13:41:58,2.37
2026-09-01 13:41:59,2.204
2026-09-01 13:42:00,1.814
2026-09-01 13:42:01,2.358
2026-09-01 13:42:02,2.483
2026-09-01 13:42:03,2.119
2026-09-01 13:42:04,2.235
2026-09-01 13:42:05,2.123
2026-09-01 13:42:06,2.234
2026-09-01 13:42:07,2.07
2026-09-01 13:42:08,2.164
2026-09-01 13:42:09,2.241
2026-09-01 13:42:10,1.953
2026-09-01 13:42:11,2.162
2026-09-01 13:42:12,2.152
2026-09-01 13:42:13,1.82
2026-09-01 13:42:14,2.049
2026-09-01 13:42:15,1.867
2026-09-01 13:42:16,1.87
2026-09-01 13:42:17,2.083
2026-09-01 13:42:18,2.098
2026-09-01 13:42:19,2.113
2026-09-01 13:42:20,1.816
2026-09-01 13:42:21,2.039
2026-09-01 13:42:22,1.944
2026-09-01 13:42:23,2.175
2026-09-01 13:42:24,1.897
2026-09-01 13:42:25,2.47
2026-09-01 13:42:26,1.986
2026-09-01 13:42:27,2.137
2026-09-01 13:42:28,1.92
2026-09-01 13:42:29,1.944
2026-09-01 13:42:30,2.036
2026-09-01 13:42:31,2.118
2026-09-01 13:42:32,2.172
2026-09-01 13:42:33,2.391
2026-09-01 13:42:34,2.2
2026-09-01 13:42:35,2.147
2026-09-01 13:42:36,1.918
2026-09-01 13:42:37,1.627
2026-09-01 13:42:38,2.06
2026-09-01 13:42:39,2.494
2026-09-01 13:42:40,2.46
2026-09-01 13:42:41,1.87
2026-09-01 13:42:42,2.189
2026-09-01 13:42:43,2.296
2026-09-01 13:42:44,2.309
2026-09-01 13:42:45,2.35
2026-09-01 13:42:46,2.132
2026-09-01 13:42:47,2.058
2026-09-01 13:42:48,2.116
2026-09-01 13:42:49,2.046
2026-09-01 13:42:50,1.691
2026-09-01 13:42:51,1.778
2026-09-01 13:42:52,2.188
2026-09-01 13:42:53,1.959
2026-09-01 13:42:54,2.418
2026-09-01 13:42:55,2.017
2026-09-01 13:42:56,2.048
2026-09-01 13:42:57,2.395
2026-09-01 13:42:58,2.139
2026-09-01 13:42:59,1.76
2026-09-01 13:43:00,2.279
2026-09-01 13:43:01,2.463
2026-09-01 13:43:02,2.227
2026-09-01 13:43:03,1.9
2026-09-01 13:43:04,1.883
2026-09-01 13:43:05,1.975
2026-09-01 13:43:06,2.255
2026-09-01 13:43:07,1.925
2026-09-01 13:43:08,2.205
2026-09-01 13:43:09,2.329
2026-09-01 13:43:10,2.116
2026-09-01 13:43:11,1.388
2026-09-01 13:43:12,2.071
2026-09-01 13:43:13,2.132
2026-09-01 13:43:14,1.984
2026-09-01 13:43:15,2.052
2026-09-01 13:43:16,2.171
2026-09-01 13:43:17,2.388
2026-09-01 13:43:18,2.248
2026-09-01 13:43:19,2.421
2026-09-01 13:43:20,1.977
2026-09-01 13:43:21,1.91
2026-09-01 13:43:22,1.742
2026-09-01 13:43:23,1.378
2026-09-01 13:43:24,2.259
2026-09-01 13:43:25,2.194
2026-09-01 13:43:26,2.348
2026-09-01 13:43:27,2.236
2026-09-01 13:43:28,1.928
2026-09-01 13:43:29,1.626
2026-09-01 13:43:30,1.913
2026-09-01 13:43:31,1.469
2026-09-01 13:43:32,2.558
2026-09-01 13:43:33,1.816
2026-09-01 13:43:34,2.16
2026-09-01 13:43:35,1.887
2026-09-01 13:43:36,2.167
2026-09-01 13:43:37,1.914
2026-09-01 13:43:38,2.43
2026-09-01 13:43:39,2.044
2026-09-01 13:43:40,2.275
2026-09-01 13:43:41,2.034
2026-09-01 13:43:42,2.055
2026-09-01 13:43:43,2.488
2026-09-01 13:43:44,2.196
2026-09-01 13:43:45,2.331
2026-09-01 13:43:46,2.129
2026-09-01 13:43:47,2.089
2026-09-01 13:43:48,2.328
2026-09-01 13:43:49,2.425
2026-09-01 13:43:50,2.187
2026-09-01 13:43:51,1.727
2026-09-01 13:43:52,2.592
2026-09-01 13:43:53,2.102
2026-09-01 13:43:54,2.223
2026-09-01 13:43:55,2.02
2026-09-01 13:43:56,1.838
2026-09-01 13:43:57,1.977
2026-09-01 13:43:58,2.338
2026-09-01 13:43:59,1.722
2026-09-01 13:44:00,2.57
2026-09-01 13:44:01,1.815
2026-09-01 13:44:02,1.972
2026-09-01 13:44:03,2.334
2026-09-01 13:44:04,2.295
2026-09-01 13:44:05,2.087
2026-09-01 13:44:06,1.975
2026-09-01 13:44:07,2.44
2026-09-01 13:44:08,1.799
2026-09-01 13:44:09,2.009
2026-09-01 13:44:10,2.378
2026-09-01 13:44:11,1.872
2026-09-01 13:44:12,1.89
2026-09-01 13:44:13,2.364
2026-09-01 13:44:14,2.046
2026-09-01 13:44:15,2.384
2026-09-01 13:44:16,2.226
2026-09-01 13:44:17,1.881
2026-09-01 13:44:18,1.555
2026-09-01 13:44:19,2.023
2026-09-01 13:44:20,2.118
2026-09-01 13:44:21,2.118
2026-09-01 13:44:22,2.149
2026-09-01 13:44:23,1.754
2026-09-01 13:44:24,2.211
2026-09-01 13:44:25,2.126
2026-09-01 13:44:26,2.281
2026-09-01 13:44:27,2.364
2026-09-01 13:44:28,2.285
2026-09-01 13:44:29,1.845
2026-09-01 13:44:30,1.815
2026-09-01 13:44:31,1.826
2026-09-01 13:44:32,1.824
2026-09-01 13:44:33,1.986
2026-09-01 13:44:34,2.433
2026-09-01 13:44:35,1.683
2026-09-01 13:44:36,2.164
2026-09-01 13:44:37,2.336
2026-09-01 13:44:38,2.037
2026-09-01 13:44:39,1.727
2026-09-01 13:44:40,2.175
2026-09-01 13:44:41,2.381
2026-09-01 13:44:42,2.241
2026-09-01 13:44:43,1.857
2026-09-01 13:44:44,2.096
2026-09-01 13:44:45,1.851
2026-09-01 13:44:46,2.168
2026-09-01 13:44:47,2.331
2026-09-01 13:44:48,2.059
2026-09-01 13:44:49,2.063
2026-09-01 13:44:50,2.095
2026-09-01 13:44:51,2.022
2026-09-01 13:44:52,1.685
2026-09-01 13:44:53,2.178
2026-09-01 13:44:54,2.321
2026-09-01 13:44:55,2.109
2026-09-01 13:44:56,1.787
2026-09-01 13:44:57,2.248
2026-09-01 13:44:58,1.837
2026-09-01 13:44:59,2.395
2026-09-01 13:45:00,1.943
2026-09-01 13:45:01,2.209
2026-09-01 13:45:02,2.153
2026-09-01 13:45:03,1.931
2026-09-01 13:45:04,2.325
2026-09-01 13:45:05,2.016
2026-09-01 13:45:06,1.782
2026-09-01 13:45:07,2.203
2026-09-01 13:45:08,2.098
2026-09-01 13:45:09,2.164
2026-09-01 13:45:10,2.285
2026-09-01 13:45:11,2.247
2026-09-01 13:45:12,2.174
2026-09-01 13:45:13,2.252
2026-09-01 13:45:14,2.215
2026-09-01 13:45:15,2.39
2026-09-01 13:45:16,1.987
2026-09-01 13:45:17,2.228
2026-09-01 13:45:18,2.143
2026-09-01 13:45:19,2.315
2026-09-01 13:45:20,1.952
2026-09-01 13:45:21,1.885
2026-09-01 13:45:22,2.267
2026-09-01 13:45:23,1.859
2026-09-01 13:45:24,1.87
2026-09-01 13:45:25,2.069
2026-09-01 13:45:26,1.832
2026-09-01 13:45:27,2.5
2026-09-01 13:45:28,2.207
2026-09-01 13:45:29,1.93
2026-09-01 13:45:30,2.193
2026-09-01 13:45:31,2.431
2026-09-01 13:45:32,2.329
2026-09-01 13:45:33,2.139
2026-09-01 13:45:34,1.912
2026-09-01 13:45:35,2.155
2026-09-01 13:45:36,2.385
2026-09-01 13:45:37,2.395
2026-09-01 13:45:38,2.362
2026-09-01 13:45:39,2.474
2026-09-01 13:45:40,2.022
2026-09-01 13:45:41,2.204
2026-09-01 13:45:42,2.161
2026-09-01 13:45:43,1.821
2026-09-01 13:45:44,2.012
2026-09-01 13:45:45,2.647
2026-09-01 13:45:46,2.231
2026-09-01 13:45:47,2.5
2026-09-01 13:45:48,2.003
2026-09-01 13:45:49,1.983
2026-09-01 13:45:50,2.511
2026-09-01 13:45:51,2.32
2026-09-01 13:45:52,1.917
2026-09-01 13:45:53,2.088
2026-09-01 13:45:54,2.072
2026-09-01 13:45:55,2.086
2026-09-01 13:45:56,1.775
2026-09-01 13:45:57,1.452
2026-09-01 13:45:58,2.198
2026-09-01 13:45:59,2.213
2026-09-01 13:46:00,2.228
2026-09-01 13:46:01,2.148
2026-09-01 13:46:02,2.438
2026-09-01 13:46:03,2.077
2026-09-01 13:46:04,1.95
2026-09-01 13:46:05,1.758
2026-09-01 13:46:06,2.066
2026-09-01 13:46:07,1.69
2026-09-01 13:46:08,2.215
2026-09-01 13:46:09,2.293
2026-09-01 13:46:10,2.6
2026-09-01 13:46:11,2.042
2026-09-01 13:46:12,1.991
2026-09-01 13:46:13,2.301
2026-09-01 13:46:14,2.179
2026-09-01 13:46:15,2.685
2026-09-01 13:46:16,2.075
2026-09-01 13:46:17,1.984
2026-09-01 13:46:18,2.201
2026-09-01 13:46:19,1.953
2026-09-01 13:46:20,1.999
2026-09-01 13:46:21,1.708
2026-09-01 13:46:22,1.899
2026-09-01 13:46:23,1.822
2026-09-01 13:46:24,2.45
2026-09-01 13:46:25,2.214
2026-09-01 13:46:26,2.361
2026-09-01 13:46:27,2.102
2026-09-01 13:46:28,1.972
2026-09-01 13:46:29,2.327
2026-09-01 13:46:30,2.2
2026-09-01 13:46:31,1.67
2026-09-01 13:46:32,2.378
2026-09-01 13:46:33,1.778
2026-09-01 13:46:34,2.166
2026-09-01 13:46:35,1.844
2026-09-01 13:46:36,2.467
2026-09-01 13:46:37,2.341
2026-09-01 13:46:38,2.374
2026-09-01 13:46:39,2.367
2026-09-01 13:46:40,1.766
2026-09-01 13:46:41,2.357
2026-09-01 13:46:42,2.267
2026-09-01 13:46:43,2.668
2026-09-01 13:46:44,2.441
2026-09-01 13:46:45,1.933
2026-09-01 13:46:46,1.648
2026-09-01 13:46:47,2.437
2026-09-01 13:46:48,2.087
2026-09-01 13:46:49,1.895
2026-09-01 13:46:50,1.911
2026-09-01 13:46:51,2.231
2026-09-01 13:46:52,1.919
2026-09-01 13:46:53,2.244
2026-09-01 13:46:54,1.924
2026-09-01 13:46:55,2.044
2026-09-01 13:46:56,1.967
2026-09-01 13:46:57,1.65
2026-09-01 13:46:58,2.527
2026-09-01 13:46:59,1.956
2026-09-01 13:47:00,1.618
2026-09-01 13:47:01,1.717
2026-09-01 13:47:02,1.946
2026-09-01 13:47:03,1.865
2026-09-01 13:47:04,1.776
2026-09-01 13:47:05,1.942
2026-09-01 13:47:06,2.093
2026-09-01 13:47:07,2.108
2026-09-01 13:47:08,1.974
2026-09-01 13:47:09,1.985
2026-09-01 13:47:10,1.706
2026-09-01 13:47:11,2.096
2026-09-01 13:47:12,2.067
2026-09-01 13:47:13,2.175
2026-09-01 13:47:14,1.768
2026-09-01 13:47:15,1.698
2026-09-01 13:47:16,2.226
2026-09-01 13:47:17,2.043
2026-09-01 13:47:18,2.396
2026-09-01 13:47:19,2.495
2026-09-01 13:47:20,2.311
2026-09-01 13:47:21,2.147
2026-09-01 13:47:22,2.053
2026-09-01 13:47:23,1.823
2026-09-01 13:47:24,1.77
2026-09-01 13:47:25,1.836
2026-09-01 13:47:26,2.091
2026-09-01 13:47:27,2.089
2026-09-01 13:47:28,2.24
2026-09-01 13:47:29,2.08
2026-09-01 13:47:30,2.041
2026-09-01 13:47:31,2.553
2026-09-01 13:47:32,1.891
2026-09-01 13:47:33,2.094
2026-09-01 13:47:34,2.67
2026-09-01 13:47:35,2.264
2026-09-01 13:47:36,2.327
2026-09-01 13:47:37,2.223
2026-09-01 13:47:38,1.886
2026-09-01 13:47:39,2.402
2026-09-01 13:47:40,2.003
2026-09-01 13:47:41,2.13
2026-09-01 13:47:42,2.093
2026-09-01 13:47:43,1.766
2026-09-01 13:47:44,1.884
2026-09-01 13:47:45,1.865
2026-09-01 13:47:46,2.242
2026-09-01 13:47:47,1.998
2026-09-01 13:47:48,2.016
2026-09-01 13:47:49,2.124
2026-09-01 13:47:50,2.246
2026-09-01 13:47:51,1.923
2026-09-01 13:47:52,2.795
2026-09-01 13:47:53,1.839
2026-09-01 13:47:54,2.023
2026-09-01 13:47:55,2.308
2026-09-01 13:47:56,2.428
2026-09-01 13:47:57,2.106
2026-09-01 13:47:58,2.269
2026-09-01 13:47:59,2.351
2026-09-01 13:48:00,2.198
2026-09-01 13:48:01,1.697
2026-09-01 13:48:02,2.435
2026-09-01 13:48:03,2.15
2026-09-01 13:48:04,2.402
2026-09-01 13:48:05,1.649
2026-09-01 13:48:06,2.093
2026-09-01 13:48:07,1.656
2026-09-01 13:48:08,2.284
2026-09-01 13:48:09,1.645
2026-09-01 13:48:10,2.163
2026-09-01 13:48:11,2.053
2026-09-01 13:48:12,1.295
2026-09-01 13:48:13,1.657
2026-09-01 13:48:14,2.115
2026-09-01 13:48:15,2.318
2026-09-01 13:48:16,2.169
2026-09-01 13:48:17,2.245
2026-09-01 13:48:18,2.383
2026-09-01 13:48:19,2.171
2026-09-01 13:48:20,1.823
2026-09-01 13:48:21,2.408
2026-09-01 13:48:22,2.318
2026-09-01 13:48:23,2.304
2026-09-01 13:48:24,1.508
2026-09-01 13:48:25,1.963
2026-09-01 13:48:26,2.03
2026-09-01 13:48:27,2.297
2026-09-01 13:48:28,2.162
2026-09-01 13:48:29,2.002
2026-09-01 13:48:30,2.351
2026-09-01 13:48:31,2.14
2026-09-01 13:48:32,2.369
2026-09-01 13:48:33,2.391
2026-09-01 13:48:34,2.523
2026-09-01 13:48:35,1.73
2026-09-01 13:48:36,2.157
2026-09-01 13:48:37,1.548
2026-09-01 13:48:38,2.608
2026-09-01 13:48:39,1.984
2026-09-01 13:48:40,1.709
2026-09-01 13:48:41,2.369
2026-09-01 13:48:42,1.549
2026-09-01 13:48:43,2.211
2026-09-01 13:48:44,2.232
2026-09-01 13:48:45,1.916
2026-09-01 13:48:46,1.915
2026-09-01 13:48:47,2.016
2026-09-01 13:48:48,1.494
2026-09-01 13:48:49,2.229
2026-09-01 13:48:50,2.248
2026-09-01 13:48:51,2.472
2026-09-01 13:48:52,2.281
2026-09-01 13:48:53,2.016
2026-09-01 13:48:54,2.059
2026-09-01 13:48:55,1.599
2026-09-01 13:48:56,1.644
2026-09-01 13:48:57,2.241
2026-09-01 13:48:58,2.268
2026-09-01 13:48:59,2.438
2026-09-01 13:49:00,1.912
2026-09-01 13:49:01,1.74
2026-09-01 13:49:02,1.891
2026-09-01 13:49:03,2.026
2026-09-01 13:49:04,2.167
2026-09-01 13:49:05,2.18
2026-09-01 13:49:06,2.501
2026-09-01 13:49:07,2.516
2026-09-01 13:49:08,2.042
2026-09-01 13:49:09,1.797
2026-09-01 13:49:10,2.057
2026-09-01 13:49:11,1.95
2026-09-01 13:49:12,2.104
2026-09-01 13:49:13,1.922
2026-09-01 13:49:14,1.886
2026-09-01 13:49:15,1.697
2026-09-01 13:49:16,2.112
2026-09-01 13:49:17,2.168
2026-09-01 13:49:18,2.204
2026-09-01 13:49:19,2.175
2026-09-01 13:49:20,2.541
2026-09-01 13:49:21,2.321
2026-09-01 13:49:22,2.425
2026-09-01 13:49:23,1.797
2026-09-01 13:49:24,2.294
2026-09-01 13:49:25,1.597
2026-09-01 13:49:26,2.063
2026-09-01 13:49:27,2.186
2026-09-01 13:49:28,2.02
2026-09-01 13:49:29,2.142
2026-09-01 13:49:30,1.901
2026-09-01 13:49:31,2.252
2026-09-01 13:49:32,2.55
2026-09-01 13:49:33,2.051
2026-09-01 13:49:34,2.111
2026-09-01 13:49:35,1.657
2026-09-01 13:49:36,2.281
2026-09-01 13:49:37,2.352
2026-09-01 13:49:38,2.277
2026-09-01 13:49:39,1.945
2026-09-01 13:49:40,2.177
2026-09-01 13:49:41,1.923
2026-09-01 13:49:42,2.227
2026-09-01 13:49:43,2.267
2026-09-01 13:49:44,2.234
2026-09-01 13:49:45,2.319
2026-09-01 13:49:46,2.103
2026-09-01 13:49:47,1.712
2026-09-01 13:49:48,2.435
2026-09-01 13:49:49,2.231
2026-09-01 13:49:50,2.127
2026-09-01 13:49:51,2.288
2026-09-01 13:49:52,1.899
2026-09-01 13:49:53,1.591
2026-09-01 13:49:54,2.041
2026-09-01 13:49:55,1.887
2026-09-01 13:49:56,2.626
2026-09-01 13:49:57,2.12
2026-09-01 13:49:58,1.912
2026-09-01 13:49:59,2.376
2026-09-01 13:50:00,2.267
2026-09-01 13:50:01,2.444
2026-09-01 13:50:02,2.447
2026-09-01 13:50:03,1.983
2026-09-01 13:50:04,2.274
2026-09-01 13:50:05,2.356
2026-09-01 13:50:06,2.357
2026-09-01 13:50:07,1.909
2026-09-01 13:50:08,1.941
2026-09-01 13:50:09,2.606
2026-09-01 13:50:10,1.929
2026-09-01 13:50:11,1.676
2026-09-01 13:50:12,2.07
2026-09-01 13:50:13,1.903
2026-09-01 13:50:14,2.214
2026-09-01 13:50:15,2.327
2026-09-01 13:50:16,2.198
2026-09-01 13:50:17,1.979
2026-09-01 13:50:18,2.037
2026-09-01 13:50:19,2.219
2026-09-01 13:50:20,1.685
2026-09-01 13:50:21,2.054
2026-09-01 13:50:22,2.297
2026-09-01 13:50:23,2.252
2026-09-01 13:50:24,2.202
2026-09-01 13:50:25,2.051
2026-09-01 13:50:26,1.982
2026-09-01 13:50:27,1.62
2026-09-01 13:50:28,2.166
2026-09-01 13:50:29,2.247
2026-09-01 13:50:30,2.38
2026-09-01 13:50:31,2.423
2026-09-01 13:50:32,1.918
2026-09-01 13:50:33,2.287
2026-09-01 13:50:34,2.275
2026-09-01 13:50:35,1.994
2026-09-01 13:50:36,2.252
2026-09-01 13:50:37,2.101
2026-09-01 13:50:38,1.601
2026-09-01 13:50:39,2.383
2026-09-01 13:50:40,2.078
2026-09-01 13:50:41,1.949
2026-09-01 13:50:42,1.953
2026-09-01 13:50:43,2.05
2026-09-01 13:50:44,1.988
2026-09-01 13:50:45,1.848
2026-09-01 13:50:46,2.175
2026-09-01 13:50:47,2.497
2026-09-01 13:50:48,2.092
2026-09-01 13:50:49,1.594
2026-09-01 13:50:50,1.715
2026-09-01 13:50:51,1.93
2026-09-01 13:50:52,1.952
2026-09-01 13:50:53,2.397
2026-09-01 13:50:54,1.826
2026-09-01 13:50:55,1.972
2026-09-01 13:50:56,1.774
2026-09-01 13:50:57,1.587
2026-09-01 13:50:58,2.622
2026-09-01 13:50:59,1.89
2026-09-01 13:51:00,1.763
2026-09-01 13:51:01,2.431
2026-09-01 13:51:02,1.693
2026-09-01 13:51:03,2.602
2026-09-01 13:51:04,2.288
2026-09-01 13:51:05,2.039
2026-09-01 13:51:06,2.38
2026-09-01 13:51:07,2.043
2026-09-01 13:51:08,2.466
2026-09-01 13:51:09,1.364
2026-09-01 13:51:10,2.14
2026-09-01 13:51:11,2.21
2026-09-01 13:51:12,1.84
2026-09-01 13:51:13,2.616
2026-09-01 13:51:14,2.089
2026-09-01 13:51:15,2.181
2026-09-01 13:51:16,1.51
2026-09-01 13:51:17,2.229
2026-09-01 13:51:18,2.02
2026-09-01 13:51:19,1.968
2026-09-01 13:51:20,2.103
2026-09-01 13:51:21,1.905
2026-09-01 13:51:22,2.179
2026-09-01 13:51:23,1.92
2026-09-01 13:51:24,1.878
2026-09-01 13:51:25,2.33
2026-09-01 13:51:26,2.051
2026-09-01 13:51:27,2.537
2026-09-01 13:51:28,2.455
2026-09-01 13:51:29,2.615
2026-09-01 13:51:30,2.506
2026-09-01 13:51:31,1.941
2026-09-01 13:51:32,2.049
2026-09-01 13:51:33,2.079
2026-09-01 13:51:34,2.378
2026-09-01 13:51:35,1.94
2026-09-01 13:51:36,1.912
2026-09-01 13:51:37,1.942
2026-09-01 13:51:38,2.663
2026-09-01 13:51:39,2.186
2026-09-01 13:51:40,2.301
2026-09-01 13:51:41,1.882
2026-09-01 13:51:42,1.48
2026-09-01 13:51:43,2.121
2026-09-01 13:51:44,2.566
2026-09-01 13:51:45,1.984
2026-09-01 13:51:46,1.603
2026-09-01 13:51:47,1.986
2026-09-01 13:51:48,2.3
2026-09-01 13:51:49,2.183
2026-09-01 13:51:50,2.25
2026-09-01 13:51:51,2.404
2026-09-01 13:51:52,1.795
2026-09-01 13:51:53,2.327
2026-09-01 13:51:54,2.178
2026-09-01 13:51:55,2.525
2026-09-01 13:51:56,2.02
2026-09-01 13:51:57,1.712
2026-09-01 13:51:58,2.053
2026-09-01 13:51:59,2.279
2026-09-01 13:52:00,2.047
2026-09-01 13:52:01,2.074
2026-09-01 13:52:02,2.542
2026-09-01 13:52:03,2.409
2026-09-01 13:52:04,2.286
2026-09-01 13:52:05,1.963
2026-09-01 13:52:06,2.089
2026-09-01 13:52:07,1.824
2026-09-01 13:52:08,2.194
2026-09-01 13:52:09,2.309
2026-09-01 13:52:10,2.072
2026-09-01 13:52:11,1.991
2026-09-01 13:52:12,2.346
2026-09-01 13:52:13,2.121
2026-09-01 13:52:14,2.401
2026-09-01 13:52:15,1.902
2026-09-01 13:52:16,2.024
2026-09-01 13:52:17,1.814
2026-09-01 13:52:18,2.077
2026-09-01 13:52:19,2.185
2026-09-01 13:52:20,1.937
2026-09-01 13:52:21,2.11
2026-09-01 13:52:22,2.413
2026-09-01 13:52:23,1.937
2026-09-01 13:52:24,1.843
2026-09-01 13:52:25,2.219
2026-09-01 13:52:26,1.975
2026-09-01 13:52:27,2.304
2026-09-01 13:52:28,2.095
2026-09-01 13:52:29,2.114
2026-09-01 13:52:30,1.804
2026-09-01 13:52:31,2.476
2026-09-01 13:52:32,2.01
2026-09-01 13:52:33,2.316
2026-09-01 13:52:34,2.377
2026-09-01 13:52:35,2.115
2026-09-01 13:52:36,1.946
2026-09-01 13:52:37,2.144
2026-09-01 13:52:38,2.024
2026-09-01 13:52:39,1.349
2026-09-01 13:52:40,1.873
2026-09-01 13:52:41,2.377
2026-09-01 13:52:42,1.982
2026-09-01 13:52:43,2.281
2026-09-01 13:52:44,2.14
2026-09-01 13:52:45,2.47
2026-09-01 13:52:46,2.108
2026-09-01 13:52:47,2.313
2026-09-01 13:52:48,2.354
2026-09-01 13:52:49,2.245
2026-09-01 13:52:50,1.772
2026-09-01 13:52:51,2.179
2026-09-01 13:52:52,2.085
2026-09-01 13:52:53,2.319
2026-09-01 13:52:54,2.122
2026-09-01 13:52:55,2.066
2026-09-01 13:52:56,2.068
2026-09-01 13:52:57,2.408
2026-09-01 13:52:58,2.004
2026-09-01 13:52:59,1.932
2026-09-01 13:53:00,2.159
2026-09-01 13:53:01,2.27
2026-09-01 13:53:02,2.124
2026-09-01 13:53:03,2.214
2026-09-01 13:53:04,2.467
2026-09-01 13:53:05,2.132
2026-09-01 13:53:06,2.312
2026-09-01 13:53:07,2.104
2026-09-01 13:53:08,1.759
2026-09-01 13:53:09,2.13
2026-09-01 13:53:10,2.261
2026-09-01 13:53:11,2.186
2026-09-01 13:53:12,2.08
2026-09-01 13:53:13,1.777
2026-09-01 13:53:14,2.526
2026-09-01 13:53:15,1.849
2026-09-01 13:53:16,1.981
2026-09-01 13:53:17,2.066
2026-09-01 13:53:18,2.154
2026-09-01 13:53:19,2.312
2026-09-01 13:53:20,2.028
2026-09-01 13:53:21,2.127
2026-09-01 13:53:22,1.519
2026-09-01 13:53:23,1.657
2026-09-01 13:53:24,2.069
2026-09-01 13:53:25,2.058
2026-09-01 13:53:26,2.48
2026-09-01 13:53:27,2.23
2026-09-01 13:53:28,2.389
2026-09-01 13:53:29,2.32
2026-09-01 13:53:30,1.925
2026-09-01 13:53:31,2.472
2026-09-01 13:53:32,2.272
2026-09-01 13:53:33,2.396
2026-09-01 13:53:34,2.03
2026-09-01 13:53:35,2.328
2026-09-01 13:53:36,1.997
2026-09-01 13:53:37,2.581
2026-09-01 13:53:38,2.382
2026-09-01 13:53:39,1.953
2026-09-01 13:53:40,1.979
2026-09-01 13:53:41,1.91
2026-09-01 13:53:42,2.108
2026-09-01 13:53:43,1.804
2026-09-01 13:53:44,1.999
2026-09-01 13:53:45,1.843
2026-09-01 13:53:46,1.773
2026-09-01 13:53:47,1.708
2026-09-01 13:53:48,2.084
2026-09-01 13:53:49,1.605
2026-09-01 13:53:50,2.175
2026-09-01 13:53:51,2.092
2026-09-01 13:53:52,2.262
2026-09-01 13:53:53,2.21
2026-09-01 13:53:54,2.076
2026-09-01 13:53:55,1.487
2026-09-01 13:53:56,1.791
2026-09-01 13:53:57,1.968
2026-09-01 13:53:58,1.61
2026-09-01 13:53:59,2.281
2026-09-01 13:54:00,2.169
2026-09-01 13:54:01,2.081
2026-09-01 13:54:02,2.308
2026-09-01 13:54:03,2.008
2026-09-01 13:54:04,2.544
2026-09-01 13:54:05,2.383
2026-09-01 13:54:06,1.979
2026-09-01 13:54:07,2.362
2026-09-01 13:54:08,1.581
2026-09-01 13:54:09,2.03
2026-09-01 13:54:10,2.435
2026-09-01 13:54:11,2.076
2026-09-01 13:54:12,2.37
2026-09-01 13:54:13,2.143
2026-09-01 13:54:14,2.37
2026-09-01 13:54:15,2.241
2026-09-01 13:54:16,2.19
2026-09-01 13:54:17,2.611
2026-09-01 13:54:18,2.066
2026-09-01 13:54:19,2.198
2026-09-01 13:54:20,1.98
2026-09-01 13:54:21,1.983
2026-09-01 13:54:22,1.817
2026-09-01 13:54:23,1.702
2026-09-01 13:54:24,2.217
2026-09-01 13:54:25,2.24
2026-09-01 13:54:26,2.503
2026-09-01 13:54:27,1.982
2026-09-01 13:54:28,2.367
2026-09-01 13:54:29,2.351
2026-09-01 13:54:30,2.007
2026-09-01 13:54:31,2.295
2026-09-01 13:54:32,2.111
2026-09-01 13:54:33,2.428
2026-09-01 13:54:34,2.085
2026-09-01 13:54:35,1.604
2026-09-01 13:54:36,2.614
2026-09-01 13:54:37,1.86
2026-09-01 13:54:38,1.644
2026-09-01 13:54:39,2.163
2026-09-01 13:54:40,1.98
2026-09-01 13:54:41,1.929
2026-09-01 13:54:42,2.252
2026-09-01 13:54:43,2.213
2026-09-01 13:54:44,1.839
2026-09-01 13:54:45,1.968
2026-09-01 13:54:46,2.2
2026-09-01 13:54:47,2.205
2026-09-01 13:54:48,2.106
2026-09-01 13:54:49,2.438
2026-09-01 13:54:50,2.056
2026-09-01 13:54:51,2.252
2026-09-01 13:54:52,1.916
2026-09-01 13:54:53,2.349
2026-09-01 13:54:54,2.559
2026-09-01 13:54:55,2.191
2026-09-01 13:54:56,2.487
2026-09-01 13:54:57,2.216
2026-09-01 13:54:58,1.856
2026-09-01 13:54:59,2.174
2026-09-01 13:55:00,1.76
2026-09-01 13:55:01,2.001
2026-09-01 13:55:02,1.844
2026-09-01 13:55:03,2.001
2026-09-01 13:55:04,1.527
2026-09-01 13:55:05,1.825
2026-09-01 13:55:06,2.538
2026-09-01 13:55:07,2.443
2026-09-01 13:55:08,1.964
2026-09-01 13:55:09,2.359
2026-09-01 13:55:10,1.865
2026-09-01 13:55:11,2.518
2026-09-01 13:55:12,1.993
2026-09-01 13:55:13,2.439
2026-09-01 13:55:14,1.757
2026-09-01 13:55:15,1.949
2026-09-01 13:55:16,2.175
2026-09-01 13:55:17,2.052
2026-09-01 13:55:18,2.117
2026-09-01 13:55:19,1.93
2026-09-01 13:55:20,1.925
2026-09-01 13:55:21,1.958
2026-09-01 13:55:22,2.243
2026-09-01 13:55:23,1.853
2026-09-01 13:55:24,1.958
2026-09-01 13:55:25,2.06
2026-09-01 13:55:26,1.994
2026-09-01 13:55:27,2.137
2026-09-01 13:55:28,1.989
2026-09-01 13:55:29,1.823
2026-09-01 13:55:30,1.57
2026-09-01 13:55:31,2.025
2026-09-01 13:55:32,2.398
2026-09-01 13:55:33,2.228
2026-09-01 13:55:34,1.961
2026-09-01 13:55:35,1.795
2026-09-01 13:55:36,1.944
2026-09-01 13:55:37,2.219
2026-09-01 13:55:38,2.102
2026-09-01 13:55:39,1.949
2026-09-01 13:55:40,1.837
2026-09-01 13:55:41,1.754
2026-09-01 13:55:42,1.849
2026-09-01 13:55:43,2.053
2026-09-01 13:55:44,2.285
2026-09-01 13:55:45,2.353
2026-09-01 13:55:46,2.239
2026-09-01 13:55:47,2.086
2026-09-01 13:55:48,2.484
2026-09-01 13:55:49,1.995
2026-09-01 13:55:50,2.525
2026-09-01 13:55:51,1.903
2026-09-01 13:55:52,2.446
2026-09-01 13:55:53,1.613
2026-09-01 13:55:54,2.258
2026-09-01 13:55:55,1.756
2026-09-01 13:55:56,2.449
2026-09-01 13:55:57,1.975
2026-09-01 13:55:58,2.108
2026-09-01 13:55:59,1.871
2026-09-01 13:56:00,2.276
2026-09-01 13:56:01,2.227
2026-09-01 13:56:02,1.693
2026-09-01 13:56:03,2.032
2026-09-01 13:56:04,2.207
2026-09-01 13:56:05,2.23
2026-09-01 13:56:06,2.039
2026-09-01 13:56:07,2.364
2026-09-01 13:56:08,2.076
2026-09-01 13:56:09,2.312
2026-09-01 13:56:10,2.114
2026-09-01 13:56:11,1.846
2026-09-01 13:56:12,1.876
2026-09-01 13:56:13,1.954
2026-09-01 13:56:14,2.45
2026-09-01 13:56:15,2.25
2026-09-01 13:56:16,2.243
2026-09-01 13:56:17,2.443
2026-09-01 13:56:18,1.838
2026-09-01 13:56:19,2.438
2026-09-01 13:56:20,2.052
2026-09-01 13:56:21,1.904
2026-09-01 13:56:22,2.611
2026-09-01 13:56:23,2.311
2026-09-01 13:56:24,2.247
2026-09-01 13:56:25,2.059
2026-09-01 13:56:26,1.726
2026-09-01 13:56:27,2.41
2026-09-01 13:56:28,2.565
2026-09-01 13:56:29,1.378
2026-09-01 13:56:30,2.369
2026-09-01 13:56:31,2.282
2026-09-01 13:56:32,1.882
2026-09-01 13:56:33,2.277
2026-09-01 13:56:34,2.295
2026-09-01 13:56:35,2.106
2026-09-01 13:56:36,1.867
2026-09-01 13:56:37,1.807
2026-09-01 13:56:38,1.63
2026-09-01 13:56:39,1.849
2026-09-01 13:56:40,2.048
2026-09-01 13:56:41,2.054
2026-09-01 13:56:42,2.006
2026-09-01 13:56:43,2.458
2026-09-01 13:56:44,2.17
2026-09-01 13:56:45,1.86
2026-09-01 13:56:46,1.917
2026-09-01 13:56:47,1.709
2026-09-01 13:56:48,1.887
2026-09-01 13:56:49,1.682
2026-09-01 13:56:50,1.998
2026-09-01 13:56:51,1.777
2026-09-01 13:56:52,2.262
2026-09-01 13:56:53,2.272
2026-09-01 13:56:54,2.151
2026-09-01 13:56:55,1.755
2026-09-01 13:56:56,2.101
2026-09-01 13:56:57,1.8
2026-09-01 13:56:58,1.742
2026-09-01 13:56:59,1.999
2026-09-01 13:57:00,2.0
2026-09-01 13:57:01,2.291
2026-09-01 13:57:02,2.173
2026-09-01 13:57:03,1.896
2026-09-01 13:57:04,2.468
2026-09-01 13:57:05,2.016
2026-09-01 13:57:06,1.879
2026-09-01 13:57:07,2.094
2026-09-01 13:57:08,1.97
2026-09-01 13:57:09,1.815
2026-09-01 13:57:10,2.292
2026-09-01 13:57:11,2.107
2026-09-01 13:57:12,2.189
2026-09-01 13:57:13,2.115
2026-09-01 13:57:14,2.186
2026-09-01 13:57:15,2.105
2026-09-01 13:57:16,1.99
2026-09-01 13:57:17,2.122
2026-09-01 13:57:18,1.986
2026-09-01 13:57:19,2.531
2026-09-01 13:57:20,2.083
2026-09-01 13:57:21,1.775
2026-09-01 13:57:22,1.841
2026-09-01 13:57:23,2.418
2026-09-01 13:57:24,2.301
2026-09-01 13:57:25,2.103
2026-09-01 13:57:26,1.965
2026-09-01 13:57:27,2.402
2026-09-01 13:57:28,2.025
2026-09-01 13:57:29,2.038
2026-09-01 13:57:30,2.395
2026-09-01 13:57:31,2.365
2026-09-01 13:57:32,2.216
2026-09-01 13:57:33,1.986
2026-09-01 13:57:34,1.984
2026-09-01 13:57:35,1.506
2026-09-01 13:57:36,1.961
2026-09-01 13:57:37,2.487
2026-09-01 13:57:38,2.337
2026-09-01 13:57:39,2.286
2026-09-01 13:57:40,2.134
2026-09-01 13:57:41,1.861
2026-09-01 13:57:42,2.16
2026-09-01 13:57:43,1.93
2026-09-01 13:57:44,1.868
2026-09-01 13:57:45,1.974
2026-09-01 13:57:46,2.362
2026-09-01 13:57:47,2.119
2026-09-01 13:57:48,2.546
2026-09-01 13:57:49,1.802
2026-09-01 13:57:50,2.117
2026-09-01 13:57:51,2.263
2026-09-01 13:57:52,1.676
2026-09-01 13:57:53,1.608
2026-09-01 13:57:54,1.767
2026-09-01 13:57:55,1.726
2026-09-01 13:57:56,2.043
2026-09-01 13:57:57,1.933
2026-09-01 13:57:58,1.729
2026-09-01 13:57:59,1.832
2026-09-01 13:58:00,2.318
2026-09-01 13:58:01,2.227
2026-09-01 13:58:02,1.956
2026-09-01 13:58:03,2.304
2026-09-01 13:58:04,2.195
2026-09-01 13:58:05,2.125
2026-09-01 13:58:06,1.994
2026-09-01 13:58:07,1.98
2026-09-01 13:58:08,2.388
2026-09-01 13:58:09,1.492
2026-09-01 13:58:10,2.181
2026-09-01 13:58:11,2.077
2026-09-01 13:58:12,2.093
2026-09-01 13:58:13,2.471
2026-09-01 13:58:14,2.224
2026-09-01 13:58:15,2.268
2026-09-01 13:58:16,2.198
2026-09-01 13:58:17,2.529
2026-09-01 13:58:18,2.459
2026-09-01 13:58:19,2.437
2026-09-01 13:58:20,2.245
2026-09-01 13:58:21,2.091
2026-09-01 13:58:22,1.989
2026-09-01 13:58:23,2.143
2026-09-01 13:58:24,2.549
2026-09-01 13:58:25,2.16
2026-09-01 13:58:26,1.898
2026-09-01 13:58:27,1.755
2026-09-01 13:58:28,2.399
2026-09-01 13:58:29,2.141
2026-09-01 13:58:30,2.655
2026-09-01 13:58:31,2.263
2026-09-01 13:58:32,1.643
2026-09-01 13:58:33,2.181
2026-09-01 13:58:34,2.111
2026-09-01 13:58:35,2.237
2026-09-01 13:58:36,2.077
2026-09-01 13:58:37,2.26
2026-09-01 13:58:38,2.014
2026-09-01 13:58:39,1.99
2026-09-01 13:58:40,1.652
2026-09-01 13:58:41,1.766
2026-09-01 13:58:42,2.213
2026-09-01 13:58:43,2.106
2026-09-01 13:58:44,2.007
2026-09-01 13:58:45,2.24
2026-09-01 13:58:46,1.918
2026-09-01 13:58:47,2.09
2026-09-01 13:58:48,2.078
2026-09-01 13:58:49,2.424
2026-09-01 13:58:50,2.244
2026-09-01 13:58:51,2.313
2026-09-01 13:58:52,2.307
2026-09-01 13:58:53,1.965
2026-09-01 13:58:54,2.054
2026-09-01 13:58:55,2.386
2026-09-01 13:58:56,1.964
2026-09-01 13:58:57,2.256
2026-09-01 13:58:58,1.974
2026-09-01 13:58:59,2.549
2026-09-01 13:59:00,2.089
2026-09-01 13:59:01,2.211
2026-09-01 13:59:02,2.063
2026-09-01 13:59:03,1.976
2026-09-01 13:59:04,2.281
2026-09-01 13:59:05,2.142
2026-09-01 13:59:06,2.231
2026-09-01 13:59:07,2.435
2026-09-01 13:59:08,2.147
2026-09-01 13:59:09,2.398
2026-09-01 13:59:10,1.989
2026-09-01 13:59:11,1.688
2026-09-01 13:59:12,2.11
2026-09-01 13:59:13,2.388
2026-09-01 13:59:14,1.673
2026-09-01 13:59:15,2.071
2026-09-01 13:59:16,2.054
2026-09-01 13:59:17,2.611
2026-09-01 13:59:18,2.495
2026-09-01 13:59:19,2.341
2026-09-01 13:59:20,2.366
2026-09-01 13:59:21,1.788
2026-09-01 13:59:22,2.136
2026-09-01 13:59:23,2.217
2026-09-01 13:59:24,2.138
2026-09-01 13:59:25,1.769
2026-09-01 13:59:26,1.82
2026-09-01 13:59:27,1.845
2026-09-01 13:59:28,2.378
2026-09-01 13:59:29,2.006
2026-09-01 13:59:30,1.932
2026-09-01 13:59:31,2.097
2026-09-01 13:59:32,2.27
2026-09-01 13:59:33,1.527
2026-09-01 13:59:34,2.268
2026-09-01 13:59:35,1.844
2026-09-01 13:59:36,2.26
2026-09-01 13:59:37,2.007
2026-09-01 13:59:38,2.035
2026-09-01 13:59:39,1.96
2026-09-01 13:59:40,2.236
2026-09-01 13:59:41,1.535
2026-09-01 13:59:42,2.865
2026-09-01 13:59:43,2.273
2026-09-01 13:59:44,2.031
2026-09-01 13:59:45,2.06
2026-09-01 13:59:46,2.214
2026-09-01 13:59:47,2.14
2026-09-01 13:59:48,2.316
2026-09-01 13:59:49,2.088
2026-09-01 13:59:50,2.444
2026-09-01 13:59:51,2.06
2026-09-01 13:59:52,2.27
2026-09-01 13:59:53,2.641
2026-09-01 13:59:54,1.978
2026-09-01 13:59:55,2.425
2026-09-01 13:59:56,2.243
2026-09-01 13:59:57,2.043
2026-09-01 13:59:58,1.905
2026-09-01 13:59:59,2.639
2026-09-01 14:00:00,1.828
2026-09-01 14:00:01,1.591
2026-09-01 14:00:02,2.231
2026-09-01 14:00:03,2.091
2026-09-01 14:00:04,1.506
2026-09-01 14:00:05,2.367
2026-09-01 14:00:06,1.936
2026-09-01 14:00:07,2.153
2026-09-01 14:00:08,2.207
2026-09-01 14:00:09,1.871
2026-09-01 14:00:10,2.275
2026-09-01 14:00:11,2.456
2026-09-01 14:00:12,2.248
2026-09-01 14:00:13,2.372
2026-09-01 14:00:14,2.19
2026-09-01 14:00:15,2.211
2026-09-01 14:00:16,2.555
2026-09-01 14:00:17,1.779
2026-09-01 14:00:18,2.156
2026-09-01 14:00:19,2.3
2026-09-01 14:00:20,2.023
2026-09-01 14:00:21,2.033
2026-09-01 14:00:22,2.049
2026-09-01 14:00:23,1.911
2026-09-01 14:00:24,2.354
2026-09-01 14:00:25,2.325
2026-09-01 14:00:26,1.676
2026-09-01 14:00:27,1.967
2026-09-01 14:00:28,1.606
2026-09-01 14:00:29,1.792
2026-09-01 14:00:30,2.489
2026-09-01 14:00:31,2.222
2026-09-01 14:00:32,2.183
2026-09-01 14:00:33,2.03
2026-09-01 14:00:34,2.153
2026-09-01 14:00:35,2.358
2026-09-01 14:00:36,2.22
2026-09-01 14:00:37,1.641
2026-09-01 14:00:38,2.051
2026-09-01 14:00:39,2.179
2026-09-01 14:00:40,2.071
2026-09-01 14:00:41,2.485
2026-09-01 14:00:42,2.176
2026-09-01 14:00:43,1.494
2026-09-01 14:00:44,2.206
2026-09-01 14:00:45,1.681
2026-09-01 14:00:46,2.638
2026-09-01 14:00:47,1.939
2026-09-01 14:00:48,1.931
2026-09-01 14:00:49,2.211
2026-09-01 14:00:50,1.86
2026-09-01 14:00:51,2.207
2026-09-01 14:00:52,1.897
2026-09-01 14:00:53,2.167
2026-09-01 14:00:54,2.171
2026-09-01 14:00:55,1.812
2026-09-01 14:00:56,2.385
2026-09-01 14:00:57,2.125
2026-09-01 14:00:58,1.884
2026-09-01 14:00:59,2.038
2026-09-01 14:01:00,2.281
2026-09-01 14:01:01,2.044
2026-09-01 14:01:02,1.974
2026-09-01 14:01:03,2.27
2026-09-01 14:01:04,2.009
2026-09-01 14:01:05,1.728
2026-09-01 14:01:06,2.095
2026-09-01 14:01:07,1.768
2026-09-01 14:01:08,2.573
2026-09-01 14:01:09,1.922
2026-09-01 14:01:10,1.842
2026-09-01 14:01:11,1.985
2026-09-01 14:01:12,2.083
2026-09-01 14:01:13,2.155
2026-09-01 14:01:14,1.844
2026-09-01 14:01:15,2.377
2026-09-01 14:01:16,1.859
2026-09-01 14:01:17,2.186
2026-09-01 14:01:18,2.51
2026-09-01 14:01:19,1.884
2026-09-01 14:01:20,2.419
2026-09-01 14:01:21,1.756
2026-09-01 14:01:22,1.725
2026-09-01 14:01:23,1.93
2026-09-01 14:01:24,2.356
2026-09-01 14:01:25,2.139
2026-09-01 14:01:26,1.582
2026-09-01 14:01:27,1.881
2026-09-01 14:01:28,1.805
2026-09-01 14:01:29,2.559
2026-09-01 14:01:30,2.107
2026-09-01 14:01:31,2.155
2026-09-01 14:01:32,2.174
2026-09-01 14:01:33,2.029
2026-09-01 14:01:34,1.826
2026-09-01 14:01:35,2.06
2026-09-01 14:01:36,2.042
2026-09-01 14:01:37,2.013
2026-09-01 14:01:38,2.371
2026-09-01 14:01:39,2.49
2026-09-01 14:01:40,2.014
2026-09-01 14:01:41,1.887
2026-09-01 14:01:42,2.091
2026-09-01 14:01:43,2.284
2026-09-01 14:01:44,2.239
2026-09-01 14:01:45,2.364
2026-09-01 14:01:46,2.008
2026-09-01 14:01:47,2.491
2026-09-01 14:01:48,2.149
2026-09-01 14:01:49,2.122
2026-09-01 14:01:50,2.14
2026-09-01 14:01:51,2.192
2026-09-01 14:01:52,2.245
2026-09-01 14:01:53,1.825
2026-09-01 14:01:54,1.882
2026-09-01 14:01:55,1.907
2026-09-01 14:01:56,2.36
2026-09-01 14:01:57,2.118
2026-09-01 14:01:58,2.19
2026-09-01 14:01:59,2.322
2026-09-01 14:02:00,2.29
2026-09-01 14:02:01,1.93
2026-09-01 14:02:02,2.293
2026-09-01 14:02:03,1.746
2026-09-01 14:02:04,2.127
2026-09-01 14:02:05,1.767
2026-09-01 14:02:06,2.036
2026-09-01 14:02:07,1.849
2026-09-01 14:02:08,2.258
2026-09-01 14:02:09,1.823
2026-09-01 14:02:10,1.896
2026-09-01 14:02:11,2.006
2026-09-01 14:02:12,2.047
2026-09-01 14:02:13,2.255
2026-09-01 14:02:14,2.417
2026-09-01 14:02:15,1.956
2026-09-01 14:02:16,2.031
2026-09-01 14:02:17,1.78
2026-09-01 14:02:18,1.741
2026-09-01 14:02:19,2.111
2026-09-01 14:02:20,1.961
2026-09-01 14:02:21,1.767
2026-09-01 14:02:22,1.614
2026-09-01 14:02:23,2.135
2026-09-01 14:02:24,1.929
2026-09-01 14:02:25,1.758
2026-09-01 14:02:26,2.116
2026-09-01 14:02:27,2.541
2026-09-01 14:02:28,2.016
2026-09-01 14:02:29,2.295
2026-09-01 14:02:30,2.178
2026-09-01 14:02:31,1.998
2026-09-01 14:02:32,2.046
2026-09-01 14:02:33,1.421
2026-09-01 14:02:34,2.134
2026-09-01 14:02:35,1.677
2026-09-01 14:02:36,2.009
2026-09-01 14:02:37,1.884
2026-09-01 14:02:38,2.022
2026-09-01 14:02:39,2.034
2026-09-01 14:02:40,2.041
2026-09-01 14:02:41,1.712
2026-09-01 14:02:42,2.178
2026-09-01 14:02:43,1.997
2026-09-01 14:02:44,2.183
2026-09-01 14:02:45,2.2
2026-09-01 14:02:46,2.1
2026-09-01 14:02:47,2.122
2026-09-01 14:02:48,2.112
2026-09-01 14:02:49,1.982
2026-09-01 14:02:50,1.825
2026-09-01 14:02:51,2.154
2026-09-01 14:02:52,1.865
2026-09-01 14:02:53,2.318
2026-09-01 14:02:54,2.317
2026-09-01 14:02:55,2.393
2026-09-01 14:02:56,2.266
2026-09-01 14:02:57,1.866
2026-09-01 14:02:58,1.921
2026-09-01 14:02:59,1.796
2026-09-01 14:03:00,1.95
2026-09-01 14:03:01,1.9
2026-09-01 14:03:02,2.371
2026-09-01 14:03:03,2.134
2026-09-01 14:03:04,1.859
2026-09-01 14:03:05,2.126
2026-09-01 14:03:06,2.088
2026-09-01 14:03:07,2.148
2026-09-01 14:03:08,2.441
2026-09-01 14:03:09,2.443
2026-09-01 14:03:10,1.965
2026-09-01 14:03:11,2.02
2026-09-01 14:03:12,1.89
2026-09-01 14:03:13,2.579
2026-09-01 14:03:14,1.862
2026-09-01 14:03:15,1.671
2026-09-01 14:03:16,2.102
2026-09-01 14:03:17,1.678
2026-09-01 14:03:18,2.139
2026-09-01 14:03:19,1.807
2026-09-01 14:03:20,1.995
2026-09-01 14:03:21,1.801
2026-09-01 14:03:22,1.568
2026-09-01 14:03:23,2.448
2026-09-01 14:03:24,1.85
2026-09-01 14:03:25,1.932
2026-09-01 14:03:26,2.035
2026-09-01 14:03:27,1.837
2026-09-01 14:03:28,1.556
2026-09-01 14:03:29,2.293
2026-09-01 14:03:30,2.657
2026-09-01 14:03:31,2.227
2026-09-01 14:03:32,1.861
2026-09-01 14:03:33,2.348
2026-09-01 14:03:34,2.65
2026-09-01 14:03:35,2.456
2026-09-01 14:03:36,1.885
2026-09-01 14:03:37,2.271
2026-09-01 14:03:38,2.004
2026-09-01 14:03:39,1.958
2026-09-01 14:03:40,2.612
2026-09-01 14:03:41,2.14
2026-09-01 14:03:42,2.466
2026-09-01 14:03:43,1.791
2026-09-01 14:03:44,2.4
2026-09-01 14:03:45,2.304
2026-09-01 14:03:46,2.016
2026-09-01 14:03:47,2.596
2026-09-01 14:03:48,2.369
2026-09-01 14:03:49,2.253
2026-09-01 14:03:50,2.197
2026-09-01 14:03:51,1.714
2026-09-01 14:03:52,1.91
2026-09-01 14:03:53,2.139
2026-09-01 14:03:54,1.852
2026-09-01 14:03:55,1.952
2026-09-01 14:03:56,1.922
2026-09-01 14:03:57,1.918
2026-09-01 14:03:58,2.2
2026-09-01 14:03:59,2.208
2026-09-01 14:04:00,1.938
2026-09-01 14:04:01,2.118
2026-09-01 14:04:02,1.788
2026-09-01 14:04:03,1.922
2026-09-01 14:04:04,2.066
2026-09-01 14:04:05,1.525
2026-09-01 14:04:06,1.636
2026-09-01 14:04:07,1.56
2026-09-01 14:04:08,1.999
2026-09-01 14:04:09,2.023
2026-09-01 14:04:10,1.765
2026-09-01 14:04:11,2.442
2026-09-01 14:04:12,2.245
2026-09-01 14:04:13,2.216
2026-09-01 14:04:14,1.862
2026-09-01 14:04:15,1.686
2026-09-01 14:04:16,1.814
2026-09-01 14:04:17,2.828
2026-09-01 14:04:18,2.385
2026-09-01 14:04:19,2.08
2026-09-01 14:04:20,2.402
2026-09-01 14:04:21,2.226
2026-09-01 14:04:22,2.34
2026-09-01 14:04:23,2.369
2026-09-01 14:04:24,2.294
2026-09-01 14:04:25,1.841
2026-09-01 14:04:26,2.319
2026-09-01 14:04:27,2.266
2026-09-01 14:04:28,1.87
2026-09-01 14:04:29,2.329
2026-09-01 14:04:30,2.105
2026-09-01 14:04:31,1.798
2026-09-01 14:04:32,2.339
2026-09-01 14:04:33,2.206
2026-09-01 14:04:34,2.524
2026-09-01 14:04:35,1.622
2026-09-01 14:04:36,2.026
2026-09-01 14:04:37,2.115
2026-09-01 14:04:38,1.975
2026-09-01 14:04:39,2.517
2026-09-01 14:04:40,2.018
2026-09-01 14:04:41,1.354
2026-09-01 14:04:42,2.439
2026-09-01 14:04:43,2.107
2026-09-01 14:04:44,2.437
2026-09-01 14:04:45,1.987
2026-09-01 14:04:46,2.175
2026-09-01 14:04:47,1.678
2026-09-01 14:04:48,1.822
2026-09-01 14:04:49,2.068
2026-09-01 14:04:50,1.838
2026-09-01 14:04:51,1.739
2026-09-01 14:04:52,1.616
2026-09-01 14:04:53,1.709
2026-09-01 14:04:54,2.08
2026-09-01 14:04:55,2.066
2026-09-01 14:04:56,1.874
2026-09-01 14:04:57,1.342
2026-09-01 14:04:58,2.306
2026-09-01 14:04:59,2.165
2026-09-01 14:05:00,1.705
2026-09-01 14:05:01,1.934
2026-09-01 14:05:02,2.127
2026-09-01 14:05:03,1.802
2026-09-01 14:05:04,2.021
2026-09-01 14:05:05,1.839
2026-09-01 14:05:06,1.845
2026-09-01 14:05:07,2.009
2026-09-01 14:05:08,2.262
2026-09-01 14:05:09,1.982
2026-09-01 14:05:10,2.216
2026-09-01 14:05:11,2.409
2026-09-01 14:05:12,1.861
2026-09-01 14:05:13,1.711
2026-09-01 14:05:14,2.035
2026-09-01 14:05:15,2.159
2026-09-01 14:05:16,2.356
2026-09-01 14:05:17,2.355
2026-09-01 14:05:18,2.115
2026-09-01 14:05:19,2.402
2026-09-01 14:05:20,2.549
2026-09-01 14:05:21,1.859
2026-09-01 14:05:22,2.045
2026-09-01 14:05:23,2.055
2026-09-01 14:05:24,2.217
2026-09-01 14:05:25,2.211
2026-09-01 14:05:26,2.189
2026-09-01 14:05:27,2.591
2026-09-01 14:05:28,2.212
2026-09-01 14:05:29,2.226
2026-09-01 14:05:30,2.148
2026-09-01 14:05:31,2.273
2026-09-01 14:05:32,1.931
2026-09-01 14:05:33,2.138
2026-09-01 14:05:34,1.97
2026-09-01 14:05:35,2.028
2026-09-01 14:05:36,2.311
2026-09-01 14:05:37,2.757
2026-09-01 14:05:38,2.443
2026-09-01 14:05:39,1.823
2026-09-01 14:05:40,1.848
2026-09-01 14:05:41,2.019
2026-09-01 14:05:42,1.803
2026-09-01 14:05:43,2.338
2026-09-01 14:05:44,2.311
2026-09-01 14:05:45,2.075
2026-09-01 14:05:46,1.875
2026-09-01 14:05:47,2.237
2026-09-01 14:05:48,1.49
2026-09-01 14:05:49,1.934
2026-09-01 14:05:50,2.38
2026-09-01 14:05:51,1.882
2026-09-01 14:05:52,1.868
2026-09-01 14:05:53,2.325
2026-09-01 14:05:54,1.903
2026-09-01 14:05:55,1.917
2026-09-01 14:05:56,2.303
2026-09-01 14:05:57,2.025
2026-09-01 14:05:58,2.125
2026-09-01 14:05:59,2.485
2026-09-01 14:06:00,2.156
2026-09-01 14:06:01,1.834
2026-09-01 14:06:02,2.26
2026-09-01 14:06:03,1.969
2026-09-01 14:06:04,1.964
2026-09-01 14:06:05,2.052
2026-09-01 14:06:06,1.771
2026-09-01 14:06:07,2.146
2026-09-01 14:06:08,2.599
2026-09-01 14:06:09,2.125
2026-09-01 14:06:10,2.448
2026-09-01 14:06:11,2.162
2026-09-01 14:06:12,2.347
2026-09-01 14:06:13,1.943
2026-09-01 14:06:14,1.894
2026-09-01 14:06:15,2.443
2026-09-01 14:06:16,2.031
2026-09-01 14:06:17,2.15
2026-09-01 14:06:18,2.017
2026-09-01 14:06:19,2.052
2026-09-01 14:06:20,2.201
2026-09-01 14:06:21,2.165
2026-09-01 14:06:22,1.995
2026-09-01 14:06:23,2.187
2026-09-01 14:06:24,2.092
2026-09-01 14:06:25,2.324
2026-09-01 14:06:26,2.305
2026-09-01 14:06:27,2.199
2026-09-01 14:06:28,2.258
2026-09-01 14:06:29,1.829
2026-09-01 14:06:30,2.168
2026-09-01 14:06:31,2.247
2026-09-01 14:06:32,2.26
2026-09-01 14:06:33,1.681
2026-09-01 14:06:34,2.288
2026-09-01 14:06:35,1.974
2026-09-01 14:06:36,1.844
2026-09-01 14:06:37,2.273
2026-09-01 14:06:38,2.214
2026-09-01 14:06:39,1.573
2026-09-01 14:06:40,2.22
2026-09-01 14:06:41,2.149
2026-09-01 14:06:42,1.844
2026-09-01 14:06:43,1.491
2026-09-01 14:06:44,1.474
2026-09-01 14:06:45,2.213
2026-09-01 14:06:46,2.135
2026-09-01 14:06:47,2.088
2026-09-01 14:06:48,2.216
2026-09-01 14:06:49,2.095
2026-09-01 14:06:50,1.909
2026-09-01 14:06:51,2.022
2026-09-01 14:06:52,2.244
2026-09-01 14:06:53,2.355
2026-09-01 14:06:54,2.009
2026-09-01 14:06:55,2.326
2026-09-01 14:06:56,2.437
2026-09-01 14:06:57,2.645
2026-09-01 14:06:58,2.045
2026-09-01 14:06:59,2.0
2026-09-01 14:07:00,2.355
2026-09-01 14:07:01,2.069
2026-09-01 14:07:02,2.159
2026-09-01 14:07:03,2.033
2026-09-01 14:07:04,2.322
2026-09-01 14:07:05,1.619
2026-09-01 14:07:06,2.671
2026-09-01 14:07:07,2.258
2026-09-01 14:07:08,2.391
2026-09-01 14:07:09,2.039
2026-09-01 14:07:10,1.853
2026-09-01 14:07:11,2.473
2026-09-01 14:07:12,2.202
2026-09-01 14:07:13,2.198
2026-09-01 14:07:14,1.985
2026-09-01 14:07:15,1.538
2026-09-01 14:07:16,1.912
2026-09-01 14:07:17,2.278
2026-09-01 14:07:18,2.152
2026-09-01 14:07:19,2.355
2026-09-01 14:07:20,2.163
2026-09-01 14:07:21,2.304
2026-09-01 14:07:22,2.275
2026-09-01 14:07:23,2.49
2026-09-01 14:07:24,2.201
2026-09-01 14:07:25,2.405
2026-09-01 14:07:26,1.663
2026-09-01 14:07:27,2.321
2026-09-01 14:07:28,2.045
2026-09-01 14:07:29,2.145
2026-09-01 14:07:30,1.857
2026-09-01 14:07:31,2.155
2026-09-01 14:07:32,2.188
2026-09-01 14:07:33,2.308
2026-09-01 14:07:34,1.77
2026-09-01 14:07:35,2.151
2026-09-01 14:07:36,1.775
2026-09-01 14:07:37,2.139
2026-09-01 14:07:38,2.009
2026-09-01 14:07:39,2.302
2026-09-01 14:07:40,1.765
2026-09-01 14:07:41,2.309
2026-09-01 14:07:42,1.802
2026-09-01 14:07:43,2.374
2026-09-01 14:07:44,1.839
2026-09-01 14:07:45,1.592
2026-09-01 14:07:46,1.995
2026-09-01 14:07:47,2.036
2026-09-01 14:07:48,1.929
2026-09-01 14:07:49,2.249
2026-09-01 14:07:50,2.27
2026-09-01 14:07:51,2.237
2026-09-01 14:07:52,2.154
2026-09-01 14:07:53,1.785
2026-09-01 14:07:54,2.011
2026-09-01 14:07:55,2.047
2026-09-01 14:07:56,1.927
2026-09-01 14:07:57,2.096
2026-09-01 14:07:58,2.159
2026-09-01 14:07:59,1.47
2026-09-01 14:08:00,1.982
2026-09-01 14:08:01,2.181
2026-09-01 14:08:02,2.274
2026-09-01 14:08:03,1.722
2026-09-01 14:08:04,1.733
2026-09-01 14:08:05,1.914
2026-09-01 14:08:06,2.115
2026-09-01 14:08:07,1.884
2026-09-01 14:08:08,2.187
2026-09-01 14:08:09,1.899
2026-09-01 14:08:10,2.194
2026-09-01 14:08:11,2.191
2026-09-01 14:08:12,2.194
2026-09-01 14:08:13,2.451
2026-09-01 14:08:14,2.424
2026-09-01 14:08:15,1.935
2026-09-01 14:08:16,2.031
2026-09-01 14:08:17,2.185
2026-09-01 14:08:18,2.257
2026-09-01 14:08:19,2.132
2026-09-01 14:08:20,2.396
2026-09-01 14:08:21,2.065
2026-09-01 14:08:22,1.952
2026-09-01 14:08:23,2.346
2026-09-01 14:08:24,2.458
2026-09-01 14:08:25,1.717
2026-09-01 14:08:26,2.276
2026-09-01 14:08:27,2.324
2026-09-01 14:08:28,2.152
2026-09-01 14:08:29,2.146
2026-09-01 14:08:30,2.668
2026-09-01 14:08:31,2.214
2026-09-01 14:08:32,2.398
2026-09-01 14:08:33,2.334
2026-09-01 14:08:34,2.156
2026-09-01 14:08:35,1.902
2026-09-01 14:08:36,2.153
2026-09-01 14:08:37,1.836
2026-09-01 14:08:38,2.14
2026-09-01 14:08:39,1.97
2026-09-01 14:08:40,1.728
2026-09-01 14:08:41,2.047
2026-09-01 14:08:42,2.508
2026-09-01 14:08:43,2.348
2026-09-01 14:08:44,2.446
2026-09-01 14:08:45,2.267
2026-09-01 14:08:46,2.164
2026-09-01 14:08:47,2.295
2026-09-01 14:08:48,2.492
2026-09-01 14:08:49,2.4
2026-09-01 14:08:50,1.723
2026-09-01 14:08:51,2.063
2026-09-01 14:08:52,1.938
2026-09-01 14:08:53,2.258
2026-09-01 14:08:54,2.228
2026-09-01 14:08:55,2.494
2026-09-01 14:08:56,2.095
2026-09-01 14:08:57,2.054
2026-09-01 14:08:58,1.914
2026-09-01 14:08:59,2.225
2026-09-01 14:09:00,1.8
2026-09-01 14:09:01,1.894
2026-09-01 14:09:02,2.086
2026-09-01 14:09:03,2.122
2026-09-01 14:09:04,2.147
2026-09-01 14:09:05,1.921
2026-09-01 14:09:06,2.218
2026-09-01 14:09:07,1.73
2026-09-01 14:09:08,2.367
2026-09-01 14:09:09,2.185
2026-09-01 14:09:10,1.743
2026-09-01 14:09:11,2.763
2026-09-01 14:09:12,2.236
2026-09-01 14:09:13,1.885
2026-09-01 14:09:14,1.767
2026-09-01 14:09:15,1.596
2026-09-01 14:09:16,1.96
2026-09-01 14:09:17,2.485
2026-09-01 14:09:18,2.162
2026-09-01 14:09:19,1.975
2026-09-01 14:09:20,2.324
2026-09-01 14:09:21,2.247
2026-09-01 14:09:22,1.976
2026-09-01 14:09:23,1.796
2026-09-01 14:09:24,2.146
2026-09-01 14:09:25,2.583
2026-09-01 14:09:26,2.264
2026-09-01 14:09:27,2.365
2026-09-01 14:09:28,1.834
2026-09-01 14:09:29,2.302
2026-09-01 14:09:30,2.039
2026-09-01 14:09:31,2.193
2026-09-01 14:09:32,2.007
2026-09-01 14:09:33,2.069
2026-09-01 14:09:34,2.332
2026-09-01 14:09:35,1.852
2026-09-01 14:09:36,1.835
2026-09-01 14:09:37,1.836
2026-09-01 14:09:38,2.033
2026-09-01 14:09:39,2.257
2026-09-01 14:09:40,2.264
2026-09-01 14:09:41,1.779
2026-09-01 14:09:42,2.404
2026-09-01 14:09:43,2.123
2026-09-01 14:09:44,2.23
2026-09-01 14:09:45,2.246
2026-09-01 14:09:46,2.218
2026-09-01 14:09:47,1.993
2026-09-01 14:09:48,2.544
2026-09-01 14:09:49,1.87
2026-09-01 14:09:50,1.715
2026-09-01 14:09:51,2.152
2026-09-01 14:09:52,2.197
2026-09-01 14:09:53,2.069
2026-09-01 14:09:54,2.018
2026-09-01 14:09:55,2.431
2026-09-01 14:09:56,2.468
2026-09-01 14:09:57,2.256
2026-09-01 14:09:58,1.755
2026-09-01 14:09:59,2.099
2026-09-01 14:10:00,1.948
2026-09-01 14:10:01,2.477
2026-09-01 14:10:02,1.683
2026-09-01 14:10:03,2.073
2026-09-01 14:10:04,2.455
2026-09-01 14:10:05,1.98
2026-09-01 14:10:06,2.511
2026-09-01 14:10:07,1.594
2026-09-01 14:10:08,1.687
2026-09-01 14:10:09,2.311
2026-09-01 14:10:10,1.994
2026-09-01 14:10:11,2.247
2026-09-01 14:10:12,2.459
2026-09-01 14:10:13,2.333
2026-09-01 14:10:14,2.307
2026-09-01 14:10:15,2.498
2026-09-01 14:10:16,2.47
2026-09-01 14:10:17,1.629
2026-09-01 14:10:18,2.051
2026-09-01 14:10:19,2.166
2026-09-01 14:10:20,2.046
2026-09-01 14:10:21,1.922
2026-09-01 14:10:22,2.407
2026-09-01 14:10:23,2.059
2026-09-01 14:10:24,1.494
2026-09-01 14:10:25,2.217
2026-09-01 14:10:26,2.328
2026-09-01 14:10:27,1.85
2026-09-01 14:10:28,2.271
2026-09-01 14:10:29,1.853
2026-09-01 14:10:30,2.487
2026-09-01 14:10:31,2.315
2026-09-01 14:10:32,1.892
2026-09-01 14:10:33,2.382
2026-09-01 14:10:34,1.792
2026-09-01 14:10:35,2.362
2026-09-01 14:10:36,2.002
2026-09-01 14:10:37,1.841
2026-09-01 14:10:38,2.238
2026-09-01 14:10:39,2.092
2026-09-01 14:10:40,2.495
2026-09-01 14:10:41,2.098
2026-09-01 14:10:42,2.338
2026-09-01 14:10:43,1.846
2026-09-01 14:10:44,1.865
2026-09-01 14:10:45,2.599
2026-09-01 14:10:46,2.071
2026-09-01 14:10:47,2.251
2026-09-01 14:10:48,2.277
2026-09-01 14:10:49,2.852
2026-09-01 14:10:50,2.124
2026-09-01 14:10:51,2.138
2026-09-01 14:10:52,2.181
2026-09-01 14:10:53,2.499
2026-09-01 14:10:54,2.208
2026-09-01 14:10:55,2.143
2026-09-01 14:10:56,2.095
2026-09-01 14:10:57,2.331
2026-09-01 14:10:58,2.455
2026-09-01 14:10:59,1.856
2026-09-01 14:11:00,1.691
2026-09-01 14:11:01,1.835
2026-09-01 14:11:02,2.077
2026-09-01 14:11:03,2.334
2026-09-01 14:11:04,1.904
2026-09-01 14:11:05,2.077
2026-09-01 14:11:06,1.844
2026-09-01 14:11:07,1.906
2026-09-01 14:11:08,2.473
2026-09-01 14:11:09,1.796
2026-09-01 14:11:10,2.167
2026-09-01 14:11:11,2.334
2026-09-01 14:11:12,2.145
2026-09-01 14:11:13,2.33
2026-09-01 14:11:14,2.057
2026-09-01 14:11:15,2.358
2026-09-01 14:11:16,2.192
2026-09-01 14:11:17,2.067
2026-09-01 14:11:18,2.65
2026-09-01 14:11:19,2.091
2026-09-01 14:11:20,2.17
2026-09-01 14:11:21,2.205
2026-09-01 14:11:22,1.942
2026-09-01 14:11:23,1.754
2026-09-01 14:11:24,2.137
2026-09-01 14:11:25,2.169
2026-09-01 14:11:26,2.069
2026-09-01 14:11:27,2.378
2026-09-01 14:11:28,2.244
2026-09-01 14:11:29,2.331
2026-09-01 14:11:30,1.217
2026-09-01 14:11:31,2.159
2026-09-01 14:11:32,2.158
2026-09-01 14:11:33,2.286
2026-09-01 14:11:34,2.077
2026-09-01 14:11:35,2.469
2026-09-01 14:11:36,1.762
2026-09-01 14:11:37,2.443
2026-09-01 14:11:38,1.728
2026-09-01 14:11:39,2.359
2026-09-01 14:11:40,2.51
2026-09-01 14:11:41,1.889
2026-09-01 14:11:42,2.275
2026-09-01 14:11:43,2.251
2026-09-01 14:11:44,2.176
2026-09-01 14:11:45,1.754
2026-09-01 14:11:46,2.096
2026-09-01 14:11:47,2.371
2026-09-01 14:11:48,2.287
2026-09-01 14:11:49,2.356
2026-09-01 14:11:50,2.356
2026-09-01 14:11:51,1.842
2026-09-01 14:11:52,2.615
2026-09-01 14:11:53,2.2
2026-09-01 14:11:54,1.927
2026-09-01 14:11:55,2.561
2026-09-01 14:11:56,2.204
2026-09-01 14:11:57,1.984
2026-09-01 14:11:58,2.155
2026-09-01 14:11:59,2.494
2026-09-01 14:12:00,1.75
2026-09-01 14:12:01,2.29
2026-09-01 14:12:02,2.054
2026-09-01 14:12:03,2.098
2026-09-01 14:12:04,1.849
2026-09-01 14:12:05,2.202
2026-09-01 14:12:06,2.092
2026-09-01 14:12:07,2.008
2026-09-01 14:12:08,2.147
2026-09-01 14:12:09,2.424
2026-09-01 14:12:10,2.435
2026-09-01 14:12:11,2.216
2026-09-01 14:12:12,1.808
2026-09-01 14:12:13,2.063
2026-09-01 14:12:14,2.135
2026-09-01 14:12:15,1.763
2026-09-01 14:12:16,1.992
2026-09-01 14:12:17,2.119
2026-09-01 14:12:18,2.118
2026-09-01 14:12:19,2.304
2026-09-01 14:12:20,1.912
2026-09-01 14:12:21,1.65
2026-09-01 14:12:22,2.099
2026-09-01 14:12:23,2.181
2026-09-01 14:12:24,2.508
2026-09-01 14:12:25,1.941
2026-09-01 14:12:26,2.532
2026-09-01 14:12:27,2.391
2026-09-01 14:12:28,2.238
2026-09-01 14:12:29,1.925
2026-09-01 14:12:30,2.354
2026-09-01 14:12:31,2.182
2026-09-01 14:12:32,2.118
2026-09-01 14:12:33,1.845
2026-09-01 14:12:34,2.187
2026-09-01 14:12:35,1.877
2026-09-01 14:12:36,2.168
2026-09-01 14:12:37,2.146
2026-09-01 14:12:38,2.429
2026-09-01 14:12:39,2.012
2026-09-01 14:12:40,2.05
2026-09-01 14:12:41,1.939
2026-09-01 14:12:42,1.841
2026-09-01 14:12:43,2.196
2026-09-01 14:12:44,2.295
2026-09-01 14:12:45,2.297
2026-09-01 14:12:46,2.279
2026-09-01 14:12:47,1.829
2026-09-01 14:12:48,2.111
2026-09-01 14:12:49,2.544
2026-09-01 14:12:50,2.118
2026-09-01 14:12:51,2.549
2026-09-01 14:12:52,2.748
2026-09-01 14:12:53,2.403
2026-09-01 14:12:54,2.111
2026-09-01 14:12:55,1.914
2026-09-01 14:12:56,2.265
2026-09-01 14:12:57,2.096
2026-09-01 14:12:58,2.292
2026-09-01 14:12:59,2.052
2026-09-01 14:13:00,2.278
2026-09-01 14:13:01,1.937
2026-09-01 14:13:02,2.277
2026-09-01 14:13:03,1.872
2026-09-01 14:13:04,2.207
2026-09-01 14:13:05,2.129
2026-09-01 14:13:06,2.003
2026-09-01 14:13:07,1.989
2026-09-01 14:13:08,2.5
2026-09-01 14:13:09,2.321
2026-09-01 14:13:10,2.03
2026-09-01 14:13:11,2.025
2026-09-01 14:13:12,2.341
2026-09-01 14:13:13,1.797
2026-09-01 14:13:14,2.027
2026-09-01 14:13:15,1.967
2026-09-01 14:13:16,1.674
2026-09-01 14:13:17,2.323
2026-09-01 14:13:18,2.088
2026-09-01 14:13:19,2.425
2026-09-01 14:13:20,2.534
2026-09-01 14:13:21,2.086
2026-09-01 14:13:22,2.436
2026-09-01 14:13:23,2.01
2026-09-01 14:13:24,2.244
2026-09-01 14:13:25,1.911
2026-09-01 14:13:26,2.351
2026-09-01 14:13:27,1.904
2026-09-01 14:13:28,1.944
2026-09-01 14:13:29,2.065
2026-09-01 14:13:30,1.96
2026-09-01 14:13:31,1.961
2026-09-01 14:13:32,2.043
2026-09-01 14:13:33,2.204
2026-09-01 14:13:34,2.412
2026-09-01 14:13:35,2.013
2026-09-01 14:13:36,1.882
2026-09-01 14:13:37,2.542
2026-09-01 14:13:38,2.085
2026-09-01 14:13:39,2.464
2026-09-01 14:13:40,2.107
2026-09-01 14:13:41,2.141
2026-09-01 14:13:42,2.397
2026-09-01 14:13:43,2.194
2026-09-01 14:13:44,2.138
2026-09-01 14:13:45,2.457
2026-09-01 14:13:46,2.144
2026-09-01 14:13:47,1.999
2026-09-01 14:13:48,2.314
2026-09-01 14:13:49,2.019
2026-09-01 14:13:50,2.088
2026-09-01 14:13:51,2.12
2026-09-01 14:13:52,2.11
2026-09-01 14:13:53,2.443
2026-09-01 14:13:54,2.147
2026-09-01 14:13:55,1.973
2026-09-01 14:13:56,1.941
2026-09-01 14:13:57,2.107
2026-09-01 14:13:58,2.61
2026-09-01 14:13:59,1.86
2026-09-01 14:14:00,2.057
2026-09-01 14:14:01,1.815
2026-09-01 14:14:02,2.18
2026-09-01 14:14:03,1.923
2026-09-01 14:14:04,1.933
2026-09-01 14:14:05,2.098
2026-09-01 14:14:06,2.539
2026-09-01 14:14:07,1.89
2026-09-01 14:14:08,2.048
2026-09-01 14:14:09,1.896
2026-09-01 14:14:10,2.47
2026-09-01 14:14:11,2.095
2026-09-01 14:14:12,1.684
2026-09-01 14:14:13,2.277
2026-09-01 14:14:14,1.834
2026-09-01 14:14:15,2.303
2026-09-01 14:14:16,1.953
2026-09-01 14:14:17,2.172
2026-09-01 14:14:18,1.802
2026-09-01 14:14:19,2.329
2026-09-01 14:14:20,2.041
2026-09-01 14:14:21,2.24
2026-09-01 14:14:22,1.971
2026-09-01 14:14:23,2.091
2026-09-01 14:14:24,2.219
2026-09-01 14:14:25,1.838
2026-09-01 14:14:26,2.105
2026-09-01 14:14:27,1.939
2026-09-01 14:14:28,2.101
2026-09-01 14:14:29,2.513
2026-09-01 14:14:30,1.946
2026-09-01 14:14:31,1.929
2026-09-01 14:14:32,2.188
2026-09-01 14:14:33,1.656
2026-09-01 14:14:34,1.883
2026-09-01 14:14:35,2.268
2026-09-01 14:14:36,1.891
2026-09-01 14:14:37,1.931
2026-09-01 14:14:38,2.365
2026-09-01 14:14:39,1.626
2026-09-01 14:14:40,1.888
2026-09-01 14:14:41,2.187
2026-09-01 14:14:42,2.385
2026-09-01 14:14:43,1.758
2026-09-01 14:14:44,2.315
2026-09-01 14:14:45,1.706
2026-09-01 14:14:46,1.946
2026-09-01 14:14:47,2.148
2026-09-01 14:14:48,2.303
2026-09-01 14:14:49,1.917
2026-09-01 14:14:50,1.715
2026-09-01 14:14:51,2.065
2026-09-01 14:14:52,1.915
2026-09-01 14:14:53,2.008
2026-09-01 14:14:54,2.062
2026-09-01 14:14:55,2.35
2026-09-01 14:14:56,2.295
2026-09-01 14:14:57,1.832
2026-09-01 14:14:58,2.018
2026-09-01 14:14:59,2.279
2026-09-01 14:15:00,2.326
2026-09-01 14:15:01,2.014
2026-09-01 14:15:02,2.612
2026-09-01 14:15:03,2.098
2026-09-01 14:15:04,2.037
2026-09-01 14:15:05,2.058
2026-09-01 14:15:06,2.186
2026-09-01 14:15:07,1.744
2026-09-01 14:15:08,2.464
2026-09-01 14:15:09,2.412
2026-09-01 14:15:10,1.762
2026-09-01 14:15:11,2.003
2026-09-01 14:15:12,1.604
2026-09-01 14:15:13,1.862
2026-09-01 14:15:14,2.243
2026-09-01 14:15:15,1.683
2026-09-01 14:15:16,1.818
2026-09-01 14:15:17,2.186
2026-09-01 14:15:18,2.084
2026-09-01 14:15:19,2.13
2026-09-01 14:15:20,2.19
2026-09-01 14:15:21,2.154
2026-09-01 14:15:22,2.144
2026-09-01 14:15:23,1.744
2026-09-01 14:15:24,1.88
2026-09-01 14:15:25,1.602
2026-09-01 14:15:26,1.737
2026-09-01 14:15:27,2.303
2026-09-01 14:15:28,1.993
2026-09-01 14:15:29,1.924
2026-09-01 14:15:30,2.118
2026-09-01 14:15:31,1.97
2026-09-01 14:15:32,2.443
2026-09-01 14:15:33,2.573
2026-09-01 14:15:34,2.198
2026-09-01 14:15:35,2.281
2026-09-01 14:15:36,1.959
2026-09-01 14:15:37,2.472
2026-09-01 14:15:38,2.141
2026-09-01 14:15:39,1.555
2026-09-01 14:15:40,2.348
2026-09-01 14:15:41,1.437
2026-09-01 14:15:42,2.045
2026-09-01 14:15:43,2.45
2026-09-01 14:15:44,2.039
2026-09-01 14:15:45,1.888
2026-09-01 14:15:46,1.937
2026-09-01 14:15:47,2.217
2026-09-01 14:15:48,2.017
2026-09-01 14:15:49,1.562
2026-09-01 14:15:50,2.507
2026-09-01 14:15:51,2.745
2026-09-01 14:15:52,2.151
2026-09-01 14:15:53,2.123
2026-09-01 14:15:54,2.258
2026-09-01 14:15:55,1.84
2026-09-01 14:15:56,2.114
2026-09-01 14:15:57,1.787
2026-09-01 14:15:58,2.031
2026-09-01 14:15:59,2.014
2026-09-01 14:16:00,1.919
2026-09-01 14:16:01,2.182
2026-09-01 14:16:02,2.044
2026-09-01 14:16:03,1.881
2026-09-01 14:16:04,1.824
2026-09-01 14:16:05,2.309
2026-09-01 14:16:06,2.004
2026-09-01 14:16:07,2.185
2026-09-01 14:16:08,1.915
2026-09-01 14:16:09,1.781
2026-09-01 14:16:10,2.12
2026-09-01 14:16:11,1.91
2026-09-01 14:16:12,2.382
2026-09-01 14:16:13,2.186
2026-09-01 14:16:14,2.006
2026-09-01 14:16:15,2.185
2026-09-01 14:16:16,2.114
2026-09-01 14:16:17,2.132
2026-09-01 14:16:18,1.768
2026-09-01 14:16:19,1.697
2026-09-01 14:16:20,1.951
2026-09-01 14:16:21,2.22
2026-09-01 14:16:22,2.135
2026-09-01 14:16:23,2.469
2026-09-01 14:16:24,2.028
2026-09-01 14:16:25,1.803
2026-09-01 14:16:26,2.065
2026-09-01 14:16:27,1.874
2026-09-01 14:16:28,1.835
2026-09-01 14:16:29,2.186
2026-09-01 14:16:30,1.94
2026-09-01 14:16:31,2.227
2026-09-01 14:16:32,2.377
2026-09-01 14:16:33,1.959
2026-09-01 14:16:34,2.136
2026-09-01 14:16:35,2.631
2026-09-01 14:16:36,2.325
2026-09-01 14:16:37,2.235
2026-09-01 14:16:38,2.137
2026-09-01 14:16:39,2.187
2026-09-01 14:16:40,1.864
2026-09-01 14:16:41,1.918
2026-09-01 14:16:42,1.904
2026-09-01 14:16:43,1.949
2026-09-01 14:16:44,1.859
2026-09-01 14:16:45,2.141
2026-09-01 14:16:46,1.933
2026-09-01 14:16:47,2.005
2026-09-01 14:16:48,1.898
2026-09-01 14:16:49,2.15
2026-09-01 14:16:50,2.518
2026-09-01 14:16:51,2.461
2026-09-01 14:16:52,1.882
2026-09-01 14:16:53,2.018
2026-09-01 14:16:54,1.85
2026-09-01 14:16:55,2.389
2026-09-01 14:16:56,2.188
2026-09-01 14:16:57,2.384
2026-09-01 14:16:58,2.649
2026-09-01 14:16:59,2.636
2026-09-01 14:17:00,1.981
2026-09-01 14:17:01,2.132
2026-09-01 14:17:02,1.965
2026-09-01 14:17:03,2.02
2026-09-01 14:17:04,2.098
2026-09-01 14:17:05,2.067
2026-09-01 14:17:06,2.376
2026-09-01 14:17:07,2.006
2026-09-01 14:17:08,2.723
2026-09-01 14:17:09,2.147
2026-09-01 14:17:10,1.815
2026-09-01 14:17:11,2.254
2026-09-01 14:17:12,2.272
2026-09-01 14:17:13,2.02
2026-09-01 14:17:14,1.89
2026-09-01 14:17:15,1.966
2026-09-01 14:17:16,2.132
2026-09-01 14:17:17,1.817
2026-09-01 14:17:18,2.304
2026-09-01 14:17:19,1.988
2026-09-01 14:17:20,2.391
2026-09-01 14:17:21,2.175
2026-09-01 14:17:22,2.064
2026-09-01 14:17:23,1.907
2026-09-01 14:17:24,2.383
2026-09-01 14:17:25,2.61
2026-09-01 14:17:26,1.564
2026-09-01 14:17:27,2.118
2026-09-01 14:17:28,2.503
2026-09-01 14:17:29,2.189
2026-09-01 14:17:30,1.752
2026-09-01 14:17:31,2.135
2026-09-01 14:17:32,2.089
2026-09-01 14:17:33,2.229
2026-09-01 14:17:34,2.063
2026-09-01 14:17:35,2.309
2026-09-01 14:17:36,1.845
2026-09-01 14:17:37,1.975
2026-09-01 14:17:38,1.74
2026-09-01 14:17:39,1.806
2026-09-01 14:17:40,1.916
2026-09-01 14:17:41,2.013
2026-09-01 14:17:42,2.601
2026-09-01 14:17:43,2.457
2026-09-01 14:17:44,1.877
2026-09-01 14:17:45,2.159
2026-09-01 14:17:46,2.21
2026-09-01 14:17:47,1.997
2026-09-01 14:17:48,2.024
2026-09-01 14:17:49,2.17
2026-09-01 14:17:50,1.823
2026-09-01 14:17:51,1.798
2026-09-01 14:17:52,1.793
2026-09-01 14:17:53,1.813
2026-09-01 14:17:54,1.846
2026-09-01 14:17:55,1.943
2026-09-01 14:17:56,1.993
2026-09-01 14:17:57,2.015
2026-09-01 14:17:58,1.767
2026-09-01 14:17:59,2.275
2026-09-01 14:18:00,1.892
2026-09-01 14:18:01,1.876
2026-09-01 14:18:02,2.155
2026-09-01 14:18:03,2.42
2026-09-01 14:18:04,2.256
2026-09-01 14:18:05,2.168
2026-09-01 14:18:06,1.868
2026-09-01 14:18:07,2.22
2026-09-01 14:18:08,2.249
2026-09-01 14:18:09,2.201
2026-09-01 14:18:10,2.069
2026-09-01 14:18:11,2.034
2026-09-01 14:18:12,2.194
2026-09-01 14:18:13,2.074
2026-09-01 14:18:14,2.141
2026-09-01 14:18:15,1.846
2026-09-01 14:18:16,1.386
2026-09-01 14:18:17,2.256
2026-09-01 14:18:18,1.902
2026-09-01 14:18:19,2.177
2026-09-01 14:18:20,1.814
2026-09-01 14:18:21,2.283
2026-09-01 14:18:22,2.095
2026-09-01 14:18:23,2.129
2026-09-01 14:18:24,2.272
2026-09-01 14:18:25,1.775
2026-09-01 14:18:26,2.088
2026-09-01 14:18:27,2.517
2026-09-01 14:18:28,2.246
2026-09-01 14:18:29,2.097
2026-09-01 14:18:30,2.133
2026-09-01 14:18:31,2.212
2026-09-01 14:18:32,2.337
2026-09-01 14:18:33,2.461
2026-09-01 14:18:34,1.765
2026-09-01 14:18:35,2.581
2026-09-01 14:18:36,2.026
2026-09-01 14:18:37,2.413
2026-09-01 14:18:38,1.758
2026-09-01 14:18:39,1.771
2026-09-01 14:18:40,1.781
2026-09-01 14:18:41,2.289
2026-09-01 14:18:42,2.113
2026-09-01 14:18:43,2.087
2026-09-01 14:18:44,2.298
2026-09-01 14:18:45,2.206
2026-09-01 14:18:46,2.15
2026-09-01 14:18:47,1.923
2026-09-01 14:18:48,2.412
2026-09-01 14:18:49,2.113
2026-09-01 14:18:50,2.47
2026-09-01 14:18:51,2.22
2026-09-01 14:18:52,1.831
2026-09-01 14:18:53,2.05
2026-09-01 14:18:54,1.722
2026-09-01 14:18:55,1.974
2026-09-01 14:18:56,2.499
2026-09-01 14:18:57,2.559
2026-09-01 14:18:58,2.029
2026-09-01 14:18:59,2.522
2026-09-01 14:19:00,2.078
2026-09-01 14:19:01,2.312
2026-09-01 14:19:02,1.855
2026-09-01 14:19:03,2.231
2026-09-01 14:19:04,2.149
2026-09-01 14:19:05,1.81
2026-09-01 14:19:06,2.185
2026-09-01 14:19:07,2.209
2026-09-01 14:19:08,1.946
2026-09-01 14:19:09,1.38
2026-09-01 14:19:10,1.97
2026-09-01 14:19:11,2.253
2026-09-01 14:19:12,2.115
2026-09-01 14:19:13,2.419
2026-09-01 14:19:14,2.028
2026-09-01 14:19:15,2.314
2026-09-01 14:19:16,2.095
2026-09-01 14:19:17,2.513
2026-09-01 14:19:18,2.022
2026-09-01 14:19:19,1.757
2026-09-01 14:19:20,2.164
2026-09-01 14:19:21,1.897
2026-09-01 14:19:22,1.465
2026-09-01 14:19:23,1.976
2026-09-01 14:19:24,2.4
2026-09-01 14:19:25,2.331
2026-09-01 14:19:26,2.112
2026-09-01 14:19:27,2.499
2026-09-01 14:19:28,2.147
2026-09-01 14:19:29,2.08
2026-09-01 14:19:30,2.595
2026-09-01 14:19:31,1.963
2026-09-01 14:19:32,1.924
2026-09-01 14:19:33,1.756
2026-09-01 14:19:34,1.887
2026-09-01 14:19:35,1.97
2026-09-01 14:19:36,1.546
2026-09-01 14:19:37,2.159
2026-09-01 14:19:38,2.253
2026-09-01 14:19:39,2.492
2026-09-01 14:19:40,1.944
2026-09-01 14:19:41,2.353
2026-09-01 14:19:42,2.262
2026-09-01 14:19:43,2.227
2026-09-01 14:19:44,1.975
2026-09-01 14:19:45,2.468
2026-09-01 14:19:46,1.95
2026-09-01 14:19:47,2.347
2026-09-01 14:19:48,1.908
2026-09-01 14:19:49,2.413
2026-09-01 14:19:50,1.94
2026-09-01 14:19:51,2.178
2026-09-01 14:19:52,2.144
2026-09-01 14:19:53,2.41
2026-09-01 14:19:54,2.004
2026-09-01 14:19:55,1.81
2026-09-01 14:19:56,2.557
2026-09-01 14:19:57,1.972
2026-09-01 14:19:58,1.861
2026-09-01 14:19:59,2.414
2026-09-01 14:20:00,6.464
2026-09-01 14:20:01,6.424
2026-09-01 14:20:02,6.48
2026-09-01 14:20:03,6.503
2026-09-01 14:20:04,6.893
2026-09-01 14:20:05,5.842
2026-09-01 14:20:06,6.639
2026-09-01 14:20:07,6.243
2026-09-01 14:20:08,6.281
2026-09-01 14:20:09,5.827
2026-09-01 14:20:10,6.671
2026-09-01 14:20:11,6.576
2026-09-01 14:20:12,6.231
2026-09-01 14:20:13,5.629
2026-09-01 14:20:14,7.57
2026-09-01 14:20:15,6.89
2026-09-01 14:20:16,6.294
2026-09-01 14:20:17,7.542
2026-09-01 14:20:18,6.744
2026-09-01 14:20:19,7.6
2026-09-01 14:20:20,6.343
2026-09-01 14:20:21,6.499
2026-09-01 14:20:22,6.333
2026-09-01 14:20:23,5.783
2026-09-01 14:20:24,6.485
2026-09-01 14:20:25,7.252
2026-09-01 14:20:26,6.752
2026-09-01 14:20:27,6.984
2026-09-01 14:20:28,5.935
2026-09-01 14:20:29,6.382
2026-09-01 14:20:30,6.76
2026-09-01 14:20:31,6.675
2026-09-01 14:20:32,5.407
2026-09-01 14:20:33,6.985
2026-09-01 14:20:34,5.87
2026-09-01 14:20:35,5.933
2026-09-01 14:20:36,6.843
2026-09-01 14:20:37,6.357
2026-09-01 14:20:38,6.844
2026-09-01 14:20:39,7.245
2026-09-01 14:20:40,5.838
2026-09-01 14:20:41,6.003
2026-09-01 14:20:42,7.804
2026-09-01 14:20:43,5.312
2026-09-01 14:20:44,6.669
2026-09-01 14:20:45,5.558
2026-09-01 14:20:46,7.363
2026-09-01 14:20:47,6.43
2026-09-01 14:20:48,6.254
2026-09-01 14:20:49,6.579
2026-09-01 14:20:50,6.526
2026-09-01 14:20:51,6.015
2026-09-01 14:20:52,6.636
2026-09-01 14:20:53,6.811
2026-09-01 14:20:54,6.084
2026-09-01 14:20:55,6.763
2026-09-01 14:20:56,6.883
2026-09-01 14:20:57,6.222
2026-09-01 14:20:58,6.686
2026-09-01 14:20:59,6.37
2026-09-01 14:21:00,5.926
2026-09-01 14:21:01,6.497
2026-09-01 14:21:02,6.46
2026-09-01 14:21:03,5.583
2026-09-01 14:21:04,6.594
2026-09-01 14:21:05,6.733
2026-09-01 14:21:06,7.066
2026-09-01 14:21:07,6.662
2026-09-01 14:21:08,5.39
2026-09-01 14:21:09,6.404
2026-09-01 14:21:10,5.565
2026-09-01 14:21:11,6.4
2026-09-01 14:21:12,6.228
2026-09-01 14:21:13,6.309
2026-09-01 14:21:14,5.354
2026-09-01 14:21:15,7.667
2026-09-01 14:21:16,6.703
2026-09-01 14:21:17,6.993
2026-09-01 14:21:18,5.546
2026-09-01 14:21:19,6.889
2026-09-01 14:21:20,7.323
2026-09-01 14:21:21,5.263
2026-09-01 14:21:22,6.98
2026-09-01 14:21:23,5.459
2026-09-01 14:21:24,5.828
2026-09-01 14:21:25,6.3
2026-09-01 14:21:26,6.037
2026-09-01 14:21:27,5.08
2026-09-01 14:21:28,6.344
2026-09-01 14:21:29,6.817
2026-09-01 14:21:30,7.591
2026-09-01 14:21:31,6.399
2026-09-01 14:21:32,6.311
2026-09-01 14:21:33,5.063
2026-09-01 14:21:34,6.424
2026-09-01 14:21:35,6.93
2026-09-01 14:21:36,6.576
2026-09-01 14:21:37,6.378
2026-09-01 14:21:38,7.037
2026-09-01 14:21:39,7.375
2026-09-01 14:21:40,6.264
2026-09-01 14:21:41,6.985
2026-09-01 14:21:42,5.95
2026-09-01 14:21:43,7.637
2026-09-01 14:21:44,5.569
2026-09-01 14:21:45,7.177
2026-09-01 14:21:46,6.444
2026-09-01 14:21:47,6.212
2026-09-01 14:21:48,7.029
2026-09-01 14:21:49,6.823
2026-09-01 14:21:50,7.126
2026-09-01 14:21:51,7.266
2026-09-01 14:21:52,6.329
2026-09-01 14:21:53,6.467
2026-09-01 14:21:54,6.547
2026-09-01 14:21:55,7.213
2026-09-01 14:21:56,6.973
2026-09-01 14:21:57,6.05
2026-09-01 14:21:58,7.415
2026-09-01 14:21:59,5.596
2026-09-01 14:22:00,6.459
2026-09-01 14:22:01,7.168
2026-09-01 14:22:02,6.808
2026-09-01 14:22:03,6.499
2026-09-01 14:22:04,6.461
2026-09-01 14:22:05,7.404
2026-09-01 14:22:06,6.958
2026-09-01 14:22:07,7.252
2026-09-01 14:22:08,6.612
2026-09-01 14:22:09,6.628
2026-09-01 14:22:10,7.399
2026-09-01 14:22:11,6.085
2026-09-01 14:22:12,7.238
2026-09-01 14:22:13,6.048
2026-09-01 14:22:14,7.241
2026-09-01 14:22:15,5.009
2026-09-01 14:22:16,6.51
2026-09-01 14:22:17,6.301
2026-09-01 14:22:18,6.959
2026-09-01 14:22:19,7.053
2026-09-01 14:22:20,6.65
2026-09-01 14:22:21,5.963
2026-09-01 14:22:22,6.19
2026-09-01 14:22:23,5.971
2026-09-01 14:22:24,5.652
2026-09-01 14:22:25,7.197
2026-09-01 14:22:26,7.109
2026-09-01 14:22:27,5.935
2026-09-01 14:22:28,7.07
2026-09-01 14:22:29,6.85
2026-09-01 14:22:30,7.24
2026-09-01 14:22:31,6.898
2026-09-01 14:22:32,5.641
2026-09-01 14:22:33,7.325
2026-09-01 14:22:34,6.418
2026-09-01 14:22:35,7.16
2026-09-01 14:22:36,6.772
2026-09-01 14:22:37,6.577
2026-09-01 14:22:38,7.028
2026-09-01 14:22:39,6.357
2026-09-01 14:22:40,7.063
2026-09-01 14:22:41,6.008
2026-09-01 14:22:42,6.795
2026-09-01 14:22:43,7.585
2026-09-01 14:22:44,6.639
2026-09-01 14:22:45,5.3
2026-09-01 14:22:46,5.913
2026-09-01 14:22:47,6.661
2026-09-01 14:22:48,7.002
2026-09-01 14:22:49,5.796
2026-09-01 14:22:50,7.219
2026-09-01 14:22:51,5.961
2026-09-01 14:22:52,5.889
2026-09-01 14:22:53,5.971
2026-09-01 14:22:54,5.024
2026-09-01 14:22:55,6.503
2026-09-01 14:22:56,6.428
2026-09-01 14:22:57,6.152
2026-09-01 14:22:58,6.142
2026-09-01 14:22:59,6.232
2026-09-01 14:23:00,6.652
2026-09-01 14:23:01,6.258
2026-09-01 14:23:02,7.304
2026-09-01 14:23:03,6.455
2026-09-01 14:23:04,7.168
2026-09-01 14:23:05,5.188
2026-09-01 14:23:06,6.109
2026-09-01 14:23:07,6.819
2026-09-01 14:23:08,6.333
2026-09-01 14:23:09,6.292
2026-09-01 14:23:10,6.884
2026-09-01 14:23:11,5.689
2026-09-01 14:23:12,7.545
2026-09-01 14:23:13,6.573
2026-09-01 14:23:14,6.802
2026-09-01 14:23:15,6.743
2026-09-01 14:23:16,6.92
2026-09-01 14:23:17,6.491
2026-09-01 14:23:18,6.149
2026-09-01 14:23:19,6.343
2026-09-01 14:23:20,6.865
2026-09-01 14:23:21,6.579
2026-09-01 14:23:22,6.226
2026-09-01 14:23:23,6.297
2026-09-01 14:23:24,6.847
2026-09-01 14:23:25,5.973
2026-09-01 14:23:26,6.112
2026-09-01 14:23:27,6.307
2026-09-01 14:23:28,6.017
2026-09-01 14:23:29,5.9
2026-09-01 14:23:30,5.452
2026-09-01 14:23:31,6.157
2026-09-01 14:23:32,7.133
2026-09-01 14:23:33,5.831
2026-09-01 14:23:34,6.933
2026-09-01 14:23:35,6.753
2026-09-01 14:23:36,6.298
2026-09-01 14:23:37,6.412
2026-09-01 14:23:38,6.627
2026-09-01 14:23:39,4.641
2026-09-01 14:23:40,7.017
2026-09-01 14:23:41,6.663
2026-09-01 14:23:42,6.41
2026-09-01 14:23:43,6.349
2026-09-01 14:23:44,5.94
2026-09-01 14:23:45,6.094
2026-09-01 14:23:46,6.202
2026-09-01 14:23:47,7.159
2026-09-01 14:23:48,5.69
2026-09-01 14:23:49,7.778
2026-09-01 14:23:50,6.243
2026-09-01 14:23:51,6.639
2026-09-01 14:23:52,6.928
2026-09-01 14:23:53,6.663
2026-09-01 14:23:54,6.426
2026-09-01 14:23:55,6.452
2026-09-01 14:23:56,6.333
2026-09-01 14:23:57,5.515
2026-09-01 14:23:58,6.746
2026-09-01 14:23:59,6.512
2026-09-01 14:24:00,6.739
2026-09-01 14:24:01,6.748
2026-09-01 14:24:02,7.134
2026-09-01 14:24:03,7.162
2026-09-01 14:24:04,6.511
2026-09-01 14:24:05,5.773
2026-09-01 14:24:06,5.327
2026-09-01 14:24:07,6.149
2026-09-01 14:24:08,7.043
2026-09-01 14:24:09,5.609
2026-09-01 14:24:10,7.417
2026-09-01 14:24:11,7.223
2026-09-01 14:24:12,5.912
2026-09-01 14:24:13,6.247
2026-09-01 14:24:14,5.879
2026-09-01 14:24:15,6.906
2026-09-01 14:24:16,5.286
2026-09-01 14:24:17,6.49
2026-09-01 14:24:18,6.015
2026-09-01 14:24:19,5.754
2026-09-01 14:24:20,5.868
2026-09-01 14:24:21,6.691
2026-09-01 14:24:22,6.477
2026-09-01 14:24:23,6.597
2026-09-01 14:24:24,6.611
2026-09-01 14:24:25,6.816
2026-09-01 14:24:26,5.76
2026-09-01 14:24:27,6.198
2026-09-01 14:24:28,6.005
2026-09-01 14:24:29,6.0
2026-09-01 14:24:30,7.287
2026-09-01 14:24:31,5.766
2026-09-01 14:24:32,6.954
2026-09-01 14:24:33,6.704
2026-09-01 14:24:34,6.886
2026-09-01 14:24:35,7.067
2026-09-01 14:24:36,6.764
2026-09-01 14:24:37,6.728
2026-09-01 14:24:38,6.93
2026-09-01 14:24:39,6.71
2026-09-01 14:24:40,7.141
2026-09-01 14:24:41,7.011
2026-09-01 14:24:42,6.151
2026-09-01 14:24:43,6.247
2026-09-01 14:24:44,7.209
2026-09-01 14:24:45,5.842
2026-09-01 14:24:46,5.45
2026-09-01 14:24:47,6.68
2026-09-01 14:24:48,7.813
2026-09-01 14:24:49,5.957
2026-09-01 14:24:50,7.465
2026-09-01 14:24:51,7.403
2026-09-01 14:24:52,7.235
2026-09-01 14:24:53,6.586
2026-09-01 14:24:54,6.884
2026-09-01 14:24:55,6.887
2026-09-01 14:24:56,6.272
2026-09-01 14:24:57,6.747
2026-09-01 14:24:58,6.662
2026-09-01 14:24:59,5.901
2026-09-01 14:25:00,6.37
2026-09-01 14:25:01,7.365
2026-09-01 14:25:02,6.714
2026-09-01 14:25:03,6.907
2026-09-01 14:25:04,7.658
2026-09-01 14:25:05,5.98
2026-09-01 14:25:06,5.551
2026-09-01 14:25:07,5.718
2026-09-01 14:25:08,5.782
2026-09-01 14:25:09,7.103
2026-09-01 14:25:10,6.761
2026-09-01 14:25:11,6.775
2026-09-01 14:25:12,6.085
2026-09-01 14:25:13,6.334
2026-09-01 14:25:14,7.039
2026-09-01 14:25:15,5.412
2026-09-01 14:25:16,6.57
2026-09-01 14:25:17,6.076
2026-09-01 14:25:18,6.954
2026-09-01 14:25:19,7.937
2026-09-01 14:25:20,6.517
2026-09-01 14:25:21,6.297
2026-09-01 14:25:22,6.049
2026-09-01 14:25:23,6.624
2026-09-01 14:25:24,7.179
2026-09-01 14:25:25,6.957
2026-09-01 14:25:26,5.49
2026-09-01 14:25:27,6.285
2026-09-01 14:25:28,7.312
2026-09-01 14:25:29,6.168
2026-09-01 14:25:30,5.975
2026-09-01 14:25:31,5.426
2026-09-01 14:25:32,6.548
2026-09-01 14:25:33,6.296
2026-09-01 14:25:34,5.781
2026-09-01 14:25:35,6.101
2026-09-01 14:25:36,7.186
2026-09-01 14:25:37,5.907
2026-09-01 14:25:38,6.487
2026-09-01 14:25:39,7.293
2026-09-01 14:25:40,7.188
2026-09-01 14:25:41,7.379
2026-09-01 14:25:42,5.93
2026-09-01 14:25:43,7.563
2026-09-01 14:25:44,6.299
2026-09-01 14:25:45,6.851
2026-09-01 14:25:46,7.158
2026-09-01 14:25:47,5.538
2026-09-01 14:25:48,6.912
2026-09-01 14:25:49,6.719
2026-09-01 14:25:50,6.477
2026-09-01 14:25:51,5.968
2026-09-01 14:25:52,7.158
2026-09-01 14:25:53,6.154
2026-09-01 14:25:54,6.096
2026-09-01 14:25:55,6.492
2026-09-01 14:25:56,6.633
2026-09-01 14:25:57,6.142
2026-09-01 14:25:58,7.187
2026-09-01 14:25:59,6.775
2026-09-01 14:26:00,6.973
2026-09-01 14:26:01,5.604
2026-09-01 14:26:02,6.5
2026-09-01 14:26:03,6.409
2026-09-01 14:26:04,5.827
2026-09-01 14:26:05,6.526
2026-09-01 14:26:06,6.347
2026-09-01 14:26:07,4.534
2026-09-01 14:26:08,6.465
2026-09-01 14:26:09,7.006
2026-09-01 14:26:10,7.142
2026-09-01 14:26:11,6.805
2026-09-01 14:26:12,7.18
2026-09-01 14:26:13,5.987
2026-09-01 14:26:14,6.2
2026-09-01 14:26:15,6.622
2026-09-01 14:26:16,6.275
2026-09-01 14:26:17,7.422
2026-09-01 14:26:18,7.78
2026-09-01 14:26:19,6.73
2026-09-01 14:26:20,7.359
2026-09-01 14:26:21,7.626
2026-09-01 14:26:22,6.243
2026-09-01 14:26:23,6.648
2026-09-01 14:26:24,6.186
2026-09-01 14:26:25,6.973
2026-09-01 14:26:26,5.445
2026-09-01 14:26:27,6.342
2026-09-01 14:26:28,6.183
2026-09-01 14:26:29,5.783
2026-09-01 14:26:30,6.283
2026-09-01 14:26:31,6.366
2026-09-01 14:26:32,6.01
2026-09-01 14:26:33,7.294
2026-09-01 14:26:34,6.865
2026-09-01 14:26:35,6.785
2026-09-01 14:26:36,5.955
2026-09-01 14:26:37,6.633
2026-09-01 14:26:38,7.129
2026-09-01 14:26:39,7.449
2026-09-01 14:26:40,6.747
2026-09-01 14:26:41,7.448
2026-09-01 14:26:42,6.333
2026-09-01 14:26:43,6.439
2026-09-01 14:26:44,6.82
2026-09-01 14:26:45,5.662
2026-09-01 14:26:46,7.213
2026-09-01 14:26:47,6.119
2026-09-01 14:26:48,7.013
2026-09-01 14:26:49,7.174
2026-09-01 14:26:50,5.627
2026-09-01 14:26:51,7.185
2026-09-01 14:26:52,5.146
2026-09-01 14:26:53,6.756
2026-09-01 14:26:54,5.507
2026-09-01 14:26:55,7.465
2026-09-01 14:26:56,7.406
2026-09-01 14:26:57,7.157
2026-09-01 14:26:58,6.771
2026-09-01 14:26:59,5.895
2026-09-01 14:27:00,6.123
2026-09-01 14:27:01,5.628
2026-09-01 14:27:02,6.01
2026-09-01 14:27:03,6.265
2026-09-01 14:27:04,6.32
2026-09-01 14:27:05,5.428
2026-09-01 14:27:06,6.443
2026-09-01 14:27:07,5.824
2026-09-01 14:27:08,7.071
2026-09-01 14:27:09,6.353
2026-09-01 14:27:10,6.433
2026-09-01 14:27:11,6.603
2026-09-01 14:27:12,6.502
2026-09-01 14:27:13,5.91
2026-09-01 14:27:14,6.913
2026-09-01 14:27:15,7.064
2026-09-01 14:27:16,6.901
2026-09-01 14:27:17,6.858
2026-09-01 14:27:18,6.275
2026-09-01 14:27:19,5.618
2026-09-01 14:27:20,6.374
2026-09-01 14:27:21,5.841
2026-09-01 14:27:22,6.312
2026-09-01 14:27:23,6.21
2026-09-01 14:27:24,7.162
2026-09-01 14:27:25,6.552
2026-09-01 14:27:26,7.306
2026-09-01 14:27:27,6.557
2026-09-01 14:27:28,6.452
2026-09-01 14:27:29,6.088
2026-09-01 14:27:30,7.143
2026-09-01 14:27:31,6.974
2026-09-01 14:27:32,6.825
2026-09-01 14:27:33,6.663
2026-09-01 14:27:34,5.638
2026-09-01 14:27:35,6.072
2026-09-01 14:27:36,6.458
2026-09-01 14:27:37,6.541
2026-09-01 14:27:38,6.606
2026-09-01 14:27:39,6.592
2026-09-01 14:27:40,6.956
2026-09-01 14:27:41,7.225
2026-09-01 14:27:42,5.614
2026-09-01 14:27:43,7.036
2026-09-01 14:27:44,5.489
2026-09-01 14:27:45,6.543
2026-09-01 14:27:46,6.505
2026-09-01 14:27:47,7.107
2026-09-01 14:27:48,6.968
2026-09-01 14:27:49,6.407
2026-09-01 14:27:50,6.955
2026-09-01 14:27:51,6.636
2026-09-01 14:27:52,6.822
2026-09-01 14:27:53,6.891
2026-09-01 14:27:54,6.956
2026-09-01 14:27:55,6.418
2026-09-01 14:27:56,6.022
2026-09-01 14:27:57,6.419
2026-09-01 14:27:58,6.7
2026-09-01 14:27:59,6.45
2026-09-01 14:28:00,6.916
2026-09-01 14:28:01,6.635
2026-09-01 14:28:02,6.454
2026-09-01 14:28:03,6.926
2026-09-01 14:28:04,5.897
2026-09-01 14:28:05,5.703
2026-09-01 14:28:06,6.872
2026-09-01 14:28:07,7.221
2026-09-01 14:28:08,6.235
2026-09-01 14:28:09,6.269
2026-09-01 14:28:10,6.653
2026-09-01 14:28:11,6.319
2026-09-01 14:28:12,5.865
2026-09-01 14:28:13,6.367
2026-09-01 14:28:14,6.757
2026-09-01 14:28:15,6.363
2026-09-01 14:28:16,7.259
2026-09-01 14:28:17,6.818
2026-09-01 14:28:18,5.458
2026-09-01 14:28:19,5.771
2026-09-01 14:28:20,5.934
2026-09-01 14:28:21,6.417
2026-09-01 14:28:22,6.469
2026-09-01 14:28:23,6.478
2026-09-01 14:28:24,6.962
2026-09-01 14:28:25,6.972
2026-09-01 14:28:26,5.223
2026-09-01 14:28:27,7.239
2026-09-01 14:28:28,5.173
2026-09-01 14:28:29,6.43
2026-09-01 14:28:30,6.967
2026-09-01 14:28:31,5.713
2026-09-01 14:28:32,7.064
2026-09-01 14:28:33,6.424
2026-09-01 14:28:34,6.372
2026-09-01 14:28:35,7.506
2026-09-01 14:28:36,7.25
2026-09-01 14:28:37,7.068
2026-09-01 14:28:38,6.103
2026-09-01 14:28:39,6.937
2026-09-01 14:28:40,6.257
2026-09-01 14:28:41,8.514
2026-09-01 14:28:42,6.082
2026-09-01 14:28:43,6.825
2026-09-01 14:28:44,6.269
2026-09-01 14:28:45,6.228
2026-09-01 14:28:46,6.778
2026-09-01 14:28:47,5.819
2026-09-01 14:28:48,5.342
2026-09-01 14:28:49,6.283
2026-09-01 14:28:50,6.55
2026-09-01 14:28:51,5.994
2026-09-01 14:28:52,5.556
2026-09-01 14:28:53,5.962
2026-09-01 14:28:54,5.808
2026-09-01 14:28:55,7.375
2026-09-01 14:28:56,7.3
2026-09-01 14:28:57,6.767
2026-09-01 14:28:58,5.396
2026-09-01 14:28:59,7.286
2026-09-01 14:29:00,6.402
2026-09-01 14:29:01,6.009
2026-09-01 14:29:02,6.349
2026-09-01 14:29:03,6.137
2026-09-01 14:29:04,6.394
2026-09-01 14:29:05,6.464
2026-09-01 14:29:06,6.562
2026-09-01 14:29:07,5.594
2026-09-01 14:29:08,6.628
2026-09-01 14:29:09,5.938
2026-09-01 14:29:10,4.931
2026-09-01 14:29:11,6.212
2026-09-01 14:29:12,6.607
2026-09-01 14:29:13,5.546
2026-09-01 14:29:14,6.128
2026-09-01 14:29:15,5.751
2026-09-01 14:29:16,6.033
2026-09-01 14:29:17,6.745
2026-09-01 14:29:18,6.868
2026-09-01 14:29:19,4.762
2026-09-01 14:29:20,6.49
2026-09-01 14:29:21,6.465
2026-09-01 14:29:22,6.89
2026-09-01 14:29:23,8.077
2026-09-01 14:29:24,6.909
2026-09-01 14:29:25,6.742
2026-09-01 14:29:26,6.958
2026-09-01 14:29:27,7.101
2026-09-01 14:29:28,5.522
2026-09-01 14:29:29,7.194
2026-09-01 14:29:30,6.311
2026-09-01 14:29:31,7.346
2026-09-01 14:29:32,6.968
2026-09-01 14:29:33,5.988
2026-09-01 14:29:34,5.605
2026-09-01 14:29:35,7.204
2026-09-01 14:29:36,7.179
2026-09-01 14:29:37,7.113
2026-09-01 14:29:38,6.487
2026-09-01 14:29:39,6.573
2026-09-01 14:29:40,7.268
2026-09-01 14:29:41,5.785
2026-09-01 14:29:42,6.707
2026-09-01 14:29:43,7.637
2026-09-01 14:29:44,6.682
2026-09-01 14:29:45,5.86
2026-09-01 14:29:46,7.113
2026-09-01 14:29:47,5.711
2026-09-01 14:29:48,5.02
2026-09-01 14:29:49,6.844
2026-09-01 14:29:50,6.227
2026-09-01 14:29:51,6.386
2026-09-01 14:29:52,6.797
2026-09-01 14:29:53,6.203
2026-09-01 14:29:54,6.94
2026-09-01 14:29:55,6.802
2026-09-01 14:29:56,6.904
2026-09-01 14:29:57,6.082
2026-09-01 14:29:58,6.532
2026-09-01 14:29:59,7.256
2026-09-01 14:30:00,6.74
2026-09-01 14:30:01,5.767
2026-09-01 14:30:02,6.715
2026-09-01 14:30:03,6.533
2026-09-01 14:30:04,6.233
2026-09-01 14:30:05,6.664
2026-09-01 14:30:06,7.119
2026-09-01 14:30:07,5.683
2026-09-01 14:30:08,6.733
2026-09-01 14:30:09,5.549
2026-09-01 14:30:10,5.889
2026-09-01 14:30:11,5.798
2026-09-01 14:30:12,7.238
2026-09-01 14:30:13,5.999
2026-09-01 14:30:14,6.731
2026-09-01 14:30:15,5.919
2026-09-01 14:30:16,6.398
2026-09-01 14:30:17,6.957
2026-09-01 14:30:18,6.846
2026-09-01 14:30:19,6.09
2026-09-01 14:30:20,5.886
2026-09-01 14:30:21,6.159
2026-09-01 14:30:22,6.059
2026-09-01 14:30:23,6.528
2026-09-01 14:30:24,5.806
2026-09-01 14:30:25,6.916
2026-09-01 14:30:26,4.46
2026-09-01 14:30:27,6.799
2026-09-01 14:30:28,5.619
2026-09-01 14:30:29,5.986
2026-09-01 14:30:30,6.147
2026-09-01 14:30:31,6.477
2026-09-01 14:30:32,6.116
2026-09-01 14:30:33,6.73
2026-09-01 14:30:34,6.946
2026-09-01 14:30:35,7.408
2026-09-01 14:30:36,7.732
2026-09-01 14:30:37,6.787
2026-09-01 14:30:38,5.984
2026-09-01 14:30:39,6.742
2026-09-01 14:30:40,6.404
2026-09-01 14:30:41,6.087
2026-09-01 14:30:42,6.95
2026-09-01 14:30:43,7.494
2026-09-01 14:30:44,6.061
2026-09-01 14:30:45,6.025
2026-09-01 14:30:46,6.698
2026-09-01 14:30:47,5.897
2026-09-01 14:30:48,6.036
2026-09-01 14:30:49,6.092
2026-09-01 14:30:50,5.276
2026-09-01 14:30:51,6.755
2026-09-01 14:30:52,6.706
2026-09-01 14:30:53,6.574
2026-09-01 14:30:54,6.656
2026-09-01 14:30:55,6.638
2026-09-01 14:30:56,6.369
2026-09-01 14:30:57,6.203
2026-09-01 14:30:58,6.503
2026-09-01 14:30:59,6.071
2026-09-01 14:31:00,6.579
2026-09-01 14:31:01,5.769
2026-09-01 14:31:02,5.984
2026-09-01 14:31:03,7.795
2026-09-01 14:31:04,6.418
2026-09-01 14:31:05,6.39
2026-09-01 14:31:06,6.584
2026-09-01 14:31:07,6.231
2026-09-01 14:31:08,7.277
2026-09-01 14:31:09,7.035
2026-09-01 14:31:10,5.98
2026-09-01 14:31:11,6.109
2026-09-01 14:31:12,6.599
2026-09-01 14:31:13,6.503
2026-09-01 14:31:14,6.612
2026-09-01 14:31:15,6.907
2026-09-01 14:31:16,6.701
2026-09-01 14:31:17,5.972
2026-09-01 14:31:18,5.618
2026-09-01 14:31:19,6.104
2026-09-01 14:31:20,6.83
2026-09-01 14:31:21,7.939
2026-09-01 14:31:22,6.721
2026-09-01 14:31:23,6.458
2026-09-01 14:31:24,7.026
2026-09-01 14:31:25,6.312
2026-09-01 14:31:26,6.103
2026-09-01 14:31:27,6.098
2026-09-01 14:31:28,7.4
2026-09-01 14:31:29,6.12
2026-09-01 14:31:30,6.483
2026-09-01 14:31:31,6.571
2026-09-01 14:31:32,7.063
2026-09-01 14:31:33,6.288
2026-09-01 14:31:34,6.128
2026-09-01 14:31:35,7.156
2026-09-01 14:31:36,6.674
2026-09-01 14:31:37,6.841
2026-09-01 14:31:38,5.709
2026-09-01 14:31:39,6.229
2026-09-01 14:31:40,5.922
2026-09-01 14:31:41,6.114
2026-09-01 14:31:42,6.387
2026-09-01 14:31:43,5.5
2026-09-01 14:31:44,7.035
2026-09-01 14:31:45,7.015
2026-09-01 14:31:46,5.922
2026-09-01 14:31:47,6.973
2026-09-01 14:31:48,6.863
2026-09-01 14:31:49,6.802
2026-09-01 14:31:50,6.851
2026-09-01 14:31:51,5.62
2026-09-01 14:31:52,7.387
2026-09-01 14:31:53,6.052
2026-09-01 14:31:54,7.151
2026-09-01 14:31:55,6.366
2026-09-01 14:31:56,7.155
2026-09-01 14:31:57,6.64
2026-09-01 14:31:58,5.685
2026-09-01 14:31:59,7.115
2026-09-01 14:32:00,7.052
2026-09-01 14:32:01,6.473
2026-09-01 14:32:02,6.39
2026-09-01 14:32:03,6.418
2026-09-01 14:32:04,5.929
2026-09-01 14:32:05,6.426
2026-09-01 14:32:06,6.806
2026-09-01 14:32:07,5.256
2026-09-01 14:32:08,6.792
2026-09-01 14:32:09,6.419
2026-09-01 14:32:10,5.992
2026-09-01 14:32:11,5.864
2026-09-01 14:32:12,6.793
2026-09-01 14:32:13,6.589
2026-09-01 14:32:14,7.607
2026-09-01 14:32:15,6.542
2026-09-01 14:32:16,7.87
2026-09-01 14:32:17,5.401
2026-09-01 14:32:18,6.424
2026-09-01 14:32:19,6.714
2026-09-01 14:32:20,6.197
2026-09-01 14:32:21,6.536
2026-09-01 14:32:22,6.88
2026-09-01 14:32:23,7.239
2026-09-01 14:32:24,6.331
2026-09-01 14:32:25,6.076
2026-09-01 14:32:26,7.156
2026-09-01 14:32:27,7.573
2026-09-01 14:32:28,6.739
2026-09-01 14:32:29,7.093
2026-09-01 14:32:30,6.974
2026-09-01 14:32:31,6.585
2026-09-01 14:32:32,6.346
2026-09-01 14:32:33,6.936
2026-09-01 14:32:34,7.597
2026-09-01 14:32:35,6.483
2026-09-01 14:32:36,5.56
2026-09-01 14:32:37,5.855
2026-09-01 14:32:38,6.279
2026-09-01 14:32:39,5.906
2026-09-01 14:32:40,5.055
2026-09-01 14:32:41,7.616
2026-09-01 14:32:42,6.669
2026-09-01 14:32:43,6.931
2026-09-01 14:32:44,5.875
2026-09-01 14:32:45,6.823
2026-09-01 14:32:46,6.13
2026-09-01 14:32:47,5.652
2026-09-01 14:32:48,5.999
2026-09-01 14:32:49,6.464
2026-09-01 14:32:50,6.893
2026-09-01 14:32:51,7.474
2026-09-01 14:32:52,6.226
2026-09-01 14:32:53,7.133
2026-09-01 14:32:54,7.295
2026-09-01 14:32:55,6.517
2026-09-01 14:32:56,6.794
2026-09-01 14:32:57,7.002
2026-09-01 14:32:58,7.178
2026-09-01 14:32:59,6.365
2026-09-01 14:33:00,6.802
2026-09-01 14:33:01,7.211
2026-09-01 14:33:02,7.36
2026-09-01 14:33:03,7.4
2026-09-01 14:33:04,6.754
2026-09-01 14:33:05,6.359
2026-09-01 14:33:06,6.108
2026-09-01 14:33:07,5.061
2026-09-01 14:33:08,5.541
2026-09-01 14:33:09,7.456
2026-09-01 14:33:10,6.097
2026-09-01 14:33:11,6.927
2026-09-01 14:33:12,5.793
2026-09-01 14:33:13,6.481
2026-09-01 14:33:14,6.535
2026-09-01 14:33:15,6.247
2026-09-01 14:33:16,5.853
2026-09-01 14:33:17,5.256
2026-09-01 14:33:18,6.48
2026-09-01 14:33:19,6.522
2026-09-01 14:33:20,6.609
2026-09-01 14:33:21,5.97
2026-09-01 14:33:22,7.038
2026-09-01 14:33:23,5.804
2026-09-01 14:33:24,5.697
2026-09-01 14:33:25,6.199
2026-09-01 14:33:26,6.127
2026-09-01 14:33:27,7.436
2026-09-01 14:33:28,8.187
2026-09-01 14:33:29,7.307
2026-09-01 14:33:30,6.915
2026-09-01 14:33:31,6.021
2026-09-01 14:33:32,6.838
2026-09-01 14:33:33,6.354
2026-09-01 14:33:34,5.861
2026-09-01 14:33:35,6.799
2026-09-01 14:33:36,6.779
2026-09-01 14:33:37,7.251
2026-09-01 14:33:38,5.685
2026-09-01 14:33:39,5.213
2026-09-01 14:33:40,8.12
2026-09-01 14:33:41,6.409
2026-09-01 14:33:42,6.708
2026-09-01 14:33:43,7.46
2026-09-01 14:33:44,6.627
2026-09-01 14:33:45,5.739
2026-09-01 14:33:46,6.243
2026-09-01 14:33:47,5.355
2026-09-01 14:33:48,6.113
2026-09-01 14:33:49,6.498
2026-09-01 14:33:50,7.035
2026-09-01 14:33:51,6.587
2026-09-01 14:33:52,6.267
2026-09-01 14:33:53,6.013
2026-09-01 14:33:54,6.249
2026-09-01 14:33:55,7.237
2026-09-01 14:33:56,6.033
2026-09-01 14:33:57,7.061
2026-09-01 14:33:58,6.785
2026-09-01 14:33:59,5.567
2026-09-01 14:34:00,6.761
2026-09-01 14:34:01,6.723
2026-09-01 14:34:02,6.571
2026-09-01 14:34:03,5.62
2026-09-01 14:34:04,6.55
2026-09-01 14:34:05,5.657
2026-09-01 14:34:06,6.278
2026-09-01 14:34:07,5.856
2026-09-01 14:34:08,5.418
2026-09-01 14:34:09,6.939
2026-09-01 14:34:10,6.49
2026-09-01 14:34:11,6.565
2026-09-01 14:34:12,5.746
2026-09-01 14:34:13,5.566
2026-09-01 14:34:14,6.621
2026-09-01 14:34:15,6.345
2026-09-01 14:34:16,7.578
2026-09-01 14:34:17,8.288
2026-09-01 14:34:18,6.7
2026-09-01 14:34:19,6.697
2026-09-01 14:34:20,6.698
2026-09-01 14:34:21,7.27
2026-09-01 14:34:22,6.088
2026-09-01 14:34:23,6.215
2026-09-01 14:34:24,6.05
2026-09-01 14:34:25,5.992
2026-09-01 14:34:26,6.622
2026-09-01 14:34:27,5.682
2026-09-01 14:34:28,5.773
2026-09-01 14:34:29,6.338
2026-09-01 14:34:30,6.264
2026-09-01 14:34:31,6.426
2026-09-01 14:34:32,7.096
2026-09-01 14:34:33,6.398
2026-09-01 14:34:34,8.113
2026-09-01 14:34:35,5.696
2026-09-01 14:34:36,4.93
2026-09-01 14:34:37,5.273
2026-09-01 14:34:38,6.225
2026-09-01 14:34:39,5.36
2026-09-01 14:34:40,6.303
2026-09-01 14:34:41,7.007
2026-09-01 14:34:42,6.361
2026-09-01 14:34:43,6.778
2026-09-01 14:34:44,6.546
2026-09-01 14:34:45,6.516
2026-09-01 14:34:46,7.268
2026-09-01 14:34:47,6.387
2026-09-01 14:34:48,7.549
2026-09-01 14:34:49,6.471
2026-09-01 14:34:50,5.683
2026-09-01 14:34:51,7.311
2026-09-01 14:34:52,5.804
2026-09-01 14:34:53,5.514
2026-09-01 14:34:54,5.85
2026-09-01 14:34:55,6.904
2026-09-01 14:34:56,5.813
2026-09-01 14:34:57,6.793
2026-09-01 14:34:58,5.795
2026-09-01 14:34:59,5.902
2026-09-01 14:35:00,6.627
2026-09-01 14:35:01,5.755
2026-09-01 14:35:02,6.246
2026-09-01 14:35:03,6.835
2026-09-01 14:35:04,6.951
2026-09-01 14:35:05,6.586
2026-09-01 14:35:06,7.618
2026-09-01 14:35:07,6.063
2026-09-01 14:35:08,6.57
2026-09-01 14:35:09,5.712
2026-09-01 14:35:10,6.532
2026-09-01 14:35:11,5.811
2026-09-01 14:35:12,6.747
2026-09-01 14:35:13,5.317
2026-09-01 14:35:14,6.02
2026-09-01 14:35:15,6.77
2026-09-01 14:35:16,6.159
2026-09-01 14:35:17,6.453
2026-09-01 14:35:18,6.426
2026-09-01 14:35:19,6.213
2026-09-01 14:35:20,6.81
2026-09-01 14:35:21,6.496
2026-09-01 14:35:22,5.274
2026-09-01 14:35:23,6.596
2026-09-01 14:35:24,6.407
2026-09-01 14:35:25,6.327
2026-09-01 14:35:26,6.855
2026-09-01 14:35:27,5.599
2026-09-01 14:35:28,5.563
2026-09-01 14:35:29,7.976
2026-09-01 14:35:30,6.532
2026-09-01 14:35:31,7.436
2026-09-01 14:35:32,5.888
2026-09-01 14:35:33,6.972
2026-09-01 14:35:34,6.519
2026-09-01 14:35:35,6.151
2026-09-01 14:35:36,6.089
2026-09-01 14:35:37,5.501
2026-09-01 14:35:38,7.16
2026-09-01 14:35:39,6.755
2026-09-01 14:35:40,6.279
2026-09-01 14:35:41,6.951
2026-09-01 14:35:42,6.407
2026-09-01 14:35:43,7.083
2026-09-01 14:35:44,6.456
2026-09-01 14:35:45,7.423
2026-09-01 14:35:46,7.126
2026-09-01 14:35:47,7.06
2026-09-01 14:35:48,7.315
2026-09-01 14:35:49,6.501
2026-09-01 14:35:50,7.192
2026-09-01 14:35:51,6.939
2026-09-01 14:35:52,6.36
2026-09-01 14:35:53,6.933
2026-09-01 14:35:54,6.342
2026-09-01 14:35:55,6.218
2026-09-01 14:35:56,6.265
2026-09-01 14:35:57,7.354
2026-09-01 14:35:58,7.233
2026-09-01 14:35:59,5.456
2026-09-01 14:36:00,6.574
2026-09-01 14:36:01,5.591
2026-09-01 14:36:02,6.665
2026-09-01 14:36:03,5.583
2026-09-01 14:36:04,7.119
2026-09-01 14:36:05,5.403
2026-09-01 14:36:06,6.25
2026-09-01 14:36:07,6.917
2026-09-01 14:36:08,6.695
2026-09-01 14:36:09,5.862
2026-09-01 14:36:10,6.22
2026-09-01 14:36:11,6.272
2026-09-01 14:36:12,5.687
2026-09-01 14:36:13,6.743
2026-09-01 14:36:14,7.52
2026-09-01 14:36:15,6.179
2026-09-01 14:36:16,5.909
2026-09-01 14:36:17,5.921
2026-09-01 14:36:18,6.095
2026-09-01 14:36:19,6.947
2026-09-01 14:36:20,7.206
2026-09-01 14:36:21,6.755
2026-09-01 14:36:22,6.413
2026-09-01 14:36:23,8.258
2026-09-01 14:36:24,5.758
2026-09-01 14:36:25,6.566
2026-09-01 14:36:26,6.122
2026-09-01 14:36:27,5.804
2026-09-01 14:36:28,6.699
2026-09-01 14:36:29,5.736
2026-09-01 14:36:30,6.808
2026-09-01 14:36:31,6.019
2026-09-01 14:36:32,6.467
2026-09-01 14:36:33,5.917
2026-09-01 14:36:34,5.59
2026-09-01 14:36:35,7.406
2026-09-01 14:36:36,7.04
2026-09-01 14:36:37,6.65
2026-09-01 14:36:38,6.68
2026-09-01 14:36:39,6.601
2026-09-01 14:36:40,6.174
2026-09-01 14:36:41,6.694
2026-09-01 14:36:42,6.892
2026-09-01 14:36:43,6.253
2026-09-01 14:36:44,7.061
2026-09-01 14:36:45,6.445
2026-09-01 14:36:46,6.905
2026-09-01 14:36:47,5.433
2026-09-01 14:36:48,6.344
2026-09-01 14:36:49,6.811
2026-09-01 14:36:50,5.804
2026-09-01 14:36:51,5.833
2026-09-01 14:36:52,6.639
2026-09-01 14:36:53,7.194
2026-09-01 14:36:54,7.009
2026-09-01 14:36:55,6.43
2026-09-01 14:36:56,7.52
2026-09-01 14:36:57,6.181
2026-09-01 14:36:58,5.89
2026-09-01 14:36:59,6.921
2026-09-01 14:37:00,6.195
2026-09-01 14:37:01,7.067
2026-09-01 14:37:02,5.994
2026-09-01 14:37:03,7.434
2026-09-01 14:37:04,7.394
2026-09-01 14:37:05,6.068
2026-09-01 14:37:06,5.392
2026-09-01 14:37:07,5.585
2026-09-01 14:37:08,6.707
2026-09-01 14:37:09,6.372
2026-09-01 14:37:10,7.327
2026-09-01 14:37:11,5.773
2026-09-01 14:37:12,6.476
2026-09-01 14:37:13,6.145
2026-09-01 14:37:14,5.878
2026-09-01 14:37:15,7.177
2026-09-01 14:37:16,6.91
2026-09-01 14:37:17,6.48
2026-09-01 14:37:18,6.941
2026-09-01 14:37:19,5.914
2026-09-01 14:37:20,6.789
2026-09-01 14:37:21,6.119
2026-09-01 14:37:22,5.208
2026-09-01 14:37:23,6.974
2026-09-01 14:37:24,6.461
2026-09-01 14:37:25,6.816
2026-09-01 14:37:26,6.127
2026-09-01 14:37:27,6.284
2026-09-01 14:37:28,6.98
2026-09-01 14:37:29,6.888
2026-09-01 14:37:30,6.733
2026-09-01 14:37:31,5.695
2026-09-01 14:37:32,6.416
2026-09-01 14:37:33,6.236
2026-09-01 14:37:34,6.043
2026-09-01 14:37:35,7.484
2026-09-01 14:37:36,6.576
2026-09-01 14:37:37,7.667
2026-09-01 14:37:38,6.416
2026-09-01 14:37:39,6.831
2026-09-01 14:37:40,6.592
2026-09-01 14:37:41,6.27
2026-09-01 14:37:42,6.018
2026-09-01 14:37:43,7.374
2026-09-01 14:37:44,7.41
2026-09-01 14:37:45,6.783
2026-09-01 14:37:46,6.105
2026-09-01 14:37:47,7.237
2026-09-01 14:37:48,5.96
2026-09-01 14:37:49,7.327
2026-09-01 14:37:50,6.282
2026-09-01 14:37:51,6.503
2026-09-01 14:37:52,6.4
2026-09-01 14:37:53,6.359
2026-09-01 14:37:54,7.136
2026-09-01 14:37:55,4.722
2026-09-01 14:37:56,5.922
2026-09-01 14:37:57,6.51
2026-09-01 14:37:58,6.823
2026-09-01 14:37:59,6.589
2026-09-01 14:38:00,6.255
2026-09-01 14:38:01,6.54
2026-09-01 14:38:02,6.195
2026-09-01 14:38:03,6.204
2026-09-01 14:38:04,6.836
2026-09-01 14:38:05,6.904
2026-09-01 14:38:06,5.864
2026-09-01 14:38:07,5.863
2026-09-01 14:38:08,6.791
2026-09-01 14:38:09,7.233
2026-09-01 14:38:10,5.448
2026-09-01 14:38:11,5.12
2026-09-01 14:38:12,5.914
2026-09-01 14:38:13,7.006
2026-09-01 14:38:14,4.805
2026-09-01 14:38:15,5.734
2026-09-01 14:38:16,6.539
2026-09-01 14:38:17,6.043
2026-09-01 14:38:18,6.414
2026-09-01 14:38:19,6.071
2026-09-01 14:38:20,7.061
2026-09-01 14:38:21,6.707
2026-09-01 14:38:22,6.82
2026-09-01 14:38:23,6.479
2026-09-01 14:38:24,6.446
2026-09-01 14:38:25,5.988
2026-09-01 14:38:26,5.397
2026-09-01 14:38:27,7.353
2026-09-01 14:38:28,6.807
2026-09-01 14:38:29,6.846
2026-09-01 14:38:30,6.964
2026-09-01 14:38:31,5.41
2026-09-01 14:38:32,5.566
2026-09-01 14:38:33,7.402
2026-09-01 14:38:34,7.469
2026-09-01 14:38:35,6.346
2026-09-01 14:38:36,5.999
2026-09-01 14:38:37,7.319
2026-09-01 14:38:38,6.963
2026-09-01 14:38:39,6.876
2026-09-01 14:38:40,4.818
2026-09-01 14:38:41,6.2
2026-09-01 14:38:42,6.452
2026-09-01 14:38:43,7.225
2026-09-01 14:38:44,5.937
2026-09-01 14:38:45,6.332
2026-09-01 14:38:46,6.462
2026-09-01 14:38:47,5.811
2026-09-01 14:38:48,5.301
2026-09-01 14:38:49,6.479
2026-09-01 14:38:50,7.441
2026-09-01 14:38:51,6.906
2026-09-01 14:38:52,6.592
2026-09-01 14:38:53,7.932
2026-09-01 14:38:54,6.053
2026-09-01 14:38:55,6.175
2026-09-01 14:38:56,6.851
2026-09-01 14:38:57,6.856
2026-09-01 14:38:58,6.496
2026-09-01 14:38:59,6.63
2026-09-01 14:39:00,7.06
2026-09-01 14:39:01,6.665
2026-09-01 14:39:02,6.877
2026-09-01 14:39:03,6.43
2026-09-01 14:39:04,6.82
2026-09-01 14:39:05,6.295
2026-09-01 14:39:06,6.918
2026-09-01 14:39:07,6.129
2026-09-01 14:39:08,6.269
2026-09-01 14:39:09,6.136
2026-09-01 14:39:10,6.838
2026-09-01 14:39:11,7.176
2026-09-01 14:39:12,6.318
2026-09-01 14:39:13,7.14
2026-09-01 14:39:14,6.593
2026-09-01 14:39:15,7.693
2026-09-01 14:39:16,7.264
2026-09-01 14:39:17,6.918
2026-09-01 14:39:18,5.947
2026-09-01 14:39:19,6.356
2026-09-01 14:39:20,6.897
2026-09-01 14:39:21,7.138
2026-09-01 14:39:22,6.428
2026-09-01 14:39:23,6.943
2026-09-01 14:39:24,6.586
2026-09-01 14:39:25,5.143
2026-09-01 14:39:26,7.202
2026-09-01 14:39:27,6.468
2026-09-01 14:39:28,7.065
2026-09-01 14:39:29,6.761
2026-09-01 14:39:30,6.628
2026-09-01 14:39:31,7.426
2026-09-01 14:39:32,7.845
2026-09-01 14:39:33,5.567
2026-09-01 14:39:34,5.237
2026-09-01 14:39:35,6.244
2026-09-01 14:39:36,6.309
2026-09-01 14:39:37,6.884
2026-09-01 14:39:38,5.874
2026-09-01 14:39:39,4.947
2026-09-01 14:39:40,6.366
2026-09-01 14:39:41,6.468
2026-09-01 14:39:42,6.313
2026-09-01 14:39:43,6.522
2026-09-01 14:39:44,5.441
2026-09-01 14:39:45,5.826
2026-09-01 14:39:46,5.94
2026-09-01 14:39:47,6.632
2026-09-01 14:39:48,6.053
2026-09-01 14:39:49,7.144
2026-09-01 14:39:50,7.407
2026-09-01 14:39:51,6.071
2026-09-01 14:39:52,6.304
2026-09-01 14:39:53,6.024
2026-09-01 14:39:54,7.572
2026-09-01 14:39:55,7.547
2026-09-01 14:39:56,6.579
2026-09-01 14:39:57,7.254
2026-09-01 14:39:58,7.041
2026-09-01 14:39:59,6.68
2026-09-01 14:40:00,6.681
2026-09-01 14:40:01,6.496
2026-09-01 14:40:02,5.844
2026-09-01 14:40:03,5.347
2026-09-01 14:40:04,6.599
2026-09-01 14:40:05,6.91
2026-09-01 14:40:06,6.015
2026-09-01 14:40:07,7.041
2026-09-01 14:40:08,6.695
2026-09-01 14:40:09,5.416
2026-09-01 14:40:10,6.08
2026-09-01 14:40:11,5.72
2026-09-01 14:40:12,7.182
2026-09-01 14:40:13,6.666
2026-09-01 14:40:14,7.004
2026-09-01 14:40:15,6.598
2026-09-01 14:40:16,6.192
2026-09-01 14:40:17,6.584
2026-09-01 14:40:18,6.015
2026-09-01 14:40:19,6.647
2026-09-01 14:40:20,6.43
2026-09-01 14:40:21,5.956
2026-09-01 14:40:22,7.49
2026-09-01 14:40:23,6.555
2026-09-01 14:40:24,6.092
2026-09-01 14:40:25,6.758
2026-09-01 14:40:26,6.205
2026-09-01 14:40:27,6.436
2026-09-01 14:40:28,6.551
2026-09-01 14:40:29,5.689
2026-09-01 14:40:30,6.806
2026-09-01 14:40:31,6.506
2026-09-01 14:40:32,6.809
2026-09-01 14:40:33,5.751
2026-09-01 14:40:34,6.387
2026-09-01 14:40:35,6.599
2026-09-01 14:40:36,6.186
2026-09-01 14:40:37,6.8
2026-09-01 14:40:38,7.409
2026-09-01 14:40:39,5.982
2026-09-01 14:40:40,7.613
2026-09-01 14:40:41,6.2
2026-09-01 14:40:42,5.957
2026-09-01 14:40:43,7.356
2026-09-01 14:40:44,6.98
2026-09-01 14:40:45,6.678
2026-09-01 14:40:46,7.196
2026-09-01 14:40:47,6.618
2026-09-01 14:40:48,7.349
2026-09-01 14:40:49,7.013
2026-09-01 14:40:50,6.513
2026-09-01 14:40:51,6.397
2026-09-01 14:40:52,6.732
2026-09-01 14:40:53,5.916
2026-09-01 14:40:54,6.656
2026-09-01 14:40:55,6.586
2026-09-01 14:40:56,7.061
2026-09-01 14:40:57,7.19
2026-09-01 14:40:58,6.872
2026-09-01 14:40:59,5.998
2026-09-01 14:41:00,6.652
2026-09-01 14:41:01,6.255
2026-09-01 14:41:02,7.314
2026-09-01 14:41:03,6.453
2026-09-01 14:41:04,6.589
2026-09-01 14:41:05,6.499
2026-09-01 14:41:06,5.743
2026-09-01 14:41:07,5.526
2026-09-01 14:41:08,6.545
2026-09-01 14:41:09,7.907
2026-09-01 14:41:10,5.534
2026-09-01 14:41:11,5.746
2026-09-01 14:41:12,8.038
2026-09-01 14:41:13,6.572
2026-09-01 14:41:14,7.064
2026-09-01 14:41:15,6.293
2026-09-01 14:41:16,4.855
2026-09-01 14:41:17,6.583
2026-09-01 14:41:18,5.808
2026-09-01 14:41:19,5.947
2026-09-01 14:41:20,6.303
2026-09-01 14:41:21,7.296
2026-09-01 14:41:22,6.511
2026-09-01 14:41:23,6.769
2026-09-01 14:41:24,5.94
2026-09-01 14:41:25,7.125
2026-09-01 14:41:26,6.498
2026-09-01 14:41:27,6.356
2026-09-01 14:41:28,7.288
2026-09-01 14:41:29,6.084
2026-09-01 14:41:30,6.898
2026-09-01 14:41:31,5.862
2026-09-01 14:41:32,6.827
2026-09-01 14:41:33,6.3
2026-09-01 14:41:34,7.269
2026-09-01 14:41:35,7.28
2026-09-01 14:41:36,6.789
2026-09-01 14:41:37,5.925
2026-09-01 14:41:38,5.416
2026-09-01 14:41:39,7.032
2026-09-01 14:41:40,6.659
2026-09-01 14:41:41,6.134
2026-09-01 14:41:42,6.478
2026-09-01 14:41:43,7.36
2026-09-01 14:41:44,7.569
2026-09-01 14:41:45,6.345
2026-09-01 14:41:46,6.381
2026-09-01 14:41:47,7.014
2026-09-01 14:41:48,7.155
2026-09-01 14:41:49,6.603
2026-09-01 14:41:50,5.489
2026-09-01 14:41:51,6.497
2026-09-01 14:41:52,7.836
2026-09-01 14:41:53,6.022
2026-09-01 14:41:54,7.098
2026-09-01 14:41:55,7.084
2026-09-01 14:41:56,6.086
2026-09-01 14:41:57,6.301
2026-09-01 14:41:58,6.379
2026-09-01 14:41:59,6.531
2026-09-01 14:42:00,5.845
2026-09-01 14:42:01,6.726
2026-09-01 14:42:02,7.184
2026-09-01 14:42:03,6.695
2026-09-01 14:42:04,6.46
2026-09-01 14:42:05,5.326
2026-09-01 14:42:06,6.813
2026-09-01 14:42:07,7.306
2026-09-01 14:42:08,6.645
2026-09-01 14:42:09,5.956
2026-09-01 14:42:10,6.441
2026-09-01 14:42:11,5.763
2026-09-01 14:42:12,6.411
2026-09-01 14:42:13,5.96
2026-09-01 14:42:14,5.551
2026-09-01 14:42:15,6.009
2026-09-01 14:42:16,6.127
2026-09-01 14:42:17,7.221
2026-09-01 14:42:18,6.902
2026-09-01 14:42:19,5.925
2026-09-01 14:42:20,7.353
2026-09-01 14:42:21,5.381
2026-09-01 14:42:22,7.24
2026-09-01 14:42:23,6.217
2026-09-01 14:42:24,6.225
2026-09-01 14:42:25,7.227
2026-09-01 14:42:26,7.152
2026-09-01 14:42:27,6.986
2026-09-01 14:42:28,5.616
2026-09-01 14:42:29,6.185
2026-09-01 14:42:30,5.939
2026-09-01 14:42:31,7.701
2026-09-01 14:42:32,6.875
2026-09-01 14:42:33,6.595
2026-09-01 14:42:34,5.925
2026-09-01 14:42:35,5.493
2026-09-01 14:42:36,7.012
2026-09-01 14:42:37,6.543
2026-09-01 14:42:38,6.803
2026-09-01 14:42:39,7.26
2026-09-01 14:42:40,5.969
2026-09-01 14:42:41,6.207
2026-09-01 14:42:42,7.103
2026-09-01 14:42:43,6.79
2026-09-01 14:42:44,6.447
2026-09-01 14:42:45,6.484
2026-09-01 14:42:46,6.434
2026-09-01 14:42:47,7.005
2026-09-01 14:42:48,5.911
2026-09-01 14:42:49,7.365
2026-09-01 14:42:50,6.907
2026-09-01 14:42:51,6.431
2026-09-01 14:42:52,7.079
2026-09-01 14:42:53,6.052
2026-09-01 14:42:54,6.657
2026-09-01 14:42:55,6.656
2026-09-01 14:42:56,6.459
2026-09-01 14:42:57,6.192
2026-09-01 14:42:58,6.443
2026-09-01 14:42:59,6.609
2026-09-01 14:43:00,6.98
2026-09-01 14:43:01,7.163
2026-09-01 14:43:02,7.628
2026-09-01 14:43:03,6.335
2026-09-01 14:43:04,6.171
2026-09-01 14:43:05,7.408
2026-09-01 14:43:06,6.745
2026-09-01 14:43:07,7.105
2026-09-01 14:43:08,5.777
2026-09-01 14:43:09,6.661
2026-09-01 14:43:10,7.694
2026-09-01 14:43:11,6.597
2026-09-01 14:43:12,6.156
2026-09-01 14:43:13,6.551
2026-09-01 14:43:14,6.04
2026-09-01 14:43:15,6.203
2026-09-01 14:43:16,6.459
2026-09-01 14:43:17,5.881
2026-09-01 14:43:18,6.951
2026-09-01 14:43:19,7.209
2026-09-01 14:43:20,7.613
2026-09-01 14:43:21,5.615
2026-09-01 14:43:22,7.228
2026-09-01 14:43:23,7.138
2026-09-01 14:43:24,6.656
2026-09-01 14:43:25,6.28
2026-09-01 14:43:26,5.355
2026-09-01 14:43:27,6.609
2026-09-01 14:43:28,6.159
2026-09-01 14:43:29,6.31
2026-09-01 14:43:30,7.28
2026-09-01 14:43:31,6.147
2026-09-01 14:43:32,6.463
2026-09-01 14:43:33,4.929
2026-09-01 14:43:34,5.808
2026-09-01 14:43:35,6.32
2026-09-01 14:43:36,6.133
2026-09-01 14:43:37,6.764
2026-09-01 14:43:38,6.63
2026-09-01 14:43:39,6.757
2026-09-01 14:43:40,6.697
2026-09-01 14:43:41,6.885
2026-09-01 14:43:42,7.781
2026-09-01 14:43:43,6.032
2026-09-01 14:43:44,6.411
2026-09-01 14:43:45,6.307
2026-09-01 14:43:46,6.411
2026-09-01 14:43:47,5.082
2026-09-01 14:43:48,7.082
2026-09-01 14:43:49,5.822
2026-09-01 14:43:50,6.681
2026-09-01 14:43:51,6.45
2026-09-01 14:43:52,5.916
2026-09-01 14:43:53,7.299
2026-09-01 14:43:54,6.399
2026-09-01 14:43:55,5.303
2026-09-01 14:43:56,6.129
2026-09-01 14:43:57,6.52
2026-09-01 14:43:58,5.712
2026-09-01 14:43:59,6.325
2026-09-01 14:44:00,6.114
2026-09-01 14:44:01,6.314
2026-09-01 14:44:02,6.658
2026-09-01 14:44:03,7.188
2026-09-01 14:44:04,6.127
2026-09-01 14:44:05,7.742
2026-09-01 14:44:06,6.131
2026-09-01 14:44:07,7.191
2026-09-01 14:44:08,6.352
2026-09-01 14:44:09,5.333
2026-09-01 14:44:10,5.888
2026-09-01 14:44:11,5.941
2026-09-01 14:44:12,6.475
2026-09-01 14:44:13,6.487
2026-09-01 14:44:14,5.833
2026-09-01 14:44:15,6.701
2026-09-01 14:44:16,6.74
2026-09-01 14:44:17,6.299
2026-09-01 14:44:18,6.145
2026-09-01 14:44:19,6.497
2026-09-01 14:44:20,6.839
2026-09-01 14:44:21,7.072
2026-09-01 14:44:22,6.757
2026-09-01 14:44:23,5.602
2026-09-01 14:44:24,6.253
2026-09-01 14:44:25,6.138
2026-09-01 14:44:26,7.005
2026-09-01 14:44:27,6.431
2026-09-01 14:44:28,5.9
2026-09-01 14:44:29,7.212
2026-09-01 14:44:30,6.863
2026-09-01 14:44:31,5.678
2026-09-01 14:44:32,7.112
2026-09-01 14:44:33,6.983
2026-09-01 14:44:34,5.923
2026-09-01 14:44:35,6.042
2026-09-01 14:44:36,6.851
2026-09-01 14:44:37,6.816
2026-09-01 14:44:38,6.061
2026-09-01 14:44:39,6.858
2026-09-01 14:44:40,6.773
2026-09-01 14:44:41,6.034
2026-09-01 14:44:42,5.161
2026-09-01 14:44:43,5.377
2026-09-01 14:44:44,6.533
2026-09-01 14:44:45,7.116
2026-09-01 14:44:46,6.634
2026-09-01 14:44:47,5.911
2026-09-01 14:44:48,5.962
2026-09-01 14:44:49,6.313
2026-09-01 14:44:50,7.309
2026-09-01 14:44:51,6.84
2026-09-01 14:44:52,6.618
2026-09-01 14:44:53,5.59
2026-09-01 14:44:54,6.829
2026-09-01 14:44:55,5.225
2026-09-01 14:44:56,7.658
2026-09-01 14:44:57,6.315
2026-09-01 14:44:58,6.934
2026-09-01 14:44:59,6.474
2026-09-01 14:45:00,6.244
2026-09-01 14:45:01,2.558
2026-09-01 14:45:02,1.767
2026-09-01 14:45:03,2.611
2026-09-01 14:45:04,1.878
2026-09-01 14:45:05,2.102
2026-09-01 14:45:06,2.12
2026-09-01 14:45:07,1.813
2026-09-01 14:45:08,1.99
2026-09-01 14:45:09,2.334
2026-09-01 14:45:10,2.334
2026-09-01 14:45:11,2.362
2026-09-01 14:45:12,2.109
2026-09-01 14:45:13,1.725
2026-09-01 14:45:14,2.044
2026-09-01 14:45:15,1.84
2026-09-01 14:45:16,2.222
2026-09-01 14:45:17,2.392
2026-09-01 14:45:18,1.927
2026-09-01 14:45:19,1.777
2026-09-01 14:45:20,2.209
2026-09-01 14:45:21,1.98
2026-09-01 14:45:22,1.88
2026-09-01 14:45:23,2.252
2026-09-01 14:45:24,2.042
2026-09-01 14:45:25,2.081
2026-09-01 14:45:26,2.272
2026-09-01 14:45:27,2.279
2026-09-01 14:45:28,2.304
2026-09-01 14:45:29,2.096
2026-09-01 14:45:30,2.207
2026-09-01 14:45:31,1.878
2026-09-01 14:45:32,1.761
2026-09-01 14:45:33,2.071
2026-09-01 14:45:34,2.177
2026-09-01 14:45:35,2.389
2026-09-01 14:45:36,2.293
2026-09-01 14:45:37,2.387
2026-09-01 14:45:38,2.141
2026-09-01 14:45:39,1.811
2026-09-01 14:45:40,1.455
2026-09-01 14:45:41,2.285
2026-09-01 14:45:42,2.233
2026-09-01 14:45:43,2.179
2026-09-01 14:45:44,1.846
2026-09-01 14:45:45,1.774
2026-09-01 14:45:46,2.051
2026-09-01 14:45:47,2.122
2026-09-01 14:45:48,2.031
2026-09-01 14:45:49,2.272
2026-09-01 14:45:50,2.301
2026-09-01 14:45:51,2.205
2026-09-01 14:45:52,2.058
2026-09-01 14:45:53,2.387
2026-09-01 14:45:54,1.956
2026-09-01 14:45:55,2.335
2026-09-01 14:45:56,1.557
2026-09-01 14:45:57,1.69
2026-09-01 14:45:58,2.477
2026-09-01 14:45:59,2.159
2026-09-01 14:46:00,2.183
2026-09-01 14:46:01,1.735
2026-09-01 14:46:02,1.512
2026-09-01 14:46:03,2.08
2026-09-01 14:46:04,2.204
2026-09-01 14:46:05,2.004
2026-09-01 14:46:06,2.384
2026-09-01 14:46:07,2.022
2026-09-01 14:46:08,2.287
2026-09-01 14:46:09,2.106
2026-09-01 14:46:10,2.265
2026-09-01 14:46:11,2.315
2026-09-01 14:46:12,2.09
2026-09-01 14:46:13,2.247
2026-09-01 14:46:14,2.315
2026-09-01 14:46:15,2.491
2026-09-01 14:46:16,1.685
2026-09-01 14:46:17,2.302
2026-09-01 14:46:18,1.89
2026-09-01 14:46:19,2.368
2026-09-01 14:46:20,2.93
2026-09-01 14:46:21,1.993
2026-09-01 14:46:22,1.92
2026-09-01 14:46:23,2.405
2026-09-01 14:46:24,2.434
2026-09-01 14:46:25,1.592
2026-09-01 14:46:26,2.113
2026-09-01 14:46:27,1.697
2026-09-01 14:46:28,1.962
2026-09-01 14:46:29,2.263
2026-09-01 14:46:30,1.823
2026-09-01 14:46:31,2.58
2026-09-01 14:46:32,2.194
2026-09-01 14:46:33,1.919
2026-09-01 14:46:34,2.419
2026-09-01 14:46:35,1.966
2026-09-01 14:46:36,2.276
2026-09-01 14:46:37,2.072
2026-09-01 14:46:38,2.25
2026-09-01 14:46:39,2.173
2026-09-01 14:46:40,2.313
2026-09-01 14:46:41,2.524
2026-09-01 14:46:42,2.355
2026-09-01 14:46:43,2.312
2026-09-01 14:46:44,1.95
2026-09-01 14:46:45,2.277
2026-09-01 14:46:46,2.032
2026-09-01 14:46:47,2.089
2026-09-01 14:46:48,2.362
2026-09-01 14:46:49,2.206
2026-09-01 14:46:50,2.073
2026-09-01 14:46:51,1.687
2026-09-01 14:46:52,2.09
2026-09-01 14:46:53,2.164
2026-09-01 14:46:54,1.821
2026-09-01 14:46:55,2.081
2026-09-01 14:46:56,2.407
2026-09-01 14:46:57,2.38
2026-09-01 14:46:58,2.108
2026-09-01 14:46:59,2.214
2026-09-01 14:47:00,2.343
2026-09-01 14:47:01,2.287
2026-09-01 14:47:02,2.003
2026-09-01 14:47:03,2.211
2026-09-01 14:47:04,2.347
2026-09-01 14:47:05,2.132
2026-09-01 14:47:06,1.87
2026-09-01 14:47:07,2.4
2026-09-01 14:47:08,1.994
2026-09-01 14:47:09,2.394
2026-09-01 14:47:10,2.098
2026-09-01 14:47:11,2.144
2026-09-01 14:47:12,2.239
2026-09-01 14:47:13,2.23
2026-09-01 14:47:14,1.838
2026-09-01 14:47:15,1.77
2026-09-01 14:47:16,1.997
2026-09-01 14:47:17,1.756
2026-09-01 14:47:18,2.126
2026-09-01 14:47:19,1.677
2026-09-01 14:47:20,2.074
2026-09-01 14:47:21,1.839
2026-09-01 14:47:22,2.426
2026-09-01 14:47:23,2.554
2026-09-01 14:47:24,2.151
2026-09-01 14:47:25,2.332
2026-09-01 14:47:26,2.074
2026-09-01 14:47:27,1.834
2026-09-01 14:47:28,2.011
2026-09-01 14:47:29,1.85
2026-09-01 14:47:30,2.359
2026-09-01 14:47:31,2.038
2026-09-01 14:47:32,2.113
2026-09-01 14:47:33,2.134
2026-09-01 14:47:34,2.222
2026-09-01 14:47:35,1.47
2026-09-01 14:47:36,2.035
2026-09-01 14:47:37,2.296
2026-09-01 14:47:38,2.697
2026-09-01 14:47:39,1.8
2026-09-01 14:47:40,2.453
2026-09-01 14:47:41,2.424
2026-09-01 14:47:42,2.087
2026-09-01 14:47:43,2.011
2026-09-01 14:47:44,1.94
2026-09-01 14:47:45,2.033
2026-09-01 14:47:46,2.436
2026-09-01 14:47:47,2.314
2026-09-01 14:47:48,2.155
2026-09-01 14:47:49,1.774
2026-09-01 14:47:50,2.118
2026-09-01 14:47:51,1.764
2026-09-01 14:47:52,1.899
2026-09-01 14:47:53,1.64
2026-09-01 14:47:54,2.409
2026-09-01 14:47:55,2.189
2026-09-01 14:47:56,2.332
2026-09-01 14:47:57,2.196
2026-09-01 14:47:58,1.666
2026-09-01 14:47:59,2.048
2026-09-01 14:48:00,2.44
2026-09-01 14:48:01,1.933
2026-09-01 14:48:02,2.186
2026-09-01 14:48:03,1.846
2026-09-01 14:48:04,1.842
2026-09-01 14:48:05,1.805
2026-09-01 14:48:06,2.125
2026-09-01 14:48:07,2.008
2026-09-01 14:48:08,1.843
2026-09-01 14:48:09,1.952
2026-09-01 14:48:10,1.909
2026-09-01 14:48:11,1.948
2026-09-01 14:48:12,2.499
2026-09-01 14:48:13,2.296
2026-09-01 14:48:14,2.349
2026-09-01 14:48:15,1.735
2026-09-01 14:48:16,2.784
2026-09-01 14:48:17,2.442
2026-09-01 14:48:18,2.135
2026-09-01 14:48:19,1.944
2026-09-01 14:48:20,2.354
2026-09-01 14:48:21,1.56
2026-09-01 14:48:22,2.124
2026-09-01 14:48:23,1.993
2026-09-01 14:48:24,2.254
2026-09-01 14:48:25,2.087
2026-09-01 14:48:26,1.738
2026-09-01 14:48:27,2.281
2026-09-01 14:48:28,2.136
2026-09-01 14:48:29,2.384
2026-09-01 14:48:30,2.154
2026-09-01 14:48:31,2.19
2026-09-01 14:48:32,2.014
2026-09-01 14:48:33,2.168
2026-09-01 14:48:34,2.354
2026-09-01 14:48:35,1.933
2026-09-01 14:48:36,2.138
2026-09-01 14:48:37,2.062
2026-09-01 14:48:38,2.744
2026-09-01 14:48:39,2.142
2026-09-01 14:48:40,1.993
2026-09-01 14:48:41,2.045
2026-09-01 14:48:42,2.101
2026-09-01 14:48:43,2.159
2026-09-01 14:48:44,2.172
2026-09-01 14:48:45,2.055
2026-09-01 14:48:46,1.533
2026-09-01 14:48:47,2.095
2026-09-01 14:48:48,2.373
2026-09-01 14:48:49,2.158
2026-09-01 14:48:50,1.982
2026-09-01 14:48:51,1.857
2026-09-01 14:48:52,1.768
2026-09-01 14:48:53,1.731
2026-09-01 14:48:54,1.811
2026-09-01 14:48:55,1.664
2026-09-01 14:48:56,2.583
2026-09-01 14:48:57,2.127
2026-09-01 14:48:58,1.736
2026-09-01 14:48:59,1.982
2026-09-01 14:49:00,2.296
2026-09-01 14:49:01,2.373
2026-09-01 14:49:02,2.56
2026-09-01 14:49:03,2.349
2026-09-01 14:49:04,1.889
2026-09-01 14:49:05,2.28
2026-09-01 14:49:06,2.411
2026-09-01 14:49:07,2.364
2026-09-01 14:49:08,2.091
2026-09-01 14:49:09,1.815
2026-09-01 14:49:10,1.89
2026-09-01 14:49:11,2.059
2026-09-01 14:49:12,1.784
2026-09-01 14:49:13,2.027
2026-09-01 14:49:14,2.402
2026-09-01 14:49:15,2.261
2026-09-01 14:49:16,2.036
2026-09-01 14:49:17,2.55
2026-09-01 14:49:18,2.357
2026-09-01 14:49:19,2.139
2026-09-01 14:49:20,2.092
2026-09-01 14:49:21,2.5
2026-09-01 14:49:22,1.96
2026-09-01 14:49:23,1.927
2026-09-01 14:49:24,2.761
2026-09-01 14:49:25,2.111
2026-09-01 14:49:26,2.108
2026-09-01 14:49:27,2.135
2026-09-01 14:49:28,2.39
2026-09-01 14:49:29,2.61
2026-09-01 14:49:30,1.812
2026-09-01 14:49:31,1.995
2026-09-01 14:49:32,1.901
2026-09-01 14:49:33,2.136
2026-09-01 14:49:34,1.841
2026-09-01 14:49:35,2.091
2026-09-01 14:49:36,2.29
2026-09-01 14:49:37,2.108
2026-09-01 14:49:38,2.053
2026-09-01 14:49:39,2.231
2026-09-01 14:49:40,2.089
2026-09-01 14:49:41,2.235
2026-09-01 14:49:42,2.493
2026-09-01 14:49:43,1.781
2026-09-01 14:49:44,1.939
2026-09-01 14:49:45,2.078
2026-09-01 14:49:46,2.31
2026-09-01 14:49:47,1.834
2026-09-01 14:49:48,2.179
2026-09-01 14:49:49,2.08
2026-09-01 14:49:50,2.004
2026-09-01 14:49:51,2.313
2026-09-01 14:49:52,2.088
2026-09-01 14:49:53,2.086
2026-09-01 14:49:54,2.52
2026-09-01 14:49:55,2.418
2026-09-01 14:49:56,2.031
2026-09-01 14:49:57,2.295
2026-09-01 14:49:58,2.389
2026-09-01 14:49:59,2.192
2026-09-01 14:50:00,1.881
2026-09-01 14:50:01,1.816
2026-09-01 14:50:02,2.561
2026-09-01 14:50:03,1.959
2026-09-01 14:50:04,1.605
2026-09-01 14:50:05,1.905
2026-09-01 14:50:06,2.441
2026-09-01 14:50:07,1.379
2026-09-01 14:50:08,2.268
2026-09-01 14:50:09,2.099
2026-09-01 14:50:10,2.516
2026-09-01 14:50:11,1.623
2026-09-01 14:50:12,2.317
2026-09-01 14:50:13,2.002
2026-09-01 14:50:14,2.211
2026-09-01 14:50:15,2.384
2026-09-01 14:50:16,1.96
2026-09-01 14:50:17,2.11
2026-09-01 14:50:18,1.79
2026-09-01 14:50:19,2.1
2026-09-01 14:50:20,1.727
2026-09-01 14:50:21,2.053
2026-09-01 14:50:22,2.593
2026-09-01 14:50:23,1.663
2026-09-01 14:50:24,2.107
2026-09-01 14:50:25,2.012
2026-09-01 14:50:26,1.835
2026-09-01 14:50:27,2.24
2026-09-01 14:50:28,2.171
2026-09-01 14:50:29,2.027
2026-09-01 14:50:30,2.091
2026-09-01 14:50:31,2.217
2026-09-01 14:50:32,2.222
2026-09-01 14:50:33,2.026
2026-09-01 14:50:34,2.053
2026-09-01 14:50:35,2.038
2026-09-01 14:50:36,1.926
2026-09-01 14:50:37,1.813
2026-09-01 14:50:38,2.199
2026-09-01 14:50:39,2.311
2026-09-01 14:50:40,2.36
2026-09-01 14:50:41,2.057
2026-09-01 14:50:42,1.944
2026-09-01 14:50:43,1.708
2026-09-01 14:50:44,2.006
2026-09-01 14:50:45,1.846
2026-09-01 14:50:46,2.727
2026-09-01 14:50:47,2.146
2026-09-01 14:50:48,2.076
2026-09-01 14:50:49,2.235
2026-09-01 14:50:50,2.279
2026-09-01 14:50:51,2.209
2026-09-01 14:50:52,2.2
2026-09-01 14:50:53,1.9
2026-09-01 14:50:54,1.676
2026-09-01 14:50:55,2.287
2026-09-01 14:50:56,1.839
2026-09-01 14:50:57,2.226
2026-09-01 14:50:58,2.103
2026-09-01 14:50:59,2.037
2026-09-01 14:51:00,2.049
2026-09-01 14:51:01,2.333
2026-09-01 14:51:02,2.188
2026-09-01 14:51:03,2.237
2026-09-01 14:51:04,2.362
2026-09-01 14:51:05,1.629
2026-09-01 14:51:06,1.65
2026-09-01 14:51:07,2.023
2026-09-01 14:51:08,2.034
2026-09-01 14:51:09,1.86
2026-09-01 14:51:10,1.824
2026-09-01 14:51:11,1.992
2026-09-01 14:51:12,2.732
2026-09-01 14:51:13,2.069
2026-09-01 14:51:14,1.979
2026-09-01 14:51:15,2.132
2026-09-01 14:51:16,2.012
2026-09-01 14:51:17,2.213
2026-09-01 14:51:18,1.745
2026-09-01 14:51:19,2.011
2026-09-01 14:51:20,2.028
2026-09-01 14:51:21,2.331
2026-09-01 14:51:22,2.031
2026-09-01 14:51:23,2.677
2026-09-01 14:51:24,2.362
2026-09-01 14:51:25,2.254
2026-09-01 14:51:26,2.092
2026-09-01 14:51:27,2.331
2026-09-01 14:51:28,1.89
2026-09-01 14:51:29,2.327
2026-09-01 14:51:30,2.357
2026-09-01 14:51:31,2.128
2026-09-01 14:51:32,2.185
2026-09-01 14:51:33,2.215
2026-09-01 14:51:34,2.505
2026-09-01 14:51:35,2.269
2026-09-01 14:51:36,2.108
2026-09-01 14:51:37,1.974
2026-09-01 14:51:38,2.254
2026-09-01 14:51:39,2.081
2026-09-01 14:51:40,1.98
2026-09-01 14:51:41,2.068
2026-09-01 14:51:42,2.081
2026-09-01 14:51:43,2.201
2026-09-01 14:51:44,2.236
2026-09-01 14:51:45,2.394
2026-09-01 14:51:46,2.628
2026-09-01 14:51:47,1.915
2026-09-01 14:51:48,2.079
2026-09-01 14:51:49,1.993
2026-09-01 14:51:50,2.135
2026-09-01 14:51:51,1.59
2026-09-01 14:51:52,2.291
2026-09-01 14:51:53,1.507
2026-09-01 14:51:54,2.048
2026-09-01 14:51:55,2.115
2026-09-01 14:51:56,2.299
2026-09-01 14:51:57,1.787
2026-09-01 14:51:58,2.251
2026-09-01 14:51:59,1.759
2026-09-01 14:52:00,1.645
2026-09-01 14:52:01,2.544
2026-09-01 14:52:02,2.157
2026-09-01 14:52:03,1.944
2026-09-01 14:52:04,1.841
2026-09-01 14:52:05,1.749
2026-09-01 14:52:06,2.024
2026-09-01 14:52:07,2.036
2026-09-01 14:52:08,2.413
2026-09-01 14:52:09,2.041
2026-09-01 14:52:10,2.084
2026-09-01 14:52:11,1.693
2026-09-01 14:52:12,1.983
2026-09-01 14:52:13,2.0
2026-09-01 14:52:14,2.311
2026-09-01 14:52:15,2.422
2026-09-01 14:52:16,2.303
2026-09-01 14:52:17,2.358
2026-09-01 14:52:18,1.706
2026-09-01 14:52:19,1.824
2026-09-01 14:52:20,2.39
2026-09-01 14:52:21,2.725
2026-09-01 14:52:22,1.79
2026-09-01 14:52:23,1.945
2026-09-01 14:52:24,2.171
2026-09-01 14:52:25,2.357
2026-09-01 14:52:26,2.097
2026-09-01 14:52:27,2.551
2026-09-01 14:52:28,1.844
2026-09-01 14:52:29,2.031
2026-09-01 14:52:30,2.214
2026-09-01 14:52:31,2.064
2026-09-01 14:52:32,1.96
2026-09-01 14:52:33,1.902
2026-09-01 14:52:34,2.438
2026-09-01 14:52:35,1.839
2026-09-01 14:52:36,2.623
2026-09-01 14:52:37,2.054
2026-09-01 14:52:38,2.397
2026-09-01 14:52:39,2.612
2026-09-01 14:52:40,2.049
2026-09-01 14:52:41,1.756
2026-09-01 14:52:42,2.319
2026-09-01 14:52:43,2.066
2026-09-01 14:52:44,2.456
2026-09-01 14:52:45,2.104
2026-09-01 14:52:46,2.23
2026-09-01 14:52:47,2.102
2026-09-01 14:52:48,2.349
2026-09-01 14:52:49,2.269
2026-09-01 14:52:50,2.491
2026-09-01 14:52:51,2.056
2026-09-01 14:52:52,2.032
2026-09-01 14:52:53,2.12
2026-09-01 14:52:54,2.319
2026-09-01 14:52:55,1.954
2026-09-01 14:52:56,2.213
2026-09-01 14:52:57,2.087
2026-09-01 14:52:58,2.364
2026-09-01 14:52:59,1.85
2026-09-01 14:53:00,2.289
2026-09-01 14:53:01,1.584
2026-09-01 14:53:02,2.234
2026-09-01 14:53:03,2.109
2026-09-01 14:53:04,1.762
2026-09-01 14:53:05,2.15
2026-09-01 14:53:06,2.087
2026-09-01 14:53:07,2.356
2026-09-01 14:53:08,2.109
2026-09-01 14:53:09,2.2
2026-09-01 14:53:10,2.63
2026-09-01 14:53:11,2.177
2026-09-01 14:53:12,1.722
2026-09-01 14:53:13,2.215
2026-09-01 14:53:14,2.656
2026-09-01 14:53:15,2.689
2026-09-01 14:53:16,2.125
2026-09-01 14:53:17,2.201
2026-09-01 14:53:18,2.33
2026-09-01 14:53:19,1.926
2026-09-01 14:53:20,2.217
2026-09-01 14:53:21,2.188
2026-09-01 14:53:22,1.783
2026-09-01 14:53:23,2.053
2026-09-01 14:53:24,2.631
2026-09-01 14:53:25,1.961
2026-09-01 14:53:26,2.133
2026-09-01 14:53:27,2.375
2026-09-01 14:53:28,2.192
2026-09-01 14:53:29,2.357
2026-09-01 14:53:30,2.233
2026-09-01 14:53:31,2.347
2026-09-01 14:53:32,1.949
2026-09-01 14:53:33,2.273
2026-09-01 14:53:34,2.126
2026-09-01 14:53:35,1.908
2026-09-01 14:53:36,1.865
2026-09-01 14:53:37,2.102
2026-09-01 14:53:38,2.037
2026-09-01 14:53:39,1.928
2026-09-01 14:53:40,2.387
2026-09-01 14:53:41,2.444
2026-09-01 14:53:42,1.933
2026-09-01 14:53:43,2.051
2026-09-01 14:53:44,1.537
2026-09-01 14:53:45,2.386
2026-09-01 14:53:46,1.891
2026-09-01 14:53:47,1.762
2026-09-01 14:53:48,2.373
2026-09-01 14:53:49,2.658
2026-09-01 14:53:50,2.519
2026-09-01 14:53:51,1.718
2026-09-01 14:53:52,2.115
2026-09-01 14:53:53,2.128
2026-09-01 14:53:54,2.184
2026-09-01 14:53:55,2.155
2026-09-01 14:53:56,2.462
2026-09-01 14:53:57,1.888
2026-09-01 14:53:58,1.916
2026-09-01 14:53:59,2.159
2026-09-01 14:54:00,2.015
2026-09-01 14:54:01,1.878
2026-09-01 14:54:02,2.196
2026-09-01 14:54:03,1.891
2026-09-01 14:54:04,2.161
2026-09-01 14:54:05,2.084
2026-09-01 14:54:06,2.015
2026-09-01 14:54:07,1.713
2026-09-01 14:54:08,1.768
2026-09-01 14:54:09,2.401
2026-09-01 14:54:10,2.193
2026-09-01 14:54:11,2.207
2026-09-01 14:54:12,2.121
2026-09-01 14:54:13,1.941
2026-09-01 14:54:14,2.579
2026-09-01 14:54:15,1.79
2026-09-01 14:54:16,2.107
2026-09-01 14:54:17,2.103
2026-09-01 14:54:18,2.386
2026-09-01 14:54:19,2.258
2026-09-01 14:54:20,2.24
2026-09-01 14:54:21,2.215
2026-09-01 14:54:22,2.211
2026-09-01 14:54:23,2.11
2026-09-01 14:54:24,2.702
2026-09-01 14:54:25,2.283
2026-09-01 14:54:26,2.159
2026-09-01 14:54:27,2.011
2026-09-01 14:54:28,1.741
2026-09-01 14:54:29,2.344
2026-09-01 14:54:30,2.085
2026-09-01 14:54:31,2.387
2026-09-01 14:54:32,1.991
2026-09-01 14:54:33,2.295
2026-09-01 14:54:34,1.95
2026-09-01 14:54:35,1.973
2026-09-01 14:54:36,1.862
2026-09-01 14:54:37,2.078
2026-09-01 14:54:38,2.781
2026-09-01 14:54:39,2.102
2026-09-01 14:54:40,2.329
2026-09-01 14:54:41,1.603
2026-09-01 14:54:42,2.362
2026-09-01 14:54:43,2.157
2026-09-01 14:54:44,1.9
2026-09-01 14:54:45,1.763
2026-09-01 14:54:46,2.133
2026-09-01 14:54:47,2.225
2026-09-01 14:54:48,2.255
2026-09-01 14:54:49,2.409
2026-09-01 14:54:50,2.321
2026-09-01 14:54:51,2.288
2026-09-01 14:54:52,2.336
2026-09-01 14:54:53,1.74
2026-09-01 14:54:54,1.965
2026-09-01 14:54:55,2.084
2026-09-01 14:54:56,2.068
2026-09-01 14:54:57,2.048
2026-09-01 14:54:58,2.106
2026-09-01 14:54:59,1.853
2026-09-01 14:55:00,2.002
2026-09-01 14:55:01,1.774
2026-09-01 14:55:02,2.133
2026-09-01 14:55:03,2.252
2026-09-01 14:55:04,2.265
2026-09-01 14:55:05,2.047
2026-09-01 14:55:06,1.867
2026-09-01 14:55:07,2.239
2026-09-01 14:55:08,2.477
2026-09-01 14:55:09,2.119
2026-09-01 14:55:10,2.03
2026-09-01 14:55:11,2.311
2026-09-01 14:55:12,2.227
2026-09-01 14:55:13,2.553
2026-09-01 14:55:14,1.926
2026-09-01 14:55:15,1.926
2026-09-01 14:55:16,1.957
2026-09-01 14:55:17,2.343
2026-09-01 14:55:18,2.172
2026-09-01 14:55:19,2.126
2026-09-01 14:55:20,2.51
2026-09-01 14:55:21,2.148
2026-09-01 14:55:22,1.92
2026-09-01 14:55:23,2.359
2026-09-01 14:55:24,2.017
2026-09-01 14:55:25,2.159
2026-09-01 14:55:26,2.096
2026-09-01 14:55:27,2.203
2026-09-01 14:55:28,1.863
2026-09-01 14:55:29,2.268
2026-09-01 14:55:30,2.085
2026-09-01 14:55:31,2.075
2026-09-01 14:55:32,1.915
2026-09-01 14:55:33,1.936
2026-09-01 14:55:34,2.103
2026-09-01 14:55:35,1.957
2026-09-01 14:55:36,1.793
2026-09-01 14:55:37,2.506
2026-09-01 14:55:38,1.69
2026-09-01 14:55:39,2.211
2026-09-01 14:55:40,1.854
2026-09-01 14:55:41,2.204
2026-09-01 14:55:42,2.335
2026-09-01 14:55:43,2.175
2026-09-01 14:55:44,1.879
2026-09-01 14:55:45,2.172
2026-09-01 14:55:46,1.807
2026-09-01 14:55:47,2.614
2026-09-01 14:55:48,2.236
2026-09-01 14:55:49,2.414
2026-09-01 14:55:50,2.512
2026-09-01 14:55:51,1.55
2026-09-01 14:55:52,1.888
2026-09-01 14:55:53,2.019
2026-09-01 14:55:54,2.36
2026-09-01 14:55:55,1.979
2026-09-01 14:55:56,1.953
2026-09-01 14:55:57,1.917
2026-09-01 14:55:58,2.226
2026-09-01 14:55:59,1.943
2026-09-01 14:56:00,1.617
2026-09-01 14:56:01,2.064
2026-09-01 14:56:02,2.171
2026-09-01 14:56:03,1.844
2026-09-01 14:56:04,1.775
2026-09-01 14:56:05,1.416
2026-09-01 14:56:06,2.332
2026-09-01 14:56:07,2.104
2026-09-01 14:56:08,2.318
2026-09-01 14:56:09,1.993
2026-09-01 14:56:10,2.008
2026-09-01 14:56:11,2.14
2026-09-01 14:56:12,1.825
2026-09-01 14:56:13,2.343
2026-09-01 14:56:14,2.095
2026-09-01 14:56:15,2.108
2026-09-01 14:56:16,2.082
2026-09-01 14:56:17,2.312
2026-09-01 14:56:18,2.222
2026-09-01 14:56:19,2.4
2026-09-01 14:56:20,1.825
2026-09-01 14:56:21,2.598
2026-09-01 14:56:22,2.182
2026-09-01 14:56:23,1.841
2026-09-01 14:56:24,2.384
2026-09-01 14:56:25,1.986
2026-09-01 14:56:26,1.81
2026-09-01 14:56:27,2.32
2026-09-01 14:56:28,2.071
2026-09-01 14:56:29,1.949
2026-09-01 14:56:30,1.939
2026-09-01 14:56:31,2.327
2026-09-01 14:56:32,2.396
2026-09-01 14:56:33,2.079
2026-09-01 14:56:34,1.708
2026-09-01 14:56:35,2.258
2026-09-01 14:56:36,2.211
2026-09-01 14:56:37,2.061
2026-09-01 14:56:38,2.227
2026-09-01 14:56:39,2.227
2026-09-01 14:56:40,2.223
2026-09-01 14:56:41,2.108
2026-09-01 14:56:42,2.28
2026-09-01 14:56:43,1.545
2026-09-01 14:56:44,2.199
2026-09-01 14:56:45,2.117
2026-09-01 14:56:46,1.974
2026-09-01 14:56:47,2.518
2026-09-01 14:56:48,2.206
2026-09-01 14:56:49,1.697
2026-09-01 14:56:50,2.337
2026-09-01 14:56:51,2.215
2026-09-01 14:56:52,2.466
2026-09-01 14:56:53,2.124
2026-09-01 14:56:54,1.872
2026-09-01 14:56:55,2.045
2026-09-01 14:56:56,2.062
2026-09-01 14:56:57,2.193
2026-09-01 14:56:58,2.103
2026-09-01 14:56:59,2.367
2026-09-01 14:57:00,2.13
2026-09-01 14:57:01,1.924
2026-09-01 14:57:02,2.048
2026-09-01 14:57:03,2.523
2026-09-01 14:57:04,2.425
2026-09-01 14:57:05,2.322
2026-09-01 14:57:06,1.965
2026-09-01 14:57:07,2.311
2026-09-01 14:57:08,2.036
2026-09-01 14:57:09,1.806
2026-09-01 14:57:10,1.896
2026-09-01 14:57:11,2.151
2026-09-01 14:57:12,1.919
2026-09-01 14:57:13,2.224
2026-09-01 14:57:14,2.152
2026-09-01 14:57:15,2.218
2026-09-01 14:57:16,1.732
2026-09-01 14:57:17,2.217
2026-09-01 14:57:18,2.141
2026-09-01 14:57:19,2.072
2026-09-01 14:57:20,2.078
2026-09-01 14:57:21,1.766
2026-09-01 14:57:22,1.989
2026-09-01 14:57:23,2.156
2026-09-01 14:57:24,2.369
2026-09-01 14:57:25,2.243
2026-09-01 14:57:26,1.795
2026-09-01 14:57:27,2.069
2026-09-01 14:57:28,2.566
2026-09-01 14:57:29,2.413
2026-09-01 14:57:30,2.443
2026-09-01 14:57:31,2.218
2026-09-01 14:57:32,2.127
2026-09-01 14:57:33,1.806
2026-09-01 14:57:34,2.326
2026-09-01 14:57:35,1.936
2026-09-01 14:57:36,1.795
2026-09-01 14:57:37,1.921
2026-09-01 14:57:38,2.173
2026-09-01 14:57:39,2.257
2026-09-01 14:57:40,2.115
2026-09-01 14:57:41,2.449
2026-09-01 14:57:42,2.155
2026-09-01 14:57:43,2.209
2026-09-01 14:57:44,2.214
2026-09-01 14:57:45,2.135
2026-09-01 14:57:46,1.789
2026-09-01 14:57:47,2.221
2026-09-01 14:57:48,2.076
2026-09-01 14:57:49,2.046
2026-09-01 14:57:50,2.443
2026-09-01 14:57:51,2.13
2026-09-01 14:57:52,2.359
2026-09-01 14:57:53,2.053
2026-09-01 14:57:54,2.491
2026-09-01 14:57:55,2.006
2026-09-01 14:57:56,2.086
2026-09-01 14:57:57,2.318
2026-09-01 14:57:58,2.24
2026-09-01 14:57:59,2.17
2026-09-01 14:58:00,1.662
2026-09-01 14:58:01,1.934
2026-09-01 14:58:02,2.015
2026-09-01 14:58:03,2.167
2026-09-01 14:58:04,1.934
2026-09-01 14:58:05,2.871
2026-09-01 14:58:06,2.675
2026-09-01 14:58:07,1.924
2026-09-01 14:58:08,1.843
2026-09-01 14:58:09,2.501
2026-09-01 14:58:10,2.443
2026-09-01 14:58:11,1.928
2026-09-01 14:58:12,2.0
2026-09-01 14:58:13,2.243
2026-09-01 14:58:14,2.228
2026-09-01 14:58:15,2.049
2026-09-01 14:58:16,2.49
2026-09-01 14:58:17,2.282
2026-09-01 14:58:18,1.876
2026-09-01 14:58:19,2.195
2026-09-01 14:58:20,1.693
2026-09-01 14:58:21,1.894
2026-09-01 14:58:22,2.256
2026-09-01 14:58:23,2.352
2026-09-01 14:58:24,2.195
2026-09-01 14:58:25,2.048
2026-09-01 14:58:26,2.015
2026-09-01 14:58:27,2.138
2026-09-01 14:58:28,1.678
2026-09-01 14:58:29,2.277
2026-09-01 14:58:30,2.15
2026-09-01 14:58:31,2.013
2026-09-01 14:58:32,2.179
2026-09-01 14:58:33,1.854
2026-09-01 14:58:34,2.075
2026-09-01 14:58:35,1.746
2026-09-01 14:58:36,1.754
2026-09-01 14:58:37,2.157
2026-09-01 14:58:38,2.168
2026-09-01 14:58:39,2.22
2026-09-01 14:58:40,1.951
2026-09-01 14:58:41,2.165
2026-09-01 14:58:42,2.026
2026-09-01 14:58:43,1.747
2026-09-01 14:58:44,2.088
2026-09-01 14:58:45,1.854
2026-09-01 14:58:46,1.919
2026-09-01 14:58:47,1.861
2026-09-01 14:58:48,1.828
2026-09-01 14:58:49,2.301
2026-09-01 14:58:50,2.159
2026-09-01 14:58:51,2.036
2026-09-01 14:58:52,2.346
2026-09-01 14:58:53,1.995
2026-09-01 14:58:54,2.161
2026-09-01 14:58:55,1.993
2026-09-01 14:58:56,1.792
2026-09-01 14:58:57,2.624
2026-09-01 14:58:58,1.913
2026-09-01 14:58:59,2.031
2026-09-01 14:59:00,2.044
2026-09-01 14:59:01,2.523
2026-09-01 14:59:02,2.512
2026-09-01 14:59:03,2.179
2026-09-01 14:59:04,2.184
2026-09-01 14:59:05,2.287
2026-09-01 14:59:06,2.307
2026-09-01 14:59:07,2.25
2026-09-01 14:59:08,1.846
2026-09-01 14:59:09,2.055
2026-09-01 14:59:10,2.348
2026-09-01 14:59:11,2.113
2026-09-01 14:59:12,2.437
2026-09-01 14:59:13,2.208
2026-09-01 14:59:14,1.985
2026-09-01 14:59:15,2.075
2026-09-01 14:59:16,2.047
2026-09-01 14:59:17,1.859
2026-09-01 14:59:18,2.031
2026-09-01 14:59:19,1.863
2026-09-01 14:59:20,2.361
2026-09-01 14:59:21,1.984
2026-09-01 14:59:22,2.006
2026-09-01 14:59:23,2.159
2026-09-01 14:59:24,1.805
2026-09-01 14:59:25,1.889
2026-09-01 14:59:26,2.154
2026-09-01 14:59:27,2.299
2026-09-01 14:59:28,1.839
2026-09-01 14:59:29,1.879
2026-09-01 14:59:30,1.802
2026-09-01 14:59:31,2.058
2026-09-01 14:59:32,1.983
2026-09-01 14:59:33,1.768
2026-09-01 14:59:34,2.014
2026-09-01 14:59:35,2.06
2026-09-01 14:59:36,1.581
2026-09-01 14:59:37,2.34
2026-09-01 14:59:38,2.349
2026-09-01 14:59:39,2.119
2026-09-01 14:59:40,2.552
2026-09-01 14:59:41,2.56
2026-09-01 14:59:42,1.961
2026-09-01 14:59:43,2.526
2026-09-01 14:59:44,1.783
2026-09-01 14:59:45,1.891
2026-09-01 14:59:46,2.305
2026-09-01 14:59:47,1.998
2026-09-01 14:59:48,1.968
2026-09-01 14:59:49,2.177
2026-09-01 14:59:50,1.584
2026-09-01 14:59:51,1.8
2026-09-01 14:59:52,2.265
2026-09-01 14:59:53,2.357
2026-09-01 14:59:54,2.303
2026-09-01 14:59:55,1.909
2026-09-01 14:59:56,2.367
2026-09-01 14:59:57,2.252
2026-09-01 14:59:58,1.899
2026-09-01 14:59:59,1.874
2026-09-01 15:00:00,2.137
2026-09-01 15:00:01,2.469
2026-09-01 15:00:02,1.863
2026-09-01 15:00:03,2.036
2026-09-01 15:00:04,1.934
2026-09-01 15:00:05,1.885
2026-09-01 15:00:06,1.99
2026-09-01 15:00:07,2.243
2026-09-01 15:00:08,1.977
2026-09-01 15:00:09,2.179
2026-09-01 15:00:10,1.808
2026-09-01 15:00:11,2.071
2026-09-01 15:00:12,2.814
2026-09-01 15:00:13,1.988
2026-09-01 15:00:14,1.663
2026-09-01 15:00:15,2.02
2026-09-01 15:00:16,2.05
2026-09-01 15:00:17,2.242
2026-09-01 15:00:18,2.398
2026-09-01 15:00:19,2.059
2026-09-01 15:00:20,2.602
2026-09-01 15:00:21,2.158
2026-09-01 15:00:22,2.186
2026-09-01 15:00:23,1.956
2026-09-01 15:00:24,2.152
2026-09-01 15:00:25,2.103
2026-09-01 15:00:26,2.02
2026-09-01 15:00:27,2.041
2026-09-01 15:00:28,1.967
2026-09-01 15:00:29,1.792
2026-09-01 15:00:30,2.237
2026-09-01 15:00:31,1.918
2026-09-01 15:00:32,2.126
2026-09-01 15:00:33,1.97
2026-09-01 15:00:34,1.956
2026-09-01 15:00:35,2.429
2026-09-01 15:00:36,1.605
2026-09-01 15:00:37,1.833
2026-09-01 15:00:38,2.798
2026-09-01 15:00:39,1.814
2026-09-01 15:00:40,2.387
2026-09-01 15:00:41,2.146
2026-09-01 15:00:42,1.744
2026-09-01 15:00:43,1.774
2026-09-01 15:00:44,2.011
2026-09-01 15:00:45,2.014
2026-09-01 15:00:46,2.136
2026-09-01 15:00:47,2.24
2026-09-01 15:00:48,2.017
2026-09-01 15:00:49,1.958
2026-09-01 15:00:50,2.223
2026-09-01 15:00:51,2.484
2026-09-01 15:00:52,2.184
2026-09-01 15:00:53,2.465
2026-09-01 15:00:54,2.505
2026-09-01 15:00:55,2.51
2026-09-01 15:00:56,1.839
2026-09-01 15:00:57,1.993
2026-09-01 15:00:58,1.89
2026-09-01 15:00:59,2.035
2026-09-01 15:01:00,1.964
2026-09-01 15:01:01,2.586
2026-09-01 15:01:02,1.9
2026-09-01 15:01:03,1.889
2026-09-01 15:01:04,1.959
2026-09-01 15:01:05,2.465
2026-09-01 15:01:06,2.197
2026-09-01 15:01:07,1.978
2026-09-01 15:01:08,1.642
2026-09-01 15:01:09,1.975
2026-09-01 15:01:10,1.884
2026-09-01 15:01:11,1.671
2026-09-01 15:01:12,1.968
2026-09-01 15:01:13,2.713
2026-09-01 15:01:14,1.574
2026-09-01 15:01:15,1.932
2026-09-01 15:01:16,1.963
2026-09-01 15:01:17,2.227
2026-09-01 15:01:18,1.884
2026-09-01 15:01:19,2.34
2026-09-01 15:01:20,1.817
2026-09-01 15:01:21,1.79
2026-09-01 15:01:22,2.219
2026-09-01 15:01:23,2.073
2026-09-01 15:01:24,2.386
2026-09-01 15:01:25,2.17
2026-09-01 15:01:26,2.183
2026-09-01 15:01:27,2.129
2026-09-01 15:01:28,1.945
2026-09-01 15:01:29,2.4
2026-09-01 15:01:30,2.064
2026-09-01 15:01:31,1.934
2026-09-01 15:01:32,2.254
2026-09-01 15:01:33,2.171
2026-09-01 15:01:34,2.323
2026-09-01 15:01:35,2.17
2026-09-01 15:01:36,1.965
2026-09-01 15:01:37,1.985
2026-09-01 15:01:38,1.775
2026-09-01 15:01:39,2.176
2026-09-01 15:01:40,1.939
2026-09-01 15:01:41,2.517
2026-09-01 15:01:42,2.394
2026-09-01 15:01:43,1.489
2026-09-01 15:01:44,2.223
2026-09-01 15:01:45,1.844
2026-09-01 15:01:46,2.017
2026-09-01 15:01:47,2.44
2026-09-01 15:01:48,2.006
2026-09-01 15:01:49,2.111
2026-09-01 15:01:50,2.224
2026-09-01 15:01:51,2.051
2026-09-01 15:01:52,2.394
2026-09-01 15:01:53,2.197
2026-09-01 15:01:54,2.306
2026-09-01 15:01:55,1.998
2026-09-01 15:01:56,2.125
2026-09-01 15:01:57,2.51
2026-09-01 15:01:58,1.857
2026-09-01 15:01:59,1.608
2026-09-01 15:02:00,2.042
2026-09-01 15:02:01,1.823
2026-09-01 15:02:02,1.942
2026-09-01 15:02:03,1.873
2026-09-01 15:02:04,1.579
2026-09-01 15:02:05,2.261
2026-09-01 15:02:06,1.802
2026-09-01 15:02:07,1.906
2026-09-01 15:02:08,2.042
2026-09-01 15:02:09,2.411
2026-09-01 15:02:10,2.214
2026-09-01 15:02:11,1.953
2026-09-01 15:02:12,2.231
2026-09-01 15:02:13,1.94
2026-09-01 15:02:14,2.0
2026-09-01 15:02:15,1.903
2026-09-01 15:02:16,2.3
2026-09-01 15:02:17,1.962
2026-09-01 15:02:18,2.002
2026-09-01 15:02:19,2.371
2026-09-01 15:02:20,2.4
2026-09-01 15:02:21,1.973
2026-09-01 15:02:22,2.451
2026-09-01 15:02:23,1.492
2026-09-01 15:02:24,1.698
2026-09-01 15:02:25,1.885
2026-09-01 15:02:26,2.137
2026-09-01 15:02:27,2.338
2026-09-01 15:02:28,2.06
2026-09-01 15:02:29,2.44
2026-09-01 15:02:30,1.521
2026-09-01 15:02:31,1.661
2026-09-01 15:02:32,1.845
2026-09-01 15:02:33,2.206
2026-09-01 15:02:34,2.452
2026-09-01 15:02:35,2.221
2026-09-01 15:02:36,1.991
2026-09-01 15:02:37,2.276
2026-09-01 15:02:38,1.831
2026-09-01 15:02:39,2.084
2026-09-01 15:02:40,1.895
2026-09-01 15:02:41,1.703
2026-09-01 15:02:42,2.5
2026-09-01 15:02:43,2.086
2026-09-01 15:02:44,1.816
2026-09-01 15:02:45,1.853
2026-09-01 15:02:46,1.689
2026-09-01 15:02:47,2.049
2026-09-01 15:02:48,2.082
2026-09-01 15:02:49,1.863
2026-09-01 15:02:50,1.878
2026-09-01 15:02:51,2.108
2026-09-01 15:02:52,2.08
2026-09-01 15:02:53,2.052
2026-09-01 15:02:54,2.12
2026-09-01 15:02:55,1.894
2026-09-01 15:02:56,2.379
2026-09-01 15:02:57,2.403
2026-09-01 15:02:58,1.895
2026-09-01 15:02:59,2.176
2026-09-01 15:03:00,2.215
2026-09-01 15:03:01,2.188
2026-09-01 15:03:02,2.374
2026-09-01 15:03:03,2.353
2026-09-01 15:03:04,1.821
2026-09-01 15:03:05,1.944
2026-09-01 15:03:06,2.055
2026-09-01 15:03:07,2.251
2026-09-01 15:03:08,2.315
2026-09-01 15:03:09,2.212
2026-09-01 15:03:10,1.996
2026-09-01 15:03:11,2.041
2026-09-01 15:03:12,2.265
2026-09-01 15:03:13,2.371
2026-09-01 15:03:14,2.484
2026-09-01 15:03:15,2.427
2026-09-01 15:03:16,2.116
2026-09-01 15:03:17,2.499
2026-09-01 15:03:18,2.339
2026-09-01 15:03:19,1.972
2026-09-01 15:03:20,1.698
2026-09-01 15:03:21,1.708
2026-09-01 15:03:22,1.959
2026-09-01 15:03:23,2.131
2026-09-01 15:03:24,2.381
2026-09-01 15:03:25,1.81
2026-09-01 15:03:26,1.412
2026-09-01 15:03:27,2.522
2026-09-01 15:03:28,2.321
2026-09-01 15:03:29,1.948
2026-09-01 15:03:30,2.071
2026-09-01 15:03:31,1.735
2026-09-01 15:03:32,2.012
2026-09-01 15:03:33,1.596
2026-09-01 15:03:34,2.063
2026-09-01 15:03:35,2.045
2026-09-01 15:03:36,1.992
2026-09-01 15:03:37,1.874
2026-09-01 15:03:38,2.603
2026-09-01 15:03:39,2.094
2026-09-01 15:03:40,1.899
2026-09-01 15:03:41,2.139
2026-09-01 15:03:42,2.239
2026-09-01 15:03:43,2.314
2026-09-01 15:03:44,2.389
2026-09-01 15:03:45,2.242
2026-09-01 15:03:46,2.111
2026-09-01 15:03:47,1.787
2026-09-01 15:03:48,2.032
2026-09-01 15:03:49,2.181
2026-09-01 15:03:50,2.123
2026-09-01 15:03:51,1.907
2026-09-01 15:03:52,2.287
2026-09-01 15:03:53,2.043
2026-09-01 15:03:54,2.025
2026-09-01 15:03:55,1.984
2026-09-01 15:03:56,2.499
2026-09-01 15:03:57,2.474
2026-09-01 15:03:58,1.846
2026-09-01 15:03:59,1.883
2026-09-01 15:04:00,2.081
2026-09-01 15:04:01,2.192
2026-09-01 15:04:02,1.944
2026-09-01 15:04:03,1.708
2026-09-01 15:04:04,2.07
2026-09-01 15:04:05,1.628
2026-09-01 15:04:06,2.317
2026-09-01 15:04:07,2.338
2026-09-01 15:04:08,2.097
2026-09-01 15:04:09,1.949
2026-09-01 15:04:10,2.307
2026-09-01 15:04:11,1.772
2026-09-01 15:04:12,2.621
2026-09-01 15:04:13,2.096
2026-09-01 15:04:14,1.809
2026-09-01 15:04:15,2.23
2026-09-01 15:04:16,2.194
2026-09-01 15:04:17,2.01
2026-09-01 15:04:18,2.431
2026-09-01 15:04:19,2.214
2026-09-01 15:04:20,1.771
2026-09-01 15:04:21,2.3
2026-09-01 15:04:22,1.971
2026-09-01 15:04:23,2.07
2026-09-01 15:04:24,2.359
2026-09-01 15:04:25,2.393
2026-09-01 15:04:26,2.081
2026-09-01 15:04:27,2.06
2026-09-01 15:04:28,2.255
2026-09-01 15:04:29,1.485
2026-09-01 15:04:30,2.497
2026-09-01 15:04:31,1.883
2026-09-01 15:04:32,1.851
2026-09-01 15:04:33,2.072
2026-09-01 15:04:34,2.061
2026-09-01 15:04:35,2.167
2026-09-01 15:04:36,2.766
2026-09-01 15:04:37,2.359
2026-09-01 15:04:38,1.69
2026-09-01 15:04:39,1.73
2026-09-01 15:04:40,2.216
2026-09-01 15:04:41,2.11
2026-09-01 15:04:42,2.028
2026-09-01 15:04:43,2.306
2026-09-01 15:04:44,2.121
2026-09-01 15:04:45,2.173
2026-09-01 15:04:46,2.239
2026-09-01 15:04:47,2.424
2026-09-01 15:04:48,2.038
2026-09-01 15:04:49,1.95
2026-09-01 15:04:50,2.151
2026-09-01 15:04:51,2.07
2026-09-01 15:04:52,1.958
2026-09-01 15:04:53,1.937
2026-09-01 15:04:54,2.171
2026-09-01 15:04:55,1.747
2026-09-01 15:04:56,2.532
2026-09-01 15:04:57,2.483
2026-09-01 15:04:58,2.181
2026-09-01 15:04:59,2.089
2026-09-01 15:05:00,2.217
2026-09-01 15:05:01,2.361
2026-09-01 15:05:02,2.145
2026-09-01 15:05:03,2.167
2026-09-01 15:05:04,2.156
2026-09-01 15:05:05,2.03
2026-09-01 15:05:06,2.339
2026-09-01 15:05:07,2.258
2026-09-01 15:05:08,2.224
2026-09-01 15:05:09,2.165
2026-09-01 15:05:10,1.857
2026-09-01 15:05:11,1.947
2026-09-01 15:05:12,2.244
2026-09-01 15:05:13,2.332
2026-09-01 15:05:14,2.354
2026-09-01 15:05:15,1.824
2026-09-01 15:05:16,2.326
2026-09-01 15:05:17,2.375
2026-09-01 15:05:18,1.939
2026-09-01 15:05:19,1.961
2026-09-01 15:05:20,1.998
2026-09-01 15:05:21,2.01
2026-09-01 15:05:22,2.644
2026-09-01 15:05:23,2.398
2026-09-01 15:05:24,1.917
2026-09-01 15:05:25,1.901
2026-09-01 15:05:26,1.994
2026-09-01 15:05:27,2.091
2026-09-01 15:05:28,2.242
2026-09-01 15:05:29,2.141
2026-09-01 15:05:30,2.173
2026-09-01 15:05:31,2.422
2026-09-01 15:05:32,2.217
2026-09-01 15:05:33,2.293
2026-09-01 15:05:34,1.905
2026-09-01 15:05:35,2.12
2026-09-01 15:05:36,1.737
2026-09-01 15:05:37,2.055
2026-09-01 15:05:38,2.205
2026-09-01 15:05:39,2.029
2026-09-01 15:05:40,2.215
2026-09-01 15:05:41,2.154
2026-09-01 15:05:42,2.049
2026-09-01 15:05:43,1.96
2026-09-01 15:05:44,1.565
2026-09-01 15:05:45,1.903
2026-09-01 15:05:46,2.294
2026-09-01 15:05:47,1.982
2026-09-01 15:05:48,1.892
2026-09-01 15:05:49,2.076
2026-09-01 15:05:50,2.135
2026-09-01 15:05:51,1.882
2026-09-01 15:05:52,1.785
2026-09-01 15:05:53,2.083
2026-09-01 15:05:54,1.988
2026-09-01 15:05:55,2.013
2026-09-01 15:05:56,2.067
2026-09-01 15:05:57,2.299
2026-09-01 15:05:58,2.436
2026-09-01 15:05:59,2.201
2026-09-01 15:06:00,1.65
2026-09-01 15:06:01,2.094
2026-09-01 15:06:02,2.254
2026-09-01 15:06:03,1.969
2026-09-01 15:06:04,1.763
2026-09-01 15:06:05,1.84
2026-09-01 15:06:06,2.167
2026-09-01 15:06:07,2.292
2026-09-01 15:06:08,1.756
2026-09-01 15:06:09,1.723
2026-09-01 15:06:10,1.911
2026-09-01 15:06:11,2.123
2026-09-01 15:06:12,2.507
2026-09-01 15:06:13,2.201
2026-09-01 15:06:14,1.93
2026-09-01 15:06:15,1.895
2026-09-01 15:06:16,1.604
2026-09-01 15:06:17,1.89
2026-09-01 15:06:18,1.695
2026-09-01 15:06:19,2.261
2026-09-01 15:06:20,2.129
2026-09-01 15:06:21,1.598
2026-09-01 15:06:22,2.109
2026-09-01 15:06:23,1.756
2026-09-01 15:06:24,2.021
2026-09-01 15:06:25,2.005
2026-09-01 15:06:26,2.667
2026-09-01 15:06:27,1.715
2026-09-01 15:06:28,2.006
2026-09-01 15:06:29,2.337
2026-09-01 15:06:30,2.161
2026-09-01 15:06:31,1.494
2026-09-01 15:06:32,2.046
2026-09-01 15:06:33,1.977
2026-09-01 15:06:34,1.283
2026-09-01 15:06:35,2.005
2026-09-01 15:06:36,1.969
2026-09-01 15:06:37,2.201
2026-09-01 15:06:38,1.96
2026-09-01 15:06:39,2.389
2026-09-01 15:06:40,2.558
2026-09-01 15:06:41,2.205
2026-09-01 15:06:42,2.445
2026-09-01 15:06:43,2.093
2026-09-01 15:06:44,2.376
2026-09-01 15:06:45,2.652
2026-09-01 15:06:46,2.081
2026-09-01 15:06:47,2.496
2026-09-01 15:06:48,2.232
2026-09-01 15:06:49,2.313
2026-09-01 15:06:50,2.062
2026-09-01 15:06:51,2.305
2026-09-01 15:06:52,2.266
2026-09-01 15:06:53,1.711
2026-09-01 15:06:54,2.257
2026-09-01 15:06:55,2.278
2026-09-01 15:06:56,1.904
2026-09-01 15:06:57,2.415
2026-09-01 15:06:58,2.238
2026-09-01 15:06:59,2.135
2026-09-01 15:07:00,2.647
2026-09-01 15:07:01,2.204
2026-09-01 15:07:02,1.652
2026-09-01 15:07:03,2.059
2026-09-01 15:07:04,2.007
2026-09-01 15:07:05,2.001
2026-09-01 15:07:06,2.4
2026-09-01 15:07:07,2.032
2026-09-01 15:07:08,2.079
2026-09-01 15:07:09,2.42
2026-09-01 15:07:10,1.644
2026-09-01 15:07:11,2.265
2026-09-01 15:07:12,2.061
2026-09-01 15:07:13,2.492
2026-09-01 15:07:14,2.006
2026-09-01 15:07:15,2.197
2026-09-01 15:07:16,2.421
2026-09-01 15:07:17,1.667
2026-09-01 15:07:18,2.057
2026-09-01 15:07:19,2.018
2026-09-01 15:07:20,1.708
2026-09-01 15:07:21,2.121
2026-09-01 15:07:22,2.231
2026-09-01 15:07:23,1.91
2026-09-01 15:07:24,2.31
2026-09-01 15:07:25,1.957
2026-09-01 15:07:26,2.086
2026-09-01 15:07:27,2.244
2026-09-01 15:07:28,1.803
2026-09-01 15:07:29,2.439
2026-09-01 15:07:30,1.934
2026-09-01 15:07:31,2.005
2026-09-01 15:07:32,1.823
2026-09-01 15:07:33,2.028
2026-09-01 15:07:34,2.313
2026-09-01 15:07:35,2.596
2026-09-01 15:07:36,2.298
2026-09-01 15:07:37,2.106
2026-09-01 15:07:38,2.456
2026-09-01 15:07:39,1.948
2026-09-01 15:07:40,1.819
2026-09-01 15:07:41,1.919
2026-09-01 15:07:42,2.151
2026-09-01 15:07:43,2.301
2026-09-01 15:07:44,1.858
2026-09-01 15:07:45,1.957
2026-09-01 15:07:46,2.218
2026-09-01 15:07:47,1.877
2026-09-01 15:07:48,2.576
2026-09-01 15:07:49,2.014
2026-09-01 15:07:50,1.789
2026-09-01 15:07:51,2.256
2026-09-01 15:07:52,2.789
2026-09-01 15:07:53,2.46
2026-09-01 15:07:54,2.055
2026-09-01 15:07:55,2.387
2026-09-01 15:07:56,1.899
2026-09-01 15:07:57,2.233
2026-09-01 15:07:58,1.655
2026-09-01 15:07:59,2.392
2026-09-01 15:08:00,2.342
2026-09-01 15:08:01,2.198
2026-09-01 15:08:02,2.101
2026-09-01 15:08:03,2.079
2026-09-01 15:08:04,1.952
2026-09-01 15:08:05,1.993
2026-09-01 15:08:06,2.21
2026-09-01 15:08:07,1.833
2026-09-01 15:08:08,1.734
2026-09-01 15:08:09,1.971
2026-09-01 15:08:10,2.595
2026-09-01 15:08:11,1.783
2026-09-01 15:08:12,2.077
2026-09-01 15:08:13,2.106
2026-09-01 15:08:14,2.114
2026-09-01 15:08:15,1.829
2026-09-01 15:08:16,2.346
2026-09-01 15:08:17,1.849
2026-09-01 15:08:18,2.08
2026-09-01 15:08:19,2.341
2026-09-01 15:08:20,2.214
2026-09-01 15:08:21,1.643
2026-09-01 15:08:22,1.671
2026-09-01 15:08:23,2.274
2026-09-01 15:08:24,2.23
2026-09-01 15:08:25,2.57
2026-09-01 15:08:26,2.242
2026-09-01 15:08:27,2.359
2026-09-01 15:08:28,2.294
2026-09-01 15:08:29,1.568
2026-09-01 15:08:30,1.828
2026-09-01 15:08:31,2.659
2026-09-01 15:08:32,2.204
2026-09-01 15:08:33,2.156
2026-09-01 15:08:34,2.201
2026-09-01 15:08:35,2.143
2026-09-01 15:08:36,2.263
2026-09-01 15:08:37,1.822
2026-09-01 15:08:38,2.423
2026-09-01 15:08:39,2.005
2026-09-01 15:08:40,1.854
2026-09-01 15:08:41,1.813
2026-09-01 15:08:42,2.637
2026-09-01 15:08:43,2.066
2026-09-01 15:08:44,1.528
2026-09-01 15:08:45,2.221
2026-09-01 15:08:46,2.106
2026-09-01 15:08:47,2.017
2026-09-01 15:08:48,2.317
2026-09-01 15:08:49,2.316
2026-09-01 15:08:50,2.085
2026-09-01 15:08:51,2.107
2026-09-01 15:08:52,2.101
2026-09-01 15:08:53,1.902
2026-09-01 15:08:54,2.215
2026-09-01 15:08:55,2.695
2026-09-01 15:08:56,2.228
2026-09-01 15:08:57,1.899
2026-09-01 15:08:58,1.731
2026-09-01 15:08:59,1.88
2026-09-01 15:09:00,2.195
2026-09-01 15:09:01,2.54
2026-09-01 15:09:02,2.266
2026-09-01 15:09:03,2.504
2026-09-01 15:09:04,2.324
2026-09-01 15:09:05,1.829
2026-09-01 15:09:06,2.009
2026-09-01 15:09:07,2.155
2026-09-01 15:09:08,2.205
2026-09-01 15:09:09,1.925
2026-09-01 15:09:10,2.213
2026-09-01 15:09:11,1.677
2026-09-01 15:09:12,2.075
2026-09-01 15:09:13,2.133
2026-09-01 15:09:14,2.164
2026-09-01 15:09:15,1.963
2026-09-01 15:09:16,1.423
2026-09-01 15:09:17,2.033
2026-09-01 15:09:18,1.939
2026-09-01 15:09:19,2.141
2026-09-01 15:09:20,2.672
2026-09-01 15:09:21,1.998
2026-09-01 15:09:22,2.507
2026-09-01 15:09:23,2.155
2026-09-01 15:09:24,1.576
2026-09-01 15:09:25,1.84
2026-09-01 15:09:26,2.053
2026-09-01 15:09:27,2.105
2026-09-01 15:09:28,2.342
2026-09-01 15:09:29,1.516
2026-09-01 15:09:30,2.075
2026-09-01 15:09:31,1.994
2026-09-01 15:09:32,2.369
2026-09-01 15:09:33,1.884
2026-09-01 15:09:34,2.222
2026-09-01 15:09:35,2.18
2026-09-01 15:09:36,2.428
2026-09-01 15:09:37,2.528
2026-09-01 15:09:38,2.416
2026-09-01 15:09:39,2.751
2026-09-01 15:09:40,1.912
2026-09-01 15:09:41,1.684
2026-09-01 15:09:42,2.4
2026-09-01 15:09:43,2.393
2026-09-01 15:09:44,2.014
2026-09-01 15:09:45,1.552
2026-09-01 15:09:46,2.025
2026-09-01 15:09:47,1.83
2026-09-01 15:09:48,1.684
2026-09-01 15:09:49,2.084
2026-09-01 15:09:50,2.032
2026-09-01 15:09:51,2.258
2026-09-01 15:09:52,1.804
2026-09-01 15:09:53,1.792
2026-09-01 15:09:54,2.203
2026-09-01 15:09:55,1.459
2026-09-01 15:09:56,2.008
2026-09-01 15:09:57,2.708
2026-09-01 15:09:58,2.207
2026-09-01 15:09:59,2.291
2026-09-01 15:10:00,1.71
2026-09-01 15:10:01,2.344
2026-09-01 15:10:02,2.39
2026-09-01 15:10:03,2.389
2026-09-01 15:10:04,2.038
2026-09-01 15:10:05,2.292
2026-09-01 15:10:06,1.962
2026-09-01 15:10:07,2.239
2026-09-01 15:10:08,2.079
2026-09-01 15:10:09,1.87
2026-09-01 15:10:10,1.61
2026-09-01 15:10:11,2.408
2026-09-01 15:10:12,2.307
2026-09-01 15:10:13,2.198
2026-09-01 15:10:14,1.858
2026-09-01 15:10:15,1.856
2026-09-01 15:10:16,2.276
2026-09-01 15:10:17,2.221
2026-09-01 15:10:18,2.144
2026-09-01 15:10:19,2.267
2026-09-01 15:10:20,2.023
2026-09-01 15:10:21,2.18
2026-09-01 15:10:22,1.968
2026-09-01 15:10:23,2.425
2026-09-01 15:10:24,2.146
2026-09-01 15:10:25,2.203
2026-09-01 15:10:26,2.118
2026-09-01 15:10:27,2.062
2026-09-01 15:10:28,1.967
2026-09-01 15:10:29,2.298
2026-09-01 15:10:30,2.152
2026-09-01 15:10:31,1.846
2026-09-01 15:10:32,1.728
2026-09-01 15:10:33,2.322
2026-09-01 15:10:34,2.039
2026-09-01 15:10:35,2.264
2026-09-01 15:10:36,2.007
2026-09-01 15:10:37,1.981
2026-09-01 15:10:38,2.058
2026-09-01 15:10:39,2.026
2026-09-01 15:10:40,2.589
2026-09-01 15:10:41,1.863
2026-09-01 15:10:42,1.766
2026-09-01 15:10:43,2.183
2026-09-01 15:10:44,2.224
2026-09-01 15:10:45,2.016
2026-09-01 15:10:46,2.166
2026-09-01 15:10:47,1.946
2026-09-01 15:10:48,2.021
2026-09-01 15:10:49,2.385
2026-09-01 15:10:50,2.078
2026-09-01 15:10:51,1.887
2026-09-01 15:10:52,2.189
2026-09-01 15:10:53,2.225
2026-09-01 15:10:54,2.503
2026-09-01 15:10:55,2.005
2026-09-01 15:10:56,2.552
2026-09-01 15:10:57,2.089
2026-09-01 15:10:58,2.181
2026-09-01 15:10:59,2.09
2026-09-01 15:11:00,2.41
2026-09-01 15:11:01,1.741
2026-09-01 15:11:02,2.185
2026-09-01 15:11:03,1.873
2026-09-01 15:11:04,1.987
2026-09-01 15:11:05,2.222
2026-09-01 15:11:06,2.225
2026-09-01 15:11:07,1.953
2026-09-01 15:11:08,2.114
2026-09-01 15:11:09,2.576
2026-09-01 15:11:10,2.237
2026-09-01 15:11:11,1.947
2026-09-01 15:11:12,1.572
2026-09-01 15:11:13,1.529
2026-09-01 15:11:14,2.264
2026-09-01 15:11:15,2.539
2026-09-01 15:11:16,2.071
2026-09-01 15:11:17,2.255
2026-09-01 15:11:18,1.935
2026-09-01 15:11:19,1.968
2026-09-01 15:11:20,2.48
2026-09-01 15:11:21,1.944
2026-09-01 15:11:22,1.986
2026-09-01 15:11:23,1.953
2026-09-01 15:11:24,1.528
2026-09-01 15:11:25,1.888
2026-09-01 15:11:26,2.252
2026-09-01 15:11:27,2.281
2026-09-01 15:11:28,2.227
2026-09-01 15:11:29,2.518
2026-09-01 15:11:30,2.189
2026-09-01 15:11:31,2.486
2026-09-01 15:11:32,2.223
2026-09-01 15:11:33,2.558
2026-09-01 15:11:34,2.107
2026-09-01 15:11:35,2.044
2026-09-01 15:11:36,2.106
2026-09-01 15:11:37,1.922
2026-09-01 15:11:38,1.972
2026-09-01 15:11:39,2.181
2026-09-01 15:11:40,2.32
2026-09-01 15:11:41,2.066
2026-09-01 15:11:42,2.309
2026-09-01 15:11:43,2.124
2026-09-01 15:11:44,2.531
2026-09-01 15:11:45,1.838
2026-09-01 15:11:46,2.256
2026-09-01 15:11:47,2.108
2026-09-01 15:11:48,1.568
2026-09-01 15:11:49,2.103
2026-09-01 15:11:50,2.09
2026-09-01 15:11:51,1.69
2026-09-01 15:11:52,1.631
2026-09-01 15:11:53,1.831
2026-09-01 15:11:54,1.698
2026-09-01 15:11:55,1.877
2026-09-01 15:11:56,2.465
2026-09-01 15:11:57,2.38
2026-09-01 15:11:58,2.466
2026-09-01 15:11:59,2.135
2026-09-01 15:12:00,1.893
2026-09-01 15:12:01,1.991
2026-09-01 15:12:02,2.17
2026-09-01 15:12:03,1.993
2026-09-01 15:12:04,2.524
2026-09-01 15:12:05,2.077
2026-09-01 15:12:06,2.063
2026-09-01 15:12:07,2.265
2026-09-01 15:12:08,2.015
2026-09-01 15:12:09,2.137
2026-09-01 15:12:10,1.971
2026-09-01 15:12:11,1.955
2026-09-01 15:12:12,2.01
2026-09-01 15:12:13,2.379
2026-09-01 15:12:14,2.042
2026-09-01 15:12:15,2.212
2026-09-01 15:12:16,1.63
2026-09-01 15:12:17,2.136
2026-09-01 15:12:18,1.883
2026-09-01 15:12:19,1.889
2026-09-01 15:12:20,2.122
2026-09-01 15:12:21,2.087
2026-09-01 15:12:22,2.384
2026-09-01 15:12:23,2.136
2026-09-01 15:12:24,2.189
2026-09-01 15:12:25,1.899
2026-09-01 15:12:26,2.303
2026-09-01 15:12:27,2.453
2026-09-01 15:12:28,2.169
2026-09-01 15:12:29,1.99
2026-09-01 15:12:30,1.892
2026-09-01 15:12:31,2.072
2026-09-01 15:12:32,2.442
2026-09-01 15:12:33,2.279
2026-09-01 15:12:34,2.009
2026-09-01 15:12:35,1.711
2026-09-01 15:12:36,2.085
2026-09-01 15:12:37,1.998
2026-09-01 15:12:38,2.664
2026-09-01 15:12:39,1.658
2026-09-01 15:12:40,1.759
2026-09-01 15:12:41,2.325
2026-09-01 15:12:42,2.467
2026-09-01 15:12:43,1.814
2026-09-01 15:12:44,2.279
2026-09-01 15:12:45,2.07
2026-09-01 15:12:46,2.128
2026-09-01 15:12:47,2.127
2026-09-01 15:12:48,1.704
2026-09-01 15:12:49,1.944
2026-09-01 15:12:50,1.33
2026-09-01 15:12:51,1.859
2026-09-01 15:12:52,1.6
2026-09-01 15:12:53,2.365
2026-09-01 15:12:54,2.069
2026-09-01 15:12:55,2.24
2026-09-01 15:12:56,2.109
2026-09-01 15:12:57,2.463
2026-09-01 15:12:58,1.981
2026-09-01 15:12:59,2.103
2026-09-01 15:13:00,2.75
2026-09-01 15:13:01,1.772
2026-09-01 15:13:02,1.848
2026-09-01 15:13:03,1.948
2026-09-01 15:13:04,1.807
2026-09-01 15:13:05,2.149
2026-09-01 15:13:06,2.208
2026-09-01 15:13:07,2.264
2026-09-01 15:13:08,2.44
2026-09-01 15:13:09,2.148
2026-09-01 15:13:10,1.938
2026-09-01 15:13:11,2.22
2026-09-01 15:13:12,2.316
2026-09-01 15:13:13,1.974
2026-09-01 15:13:14,2.399
2026-09-01 15:13:15,2.186
2026-09-01 15:13:16,2.202
2026-09-01 15:13:17,2.16
2026-09-01 15:13:18,1.958
2026-09-01 15:13:19,1.849
2026-09-01 15:13:20,1.941
2026-09-01 15:13:21,1.919
2026-09-01 15:13:22,2.166
2026-09-01 15:13:23,2.427
2026-09-01 15:13:24,2.291
2026-09-01 15:13:25,2.045
2026-09-01 15:13:26,2.348
2026-09-01 15:13:27,2.301
2026-09-01 15:13:28,1.945
2026-09-01 15:13:29,2.124
2026-09-01 15:13:30,1.917
2026-09-01 15:13:31,1.602
2026-09-01 15:13:32,2.367
2026-09-01 15:13:33,2.035
2026-09-01 15:13:34,2.339
2026-09-01 15:13:35,2.066
2026-09-01 15:13:36,1.721
2026-09-01 15:13:37,2.159
2026-09-01 15:13:38,2.014
2026-09-01 15:13:39,2.673
2026-09-01 15:13:40,1.948
2026-09-01 15:13:41,2.221
2026-09-01 15:13:42,2.216
2026-09-01 15:13:43,1.982
2026-09-01 15:13:44,2.453
2026-09-01 15:13:45,2.02
2026-09-01 15:13:46,2.13
2026-09-01 15:13:47,2.363
2026-09-01 15:13:48,2.472
2026-09-01 15:13:49,2.455
2026-09-01 15:13:50,2.112
2026-09-01 15:13:51,2.107
2026-09-01 15:13:52,2.335
2026-09-01 15:13:53,1.988
2026-09-01 15:13:54,2.197
2026-09-01 15:13:55,2.117
2026-09-01 15:13:56,1.798
2026-09-01 15:13:57,1.599
2026-09-01 15:13:58,2.081
2026-09-01 15:13:59,2.077
2026-09-01 15:14:00,2.066
2026-09-01 15:14:01,2.1
2026-09-01 15:14:02,2.213
2026-09-01 15:14:03,2.17
2026-09-01 15:14:04,2.373
2026-09-01 15:14:05,2.32
2026-09-01 15:14:06,1.899
2026-09-01 15:14:07,2.008
2026-09-01 15:14:08,2.144
2026-09-01 15:14:09,2.452
2026-09-01 15:14:10,2.329
2026-09-01 15:14:11,1.802
2026-09-01 15:14:12,2.224
2026-09-01 15:14:13,2.089
2026-09-01 15:14:14,1.942
2026-09-01 15:14:15,2.041
2026-09-01 15:14:16,1.772
2026-09-01 15:14:17,2.45
2026-09-01 15:14:18,1.785
2026-09-01 15:14:19,2.36
2026-09-01 15:14:20,1.769
2026-09-01 15:14:21,1.888
2026-09-01 15:14:22,2.576
2026-09-01 15:14:23,2.047
2026-09-01 15:14:24,2.033
2026-09-01 15:14:25,1.904
2026-09-01 15:14:26,2.333
2026-09-01 15:14:27,1.943
2026-09-01 15:14:28,2.421
2026-09-01 15:14:29,2.214
2026-09-01 15:14:30,2.408
2026-09-01 15:14:31,1.838
2026-09-01 15:14:32,2.641
2026-09-01 15:14:33,2.388
2026-09-01 15:14:34,2.172
2026-09-01 15:14:35,2.196
2026-09-01 15:14:36,2.289
2026-09-01 15:14:37,1.812
2026-09-01 15:14:38,2.39
2026-09-01 15:14:39,2.416
2026-09-01 15:14:40,2.343
2026-09-01 15:14:41,2.197
2026-09-01 15:14:42,2.307
2026-09-01 15:14:43,2.165
2026-09-01 15:14:44,1.929
2026-09-01 15:14:45,2.354
2026-09-01 15:14:46,2.23
2026-09-01 15:14:47,2.158
2026-09-01 15:14:48,2.341
2026-09-01 15:14:49,2.33
2026-09-01 15:14:50,1.956
2026-09-01 15:14:51,1.972
2026-09-01 15:14:52,2.46
2026-09-01 15:14:53,1.692
2026-09-01 15:14:54,1.921
2026-09-01 15:14:55,1.796
2026-09-01 15:14:56,1.863
2026-09-01 15:14:57,1.705
2026-09-01 15:14:58,2.083
2026-09-01 15:14:59,2.061
2026-09-01 15:15:00,1.82
2026-09-01 15:15:01,2.09
2026-09-01 15:15:02,2.367
2026-09-01 15:15:03,2.414
2026-09-01 15:15:04,2.217
2026-09-01 15:15:05,2.515
2026-09-01 15:15:06,1.644
2026-09-01 15:15:07,2.162
2026-09-01 15:15:08,2.043
2026-09-01 15:15:09,1.77
2026-09-01 15:15:10,2.139
2026-09-01 15:15:11,2.345
2026-09-01 15:15:12,2.136
2026-09-01 15:15:13,2.196
2026-09-01 15:15:14,2.379
2026-09-01 15:15:15,2.011
2026-09-01 15:15:16,1.64
2026-09-01 15:15:17,2.024
2026-09-01 15:15:18,1.778
2026-09-01 15:15:19,2.203
2026-09-01 15:15:20,2.2
2026-09-01 15:15:21,2.054
2026-09-01 15:15:22,2.388
2026-09-01 15:15:23,1.983
2026-09-01 15:15:24,2.033
2026-09-01 15:15:25,1.921
2026-09-01 15:15:26,2.252
2026-09-01 15:15:27,2.016
2026-09-01 15:15:28,2.377
2026-09-01 15:15:29,2.163
2026-09-01 15:15:30,2.111
2026-09-01 15:15:31,2.421
2026-09-01 15:15:32,2.097
2026-09-01 15:15:33,2.052
2026-09-01 15:15:34,1.711
2026-09-01 15:15:35,2.016
2026-09-01 15:15:36,2.053
2026-09-01 15:15:37,2.023
2026-09-01 15:15:38,2.541
2026-09-01 15:15:39,1.811
2026-09-01 15:15:40,2.023
2026-09-01 15:15:41,1.847
2026-09-01 15:15:42,2.162
2026-09-01 15:15:43,1.815
2026-09-01 15:15:44,1.74
2026-09-01 15:15:45,2.319
2026-09-01 15:15:46,1.849
2026-09-01 15:15:47,2.409
2026-09-01 15:15:48,2.062
2026-09-01 15:15:49,2.076
2026-09-01 15:15:50,2.056
2026-09-01 15:15:51,1.724
2026-09-01 15:15:52,2.179
2026-09-01 15:15:53,2.657
2026-09-01 15:15:54,1.973
2026-09-01 15:15:55,2.097
2026-09-01 15:15:56,2.126
2026-09-01 15:15:57,2.011
2026-09-01 15:15:58,2.265
2026-09-01 15:15:59,1.984
2026-09-01 15:16:00,2.092
2026-09-01 15:16:01,1.954
2026-09-01 15:16:02,2.364
2026-09-01 15:16:03,2.182
2026-09-01 15:16:04,2.048
2026-09-01 15:16:05,2.045
2026-09-01 15:16:06,1.91
2026-09-01 15:16:07,2.044
2026-09-01 15:16:08,1.923
2026-09-01 15:16:09,2.293
2026-09-01 15:16:10,2.145
2026-09-01 15:16:11,1.951
2026-09-01 15:16:12,1.949
2026-09-01 15:16:13,2.015
2026-09-01 15:16:14,2.125
2026-09-01 15:16:15,1.847
2026-09-01 15:16:16,2.13
2026-09-01 15:16:17,2.051
2026-09-01 15:16:18,2.313
2026-09-01 15:16:19,1.773
2026-09-01 15:16:20,2.11
2026-09-01 15:16:21,2.548
2026-09-01 15:16:22,2.153
2026-09-01 15:16:23,2.21
2026-09-01 15:16:24,1.861
2026-09-01 15:16:25,1.964
2026-09-01 15:16:26,1.768
2026-09-01 15:16:27,2.05
2026-09-01 15:16:28,1.776
2026-09-01 15:16:29,2.385
2026-09-01 15:16:30,2.495
2026-09-01 15:16:31,2.638
2026-09-01 15:16:32,2.326
2026-09-01 15:16:33,2.113
2026-09-01 15:16:34,1.961
2026-09-01 15:16:35,1.483
2026-09-01 15:16:36,2.004
2026-09-01 15:16:37,1.896
2026-09-01 15:16:38,1.944
2026-09-01 15:16:39,1.665
2026-09-01 15:16:40,2.154
2026-09-01 15:16:41,2.045
2026-09-01 15:16:42,2.398
2026-09-01 15:16:43,2.258
2026-09-01 15:16:44,1.968
2026-09-01 15:16:45,2.467
2026-09-01 15:16:46,1.934
2026-09-01 15:16:47,2.143
2026-09-01 15:16:48,2.155
2026-09-01 15:16:49,2.055
2026-09-01 15:16:50,2.014
2026-09-01 15:16:51,2.122
2026-09-01 15:16:52,1.9
2026-09-01 15:16:53,2.13
2026-09-01 15:16:54,2.373
2026-09-01 15:16:55,2.082
2026-09-01 15:16:56,1.743
2026-09-01 15:16:57,1.881
2026-09-01 15:16:58,1.938
2026-09-01 15:16:59,1.88
2026-09-01 15:17:00,2.003
2026-09-01 15:17:01,2.131
2026-09-01 15:17:02,2.117
2026-09-01 15:17:03,2.095
2026-09-01 15:17:04,2.13
2026-09-01 15:17:05,1.829
2026-09-01 15:17:06,1.748
2026-09-01 15:17:07,2.23
2026-09-01 15:17:08,2.436
2026-09-01 15:17:09,1.962
2026-09-01 15:17:10,1.995
2026-09-01 15:17:11,1.874
2026-09-01 15:17:12,1.771
2026-09-01 15:17:13,1.983
2026-09-01 15:17:14,2.242
2026-09-01 15:17:15,1.815
2026-09-01 15:17:16,1.865
2026-09-01 15:17:17,2.271
2026-09-01 15:17:18,1.835
2026-09-01 15:17:19,1.923
2026-09-01 15:17:20,1.61
2026-09-01 15:17:21,2.372
2026-09-01 15:17:22,1.912
2026-09-01 15:17:23,2.524
2026-09-01 15:17:24,2.203
2026-09-01 15:17:25,1.952
2026-09-01 15:17:26,1.726
2026-09-01 15:17:27,2.44
2026-09-01 15:17:28,2.286
2026-09-01 15:17:29,2.531
2026-09-01 15:17:30,1.843
2026-09-01 15:17:31,1.416
2026-09-01 15:17:32,1.816
2026-09-01 15:17:33,2.753
2026-09-01 15:17:34,2.553
2026-09-01 15:17:35,1.587
2026-09-01 15:17:36,2.18
2026-09-01 15:17:37,1.935
2026-09-01 15:17:38,2.201
2026-09-01 15:17:39,1.688
2026-09-01 15:17:40,1.602
2026-09-01 15:17:41,2.25
2026-09-01 15:17:42,2.343
2026-09-01 15:17:43,1.669
2026-09-01 15:17:44,1.822
2026-09-01 15:17:45,2.315
2026-09-01 15:17:46,2.015
2026-09-01 15:17:47,2.122
2026-09-01 15:17:48,2.675
2026-09-01 15:17:49,2.128
2026-09-01 15:17:50,1.95
2026-09-01 15:17:51,2.216
2026-09-01 15:17:52,1.733
2026-09-01 15:17:53,1.878
2026-09-01 15:17:54,2.558
2026-09-01 15:17:55,2.442
2026-09-01 15:17:56,2.078
2026-09-01 15:17:57,1.863
2026-09-01 15:17:58,2.389
2026-09-01 15:17:59,2.347
2026-09-01 15:18:00,2.078
2026-09-01 15:18:01,1.82
2026-09-01 15:18:02,2.628
2026-09-01 15:18:03,2.355
2026-09-01 15:18:04,1.722
2026-09-01 15:18:05,1.753
2026-09-01 15:18:06,2.531
2026-09-01 15:18:07,2.025
2026-09-01 15:18:08,2.422
2026-09-01 15:18:09,2.083
2026-09-01 15:18:10,2.074
2026-09-01 15:18:11,2.081
2026-09-01 15:18:12,2.446
2026-09-01 15:18:13,2.062
2026-09-01 15:18:14,1.724
2026-09-01 15:18:15,2.243
2026-09-01 15:18:16,2.037
2026-09-01 15:18:17,1.935
2026-09-01 15:18:18,2.188
2026-09-01 15:18:19,2.015
2026-09-01 15:18:20,2.175
2026-09-01 15:18:21,2.031
2026-09-01 15:18:22,2.182
2026-09-01 15:18:23,1.992
2026-09-01 15:18:24,1.943
2026-09-01 15:18:25,1.446
2026-09-01 15:18:26,2.531
2026-09-01 15:18:27,2.27
2026-09-01 15:18:28,2.358
2026-09-01 15:18:29,2.404
2026-09-01 15:18:30,2.122
2026-09-01 15:18:31,2.303
2026-09-01 15:18:32,2.124
2026-09-01 15:18:33,2.037
2026-09-01 15:18:34,2.098
2026-09-01 15:18:35,1.678
2026-09-01 15:18:36,1.986
2026-09-01 15:18:37,2.125
2026-09-01 15:18:38,1.736
2026-09-01 15:18:39,2.418
2026-09-01 15:18:40,2.121
2026-09-01 15:18:41,2.198
2026-09-01 15:18:42,1.927
2026-09-01 15:18:43,1.808
2026-09-01 15:18:44,2.542
2026-09-01 15:18:45,2.079
2026-09-01 15:18:46,2.568
2026-09-01 15:18:47,2.564
2026-09-01 15:18:48,2.444
2026-09-01 15:18:49,2.051
2026-09-01 15:18:50,1.771
2026-09-01 15:18:51,2.34
2026-09-01 15:18:52,2.212
2026-09-01 15:18:53,1.815
2026-09-01 15:18:54,2.039
2026-09-01 15:18:55,2.064
2026-09-01 15:18:56,1.831
2026-09-01 15:18:57,2.404
2026-09-01 15:18:58,1.86
2026-09-01 15:18:59,2.161
2026-09-01 15:19:00,1.919
2026-09-01 15:19:01,1.996
2026-09-01 15:19:02,2.048
2026-09-01 15:19:03,2.001
2026-09-01 15:19:04,2.181
2026-09-01 15:19:05,2.23
2026-09-01 15:19:06,1.884
2026-09-01 15:19:07,1.924
2026-09-01 15:19:08,2.246
2026-09-01 15:19:09,1.871
2026-09-01 15:19:10,2.276
2026-09-01 15:19:11,2.19
2026-09-01 15:19:12,1.836
2026-09-01 15:19:13,2.024
2026-09-01 15:19:14,2.261
2026-09-01 15:19:15,1.866
2026-09-01 15:19:16,2.167
2026-09-01 15:19:17,2.32
2026-09-01 15:19:18,2.04
2026-09-01 15:19:19,1.872
2026-09-01 15:19:20,2.091
2026-09-01 15:19:21,2.622
2026-09-01 15:19:22,1.811
2026-09-01 15:19:23,1.879
2026-09-01 15:19:24,1.788
2026-09-01 15:19:25,1.839
2026-09-01 15:19:26,1.968
2026-09-01 15:19:27,2.031
2026-09-01 15:19:28,2.071
2026-09-01 15:19:29,2.2
2026-09-01 15:19:30,1.975
2026-09-01 15:19:31,1.801
2026-09-01 15:19:32,2.159
2026-09-01 15:19:33,2.119
2026-09-01 15:19:34,2.284
2026-09-01 15:19:35,2.516
2026-09-01 15:19:36,2.163
2026-09-01 15:19:37,2.392
2026-09-01 15:19:38,2.259
2026-09-01 15:19:39,2.127
2026-09-01 15:19:40,2.103
2026-09-01 15:19:41,1.887
2026-09-01 15:19:42,1.81
2026-09-01 15:19:43,2.137
2026-09-01 15:19:44,1.949
2026-09-01 15:19:45,2.234
2026-09-01 15:19:46,1.774
2026-09-01 15:19:47,2.51
2026-09-01 15:19:48,2.253
2026-09-01 15:19:49,2.126
2026-09-01 15:19:50,2.226
2026-09-01 15:19:51,2.075
2026-09-01 15:19:52,2.465
2026-09-01 15:19:53,2.406
2026-09-01 15:19:54,2.131
2026-09-01 15:19:55,2.244
2026-09-01 15:19:56,2.298
2026-09-01 15:19:57,1.92
2026-09-01 15:19:58,2.532
2026-09-01 15:19:59,1.885
